# WaveFront *.obj file (generated by Autodesk ATF)

mtllib back-R.mtl

g back-R

v 193.500000 34.200000 -7.100000
v 193.534074 34.458819 -7.100000
v 193.633975 34.700000 -7.100000
v 193.792893 34.907107 -7.100000
v 194.000000 35.066025 -7.100000
v 194.241181 35.165926 -7.100000
v 194.500000 35.200000 -7.100000
v 194.758819 35.165926 -7.100000
v 195.000000 35.066025 -7.100000
v 195.207107 34.907107 -7.100000
v 195.366025 34.700000 -7.100000
v 195.465926 34.458819 -7.100000
v 195.500000 34.200000 -7.100000
v 195.465926 33.941181 -7.100000
v 195.366025 33.700000 -7.100000
v 195.207107 33.492893 -7.100000
v 195.000000 33.333975 -7.100000
v 194.758819 33.234074 -7.100000
v 194.500000 33.200000 -7.100000
v 194.241181 33.234074 -7.100000
v 194.000000 33.333975 -7.100000
v 193.792893 33.492893 -7.100000
v 193.633975 33.700000 -7.100000
v 193.534074 33.941181 -7.100000
v 194.500000 38.200000 -7.100000
v 193.542737 38.083767 -7.100000
v 192.641107 37.741824 -7.100000
v 191.847509 37.194043 -7.100000
v 191.208065 36.472259 -7.100000
v 190.759935 35.618420 -7.100000
v 190.529165 34.682147 -7.100000
v 190.529165 33.717853 -7.100000
v 190.759935 32.781580 -7.100000
v 191.208065 31.927741 -7.100000
v 191.847509 31.205957 -7.100000
v 192.641107 30.658176 -7.100000
v 193.542737 30.316233 -7.100000
v 194.500000 30.200000 -7.100000
v 195.457263 30.316233 -7.100000
v 196.358893 30.658176 -7.100000
v 197.152491 31.205957 -7.100000
v 197.791935 31.927741 -7.100000
v 198.240065 32.781580 -7.100000
v 198.470835 33.717853 -7.100000
v 198.470835 34.682147 -7.100000
v 198.240065 35.618420 -7.100000
v 197.791935 36.472259 -7.100000
v 197.152491 37.194043 -7.100000
v 196.358893 37.741824 -7.100000
v 195.457263 38.083767 -7.100000
v 359.200000 26.100000 -7.100000
v 363.200000 26.100000 -7.100000
v 363.200000 30.100000 -7.100000
v 359.200000 30.100000 -7.100000
v 219.500000 -4.000000 -7.100000
v 221.500000 -4.000000 -7.100000
v 221.500000 8.000000 -7.100000
v 219.500000 8.000000 -7.100000
v 324.200000 0.000000 -7.100000
v 324.234074 0.258819 -7.100000
v 324.333975 0.500000 -7.100000
v 324.492893 0.707107 -7.100000
v 324.700000 0.866025 -7.100000
v 324.941181 0.965926 -7.100000
v 325.200000 1.000000 -7.100000
v 325.458819 0.965926 -7.100000
v 325.700000 0.866025 -7.100000
v 325.907107 0.707107 -7.100000
v 326.066025 0.500000 -7.100000
v 326.165926 0.258819 -7.100000
v 326.200000 0.000000 -7.100000
v 326.165926 -0.258819 -7.100000
v 326.066025 -0.500000 -7.100000
v 325.907107 -0.707107 -7.100000
v 325.700000 -0.866025 -7.100000
v 325.458819 -0.965926 -7.100000
v 325.200000 -1.000000 -7.100000
v 324.941181 -0.965926 -7.100000
v 324.700000 -0.866025 -7.100000
v 324.492893 -0.707107 -7.100000
v 324.333975 -0.500000 -7.100000
v 324.234074 -0.258819 -7.100000
v 363.250000 0.200000 -7.100000
v 363.207407 -0.123524 -7.100000
v 363.082532 -0.425000 -7.100000
v 362.883883 -0.683883 -7.100000
v 362.625000 -0.882532 -7.100000
v 362.323524 -1.007407 -7.100000
v 362.000000 -1.050000 -7.100000
v 361.676476 -1.007407 -7.100000
v 361.375000 -0.882532 -7.100000
v 361.116117 -0.683883 -7.100000
v 360.917468 -0.425000 -7.100000
v 360.792593 -0.123524 -7.100000
v 360.750000 0.200000 -7.100000
v 360.792593 0.523524 -7.100000
v 360.917468 0.825000 -7.100000
v 361.116117 1.083883 -7.100000
v 361.375000 1.282532 -7.100000
v 361.676476 1.407407 -7.100000
v 362.000000 1.450000 -7.100000
v 362.323524 1.407407 -7.100000
v 362.625000 1.282532 -7.100000
v 362.883883 1.083883 -7.100000
v 363.082532 0.825000 -7.100000
v 363.207407 0.523524 -7.100000
v 366.200000 -4.000000 -7.100000
v 366.200000 26.100000 -7.100000
v 364.200000 26.100000 -7.100000
v 364.200000 9.100000 -7.100000
v 321.200000 9.100000 -7.100000
v 321.200000 -4.000000 -7.100000
v 182.500000 38.200000 -7.100000
v 346.200000 38.200000 -7.100000
v 346.200000 40.200000 -7.100000
v 182.500000 40.200000 -7.100000
v 353.200000 30.100000 -7.100000
v 349.200000 30.100000 -7.100000
v 349.200000 26.100000 -7.100000
v 353.200000 26.100000 -7.100000
v 219.500000 -4.000000 -29.100000
v 182.500000 -4.000000 -29.100000
v 182.500000 -4.000000 -31.100000
v 221.500000 -4.000000 -31.100000
v 219.500000 14.359070 -29.100000
v 219.500000 29.500000 -18.285050
v 219.500000 29.500000 -29.100000
v 366.200000 -4.000000 -31.100000
v 366.200000 15.000000 -31.100000
v 366.200000 28.099800 -21.743000
v 366.200000 26.100000 -21.743000
v 366.200000 6.000000 -15.600000
v 366.200000 7.143514 -15.720188
v 366.200000 8.237052 -16.075500
v 366.200000 9.232819 -16.650407
v 366.200000 10.087297 -17.419782
v 366.200000 10.763140 -18.350000
v 366.200000 11.230811 -19.400407
v 366.200000 11.469870 -20.525093
v 366.200000 11.469870 -21.674907
v 366.200000 11.230811 -22.799593
v 366.200000 10.763140 -23.850000
v 366.200000 10.087297 -24.780218
v 366.200000 9.232819 -25.549593
v 366.200000 8.237052 -26.124500
v 366.200000 7.143514 -26.479812
v 366.200000 6.000000 -26.600000
v 366.200000 4.856486 -26.479812
v 366.200000 3.762948 -26.124500
v 366.200000 2.767181 -25.549593
v 366.200000 1.912703 -24.780218
v 366.200000 1.236860 -23.850000
v 366.200000 0.769189 -22.799593
v 366.200000 0.530130 -21.674907
v 366.200000 0.530130 -20.525093
v 366.200000 0.769189 -19.400407
v 366.200000 1.236860 -18.350000
v 366.200000 1.912703 -17.419782
v 366.200000 2.767181 -16.650407
v 366.200000 3.762948 -16.075500
v 366.200000 4.856486 -15.720188
v 321.200000 -4.000000 -31.100000
v 217.500000 27.000000 -31.100000
v 217.448889 26.611771 -31.100000
v 217.299038 26.250000 -31.100000
v 217.060660 25.939340 -31.100000
v 216.750000 25.700962 -31.100000
v 216.388229 25.551111 -31.100000
v 216.000000 25.500000 -31.100000
v 215.611771 25.551111 -31.100000
v 215.250000 25.700962 -31.100000
v 214.939340 25.939340 -31.100000
v 214.700962 26.250000 -31.100000
v 214.551111 26.611771 -31.100000
v 214.500000 27.000000 -31.100000
v 214.551111 27.388229 -31.100000
v 214.700962 27.750000 -31.100000
v 214.939340 28.060660 -31.100000
v 215.250000 28.299038 -31.100000
v 215.611771 28.448889 -31.100000
v 216.000000 28.500000 -31.100000
v 216.388229 28.448889 -31.100000
v 216.750000 28.299038 -31.100000
v 217.060660 28.060660 -31.100000
v 217.299038 27.750000 -31.100000
v 217.448889 27.388229 -31.100000
v 217.500000 27.000000 -29.100000
v 217.448889 27.388229 -29.100000
v 217.299038 27.750000 -29.100000
v 217.060660 28.060660 -29.100000
v 216.750000 28.299038 -29.100000
v 216.388229 28.448889 -29.100000
v 216.000000 28.500000 -29.100000
v 215.611771 28.448889 -29.100000
v 215.250000 28.299038 -29.100000
v 214.939340 28.060660 -29.100000
v 214.700962 27.750000 -29.100000
v 214.551111 27.388229 -29.100000
v 214.500000 27.000000 -29.100000
v 214.551111 26.611771 -29.100000
v 214.700962 26.250000 -29.100000
v 214.939340 25.939340 -29.100000
v 215.250000 25.700962 -29.100000
v 215.611771 25.551111 -29.100000
v 216.000000 25.500000 -29.100000
v 216.388229 25.551111 -29.100000
v 216.750000 25.700962 -29.100000
v 217.060660 25.939340 -29.100000
v 217.299038 26.250000 -29.100000
v 217.448889 26.611771 -29.100000
v 221.500000 31.000000 -19.671429
v 221.500000 15.000000 -31.100000
v 221.500000 31.000000 -31.100000
v 364.200000 14.359070 -29.100000
v 364.200000 26.100000 -20.713621
v 363.200000 26.100000 -20.713621
v 359.200000 26.100000 -20.713621
v 359.200000 30.100000 -17.856478
v 353.200000 30.100000 -17.856478
v 353.200000 26.100000 -20.713621
v 349.200000 26.100000 -20.713621
v 349.200000 30.100000 -17.856478
v 346.200000 30.100000 -17.856478
v 346.200000 38.200000 -12.070764
v 194.500000 38.200000 -12.070764
v 195.280361 38.123141 -12.125663
v 196.030734 37.895518 -12.288251
v 196.722281 37.525878 -12.552280
v 197.328427 37.028427 -12.907602
v 197.825878 36.422281 -13.340564
v 198.195518 35.730734 -13.834526
v 198.423141 34.980361 -14.370506
v 198.500000 34.200000 -14.927907
v 198.423141 33.419639 -15.485308
v 198.195518 32.669266 -16.021288
v 197.825878 31.977719 -16.515251
v 197.328427 31.371573 -16.948212
v 196.722281 30.874122 -17.303535
v 196.030734 30.504482 -17.567563
v 195.280361 30.276859 -17.730151
v 194.500000 30.200000 -17.785050
v 193.719639 30.276859 -17.730151
v 192.969266 30.504482 -17.567563
v 192.277719 30.874122 -17.303535
v 191.671573 31.371573 -16.948212
v 191.174122 31.977719 -16.515251
v 190.804482 32.669266 -16.021288
v 190.576859 33.419639 -15.485308
v 190.500000 34.200000 -14.927907
v 190.576859 34.980361 -14.370506
v 190.804482 35.730734 -13.834526
v 191.174122 36.422281 -13.340564
v 191.671573 37.028427 -12.907602
v 192.277719 37.525878 -12.552280
v 192.969266 37.895518 -12.288251
v 193.719639 38.123141 -12.125663
v 182.500000 38.200000 -12.070764
v 182.500000 29.759070 -18.100000
v 219.500000 29.759070 -18.100000
v 219.500000 29.500000 -18.100000
v 182.500000 29.500000 -18.100000
v 182.500000 29.500000 -29.100000
v 219.500000 8.000000 -29.100000
v 221.500000 8.000000 -29.100000
v 221.500000 6.000000 -29.100000
v 321.200000 6.000000 -29.100000
v 321.200000 -2.000000 -29.100000
v 364.200000 -2.000000 -29.100000
v 182.500000 40.200000 -13.100000
v 182.500000 31.000000 -19.671429
v 182.500000 31.000000 -31.100000
v 346.200000 40.200000 -13.100000
v 346.200000 30.100000 -20.314286
v 363.200000 30.100000 -20.314286
v 363.200000 28.099800 -21.743000
v 194.500000 33.200000 -18.100000
v 194.695090 33.219215 -18.086275
v 194.882683 33.276120 -18.045628
v 195.055570 33.368530 -17.979621
v 195.207107 33.492893 -17.890791
v 195.331470 33.644430 -17.782550
v 195.423880 33.817317 -17.659060
v 195.480785 34.004910 -17.525065
v 195.500000 34.200000 -17.385714
v 195.480785 34.395090 -17.246364
v 195.423880 34.582683 -17.112369
v 195.331470 34.755570 -16.988878
v 195.207107 34.907107 -16.880638
v 195.055570 35.031470 -16.791807
v 194.882683 35.123880 -16.725800
v 194.695090 35.180785 -16.685153
v 194.500000 35.200000 -16.671429
v 194.304910 35.180785 -16.685153
v 194.117317 35.123880 -16.725800
v 193.944430 35.031470 -16.791807
v 193.792893 34.907107 -16.880638
v 193.668530 34.755570 -16.988878
v 193.576120 34.582683 -17.112369
v 193.519215 34.395090 -17.246364
v 193.500000 34.200000 -17.385714
v 193.519215 34.004910 -17.525065
v 193.576120 33.817317 -17.659060
v 193.668530 33.644430 -17.782550
v 193.792893 33.492893 -17.890791
v 193.944430 33.368530 -17.979621
v 194.117317 33.276120 -18.045628
v 194.304910 33.219215 -18.086275
v 321.200000 6.000000 -31.100000
v 221.500000 6.000000 -31.100000
v 363.250000 0.200000 -12.100000
v 363.207407 0.523524 -12.100000
v 363.082532 0.825000 -12.100000
v 362.883883 1.083883 -12.100000
v 362.625000 1.282532 -12.100000
v 362.323524 1.407407 -12.100000
v 362.000000 1.450000 -12.100000
v 361.676476 1.407407 -12.100000
v 361.375000 1.282532 -12.100000
v 361.116117 1.083883 -12.100000
v 360.917468 0.825000 -12.100000
v 360.792593 0.523524 -12.100000
v 360.750000 0.200000 -12.100000
v 360.792593 -0.123524 -12.100000
v 360.917468 -0.425000 -12.100000
v 361.116117 -0.683883 -12.100000
v 361.375000 -0.882532 -12.100000
v 361.676476 -1.007407 -12.100000
v 362.000000 -1.050000 -12.100000
v 362.323524 -1.007407 -12.100000
v 362.625000 -0.882532 -12.100000
v 362.883883 -0.683883 -12.100000
v 363.082532 -0.425000 -12.100000
v 363.207407 -0.123524 -12.100000
v 329.200000 -0.000000 -12.100000
v 329.083767 0.957263 -12.100000
v 328.741824 1.858893 -12.100000
v 328.194043 2.652491 -12.100000
v 327.472259 3.291935 -12.100000
v 326.618420 3.740065 -12.100000
v 325.682147 3.970835 -12.100000
v 324.717853 3.970836 -12.100000
v 323.781580 3.740065 -12.100000
v 322.927741 3.291935 -12.100000
v 322.205957 2.652491 -12.100000
v 321.658176 1.858893 -12.100000
v 321.316233 0.957263 -12.100000
v 321.200000 0.000000 -12.100000
v 321.200000 9.100000 -12.100000
v 364.200000 9.100000 -12.100000
v 364.200000 -2.000000 -12.100000
v 329.200000 -2.000000 -12.100000
v 321.200000 0.000000 -18.100000
v 321.200000 -2.000000 -18.100000
v 364.200000 6.000000 -15.600000
v 364.200000 7.143514 -15.720188
v 364.200000 8.237052 -16.075500
v 364.200000 9.232819 -16.650407
v 364.200000 10.087297 -17.419782
v 364.200000 10.763140 -18.350000
v 364.200000 11.230811 -19.400407
v 364.200000 11.469870 -20.525093
v 364.200000 11.469870 -21.674907
v 364.200000 11.230811 -22.799593
v 364.200000 10.763140 -23.850000
v 364.200000 10.087297 -24.780218
v 364.200000 9.232819 -25.549593
v 364.200000 8.237052 -26.124500
v 364.200000 7.143514 -26.479812
v 364.200000 6.000000 -26.600000
v 364.200000 4.856486 -26.479812
v 364.200000 3.762948 -26.124500
v 364.200000 2.767181 -25.549593
v 364.200000 1.912703 -24.780218
v 364.200000 1.236860 -23.850000
v 364.200000 0.769189 -22.799593
v 364.200000 0.530130 -21.674907
v 364.200000 0.530130 -20.525093
v 364.200000 0.769189 -19.400407
v 364.200000 1.236860 -18.350000
v 364.200000 1.912703 -17.419782
v 364.200000 2.767181 -16.650407
v 364.200000 3.762948 -16.075500
v 364.200000 4.856486 -15.720188
v 329.200000 -2.000000 -18.100000
v 321.316233 0.957263 -18.100000
v 321.658176 1.858893 -18.100000
v 322.205957 2.652491 -18.100000
v 322.927741 3.291935 -18.100000
v 323.781580 3.740065 -18.100000
v 324.717853 3.970836 -18.100000
v 325.682147 3.970835 -18.100000
v 326.618420 3.740065 -18.100000
v 327.472259 3.291935 -18.100000
v 328.194043 2.652491 -18.100000
v 328.741824 1.858893 -18.100000
v 329.083767 0.957263 -18.100000
v 329.200000 -0.000000 -18.100000
v 324.200000 0.000000 -18.100000
v 324.234074 -0.258819 -18.100000
v 324.333975 -0.500000 -18.100000
v 324.492893 -0.707107 -18.100000
v 324.700000 -0.866025 -18.100000
v 324.941181 -0.965926 -18.100000
v 325.200000 -1.000000 -18.100000
v 325.458819 -0.965926 -18.100000
v 325.700000 -0.866025 -18.100000
v 325.907107 -0.707107 -18.100000
v 326.066025 -0.500000 -18.100000
v 326.165926 -0.258819 -18.100000
v 326.200000 0.000000 -18.100000
v 326.165926 0.258819 -18.100000
v 326.066025 0.500000 -18.100000
v 325.907107 0.707107 -18.100000
v 325.700000 0.866025 -18.100000
v 325.458819 0.965926 -18.100000
v 325.200000 1.000000 -18.100000
v 324.941181 0.965926 -18.100000
v 324.700000 0.866025 -18.100000
v 324.492893 0.707107 -18.100000
v 324.333975 0.500000 -18.100000
v 324.234074 0.258819 -18.100000
v 363.200000 26.100000 -21.743000
v 324.200000 0.000000 -12.600000
v 324.234074 -0.258819 -12.600000
v 324.333975 -0.500000 -12.600000
v 324.492893 -0.707107 -12.600000
v 324.700000 -0.866025 -12.600000
v 324.941181 -0.965926 -12.600000
v 325.200000 -1.000000 -12.600000
v 325.458819 -0.965926 -12.600000
v 325.700000 -0.866025 -12.600000
v 325.907107 -0.707107 -12.600000
v 326.066025 -0.500000 -12.600000
v 326.165926 -0.258819 -12.600000
v 326.200000 0.000000 -12.600000
v 326.165926 0.258819 -12.600000
v 326.066025 0.500000 -12.600000
v 325.907107 0.707107 -12.600000
v 325.700000 0.866025 -12.600000
v 325.458819 0.965926 -12.600000
v 325.200000 1.000000 -12.600000
v 324.941181 0.965926 -12.600000
v 324.700000 0.866025 -12.600000
v 324.492893 0.707107 -12.600000
v 324.333975 0.500000 -12.600000
v 324.234074 0.258819 -12.600000
v 193.500000 34.200000 -12.600000
v 193.534074 33.941181 -12.600000
v 193.633975 33.700000 -12.600000
v 193.792893 33.492893 -12.600000
v 194.000000 33.333975 -12.600000
v 194.241181 33.234074 -12.600000
v 194.500000 33.200000 -12.600000
v 194.758819 33.234074 -12.600000
v 195.000000 33.333975 -12.600000
v 195.207107 33.492893 -12.600000
v 195.366025 33.700000 -12.600000
v 195.465926 33.941181 -12.600000
v 195.500000 34.200000 -12.600000
v 195.465926 34.458819 -12.600000
v 195.366025 34.700000 -12.600000
v 195.207107 34.907107 -12.600000
v 195.000000 35.066025 -12.600000
v 194.758819 35.165926 -12.600000
v 194.500000 35.200000 -12.600000
v 194.241181 35.165926 -12.600000
v 194.000000 35.066025 -12.600000
v 193.792893 34.907107 -12.600000
v 193.633975 34.700000 -12.600000
v 193.534074 34.458819 -12.600000
vt -8.081593 1.760882 0.000000
vt -8.382084 1.783215 0.000000
vt -8.085000 1.735000 0.000000
vt -8.382084 1.686785 0.000000
vt -8.081593 1.709118 0.000000
vt -8.359006 1.593158 0.000000
vt -8.071603 1.685000 0.000000
vt -8.314194 1.507774 0.000000
vt -8.055711 1.664289 0.000000
vt -8.250249 1.435596 0.000000
vt -8.035000 1.648397 0.000000
vt -8.170889 1.380818 0.000000
vt -8.010882 1.638407 0.000000
vt -8.080726 1.346623 0.000000
vt -7.985000 1.635000 0.000000
vt -7.985000 1.335000 0.000000
vt -7.889274 1.346623 0.000000
vt -8.359006 1.876842 0.000000
vt -8.071603 1.785000 0.000000
vt -8.314194 1.962226 0.000000
vt -8.055711 1.805711 0.000000
vt -8.250249 2.034404 0.000000
vt -8.035000 1.821603 0.000000
vt -8.170889 2.089182 0.000000
vt -8.010882 1.831593 0.000000
vt -8.080726 2.123377 0.000000
vt -7.985000 1.835000 0.000000
vt -7.985000 2.135000 0.000000
vt -7.889274 2.123377 0.000000
vt -7.959118 1.831593 0.000000
vt -7.799111 2.089182 0.000000
vt -7.935000 1.821603 0.000000
vt -7.719751 2.034404 0.000000
vt -7.914289 1.805711 0.000000
vt -7.655806 1.962226 0.000000
vt -7.898397 1.785000 0.000000
vt -7.610994 1.876842 0.000000
vt -7.888407 1.760882 0.000000
vt -7.587916 1.783215 0.000000
vt -7.885000 1.735000 0.000000
vt -7.587916 1.686785 0.000000
vt -7.888407 1.709118 0.000000
vt -7.610994 1.593158 0.000000
vt -7.898397 1.685000 0.000000
vt -7.655806 1.507774 0.000000
vt -7.914289 1.664289 0.000000
vt -7.719751 1.435596 0.000000
vt -7.935000 1.648397 0.000000
vt -7.799111 1.380818 0.000000
vt -7.959118 1.638407 0.000000
vt 8.485000 0.925000 0.000000
vt 8.885000 0.925000 0.000000
vt 8.485000 1.325000 0.000000
vt 8.885000 1.325000 0.000000
vt -5.485000 -2.085000 0.000000
vt -5.285000 -2.085000 0.000000
vt -5.485000 -0.885000 0.000000
vt -5.285000 -0.885000 0.000000
vt 4.988407 -1.710882 0.000000
vt 4.985000 -1.685000 0.000000
vt 4.685000 -2.085000 0.000000
vt 4.988407 -1.659118 0.000000
vt 4.685000 -0.775000 0.000000
vt 4.998397 -1.635000 0.000000
vt 5.014289 -1.614289 0.000000
vt 5.035000 -1.598397 0.000000
vt 5.059118 -1.588407 0.000000
vt 5.085000 -1.585000 0.000000
vt 5.110882 -1.588407 0.000000
vt 5.135000 -1.598397 0.000000
vt 5.155711 -1.614289 0.000000
vt 5.171603 -1.635000 0.000000
vt 8.656747 -1.602500 0.000000
vt 8.676612 -1.576612 0.000000
vt 8.985000 -0.775000 0.000000
vt 8.702500 -1.556747 0.000000
vt 8.732648 -1.544259 0.000000
vt 8.644259 -1.632648 0.000000
vt 5.181593 -1.659118 0.000000
vt 8.640000 -1.665000 0.000000
vt 5.185000 -1.685000 0.000000
vt 8.644259 -1.697352 0.000000
vt 5.181593 -1.710882 0.000000
vt 8.656747 -1.727500 0.000000
vt 5.171603 -1.735000 0.000000
vt 8.676612 -1.753388 0.000000
vt 5.155711 -1.755711 0.000000
vt 8.702500 -1.773253 0.000000
vt 5.135000 -1.771603 0.000000
vt 5.110882 -1.781593 0.000000
vt 5.085000 -1.785000 0.000000
vt 5.059118 -1.781593 0.000000
vt 5.035000 -1.771603 0.000000
vt 5.014289 -1.755711 0.000000
vt 4.998397 -1.735000 0.000000
vt 8.885741 -1.632648 0.000000
vt 8.890000 -1.665000 0.000000
vt 9.185000 -2.085000 0.000000
vt 8.885741 -1.697352 0.000000
vt 8.873253 -1.727500 0.000000
vt 8.853388 -1.753388 0.000000
vt 8.827500 -1.773253 0.000000
vt 8.797352 -1.785741 0.000000
vt 8.765000 -1.790000 0.000000
vt 8.732648 -1.785741 0.000000
vt 8.765000 -1.540000 0.000000
vt 8.797352 -1.544259 0.000000
vt 8.827500 -1.556747 0.000000
vt 8.853388 -1.576612 0.000000
vt 8.873253 -1.602500 0.000000
vt 9.185000 0.925000 0.000000
vt 8.985000 0.925000 0.000000
vt -9.185000 2.135000 0.000000
vt -7.985000 2.135000 0.000000
vt -9.185000 2.335000 0.000000
vt 7.185000 2.335000 0.000000
vt 7.185000 2.135000 0.000000
vt 7.885000 1.325000 0.000000
vt 7.485000 1.325000 0.000000
vt 7.885000 0.925000 0.000000
vt 7.485000 0.925000 0.000000
vt -0.710000 14.550000 0.000000
vt -2.910000 14.550000 0.000000
vt -0.710000 14.350000 0.000000
vt -3.110000 14.350000 0.000000
vt -3.110000 18.250000 0.000000
vt -2.910000 18.250000 0.000000
vt 0.000000 0.000000 0.000000
vt 1.081495 1.514093 0.000000
vt 0.000000 1.514093 0.000000
vt 0.510000 -1.800000 0.000000
vt 1.372019 -0.685649 0.000000
vt 0.510000 1.210000 0.000000
vt 1.407550 -0.576295 0.000000
vt 1.465041 -0.476718 0.000000
vt 2.910000 -1.800000 0.000000
vt 1.852509 -1.346987 0.000000
vt 1.740041 -1.323081 0.000000
vt 1.635000 -1.276314 0.000000
vt 2.910000 0.100000 0.000000
vt 2.460000 -0.800000 0.000000
vt 2.447981 -0.914351 0.000000
vt 2.412450 -1.023705 0.000000
vt 1.974300 1.409980 0.000000
vt 1.974300 1.210000 0.000000
vt 2.185000 -0.323686 0.000000
vt 2.278022 -0.391270 0.000000
vt 1.635000 -0.323686 0.000000
vt 1.740041 -0.276919 0.000000
vt 1.852509 -0.253013 0.000000
vt 1.372019 -0.914351 0.000000
vt 1.360000 -0.800000 0.000000
vt 1.541978 -0.391270 0.000000
vt 1.967491 -0.253013 0.000000
vt 2.079959 -0.276919 0.000000
vt 2.354959 -0.476718 0.000000
vt 2.412450 -0.576295 0.000000
vt 2.447981 -0.685649 0.000000
vt 2.354959 -1.123282 0.000000
vt 2.278022 -1.208730 0.000000
vt 2.185000 -1.276314 0.000000
vt 2.079959 -1.323081 0.000000
vt 1.967491 -1.346987 0.000000
vt 1.541978 -1.208730 0.000000
vt 1.465041 -1.123282 0.000000
vt 1.407550 -1.023705 0.000000
vt -0.710000 4.380000 0.000000
vt -3.110000 4.380000 0.000000
vt -0.710000 -0.120000 0.000000
vt -3.110000 -0.120000 0.000000
vt -0.200000 0.431969 0.000000
vt 0.000000 0.431969 0.000000
vt -0.200000 0.471239 0.000000
vt 0.000000 0.471239 0.000000
vt -0.200000 -0.471239 0.000000
vt 0.000000 -0.471239 0.000000
vt -0.200000 -0.431969 0.000000
vt 0.000000 -0.431969 0.000000
vt -0.200000 -0.392699 0.000000
vt 0.000000 -0.392699 0.000000
vt -0.200000 -0.353429 0.000000
vt 0.000000 -0.353429 0.000000
vt -0.200000 -0.314159 0.000000
vt 0.000000 -0.314159 0.000000
vt -0.200000 -0.274889 0.000000
vt 0.000000 -0.274889 0.000000
vt -0.200000 -0.235619 0.000000
vt 0.000000 -0.235619 0.000000
vt -0.200000 -0.196350 0.000000
vt 0.000000 -0.196350 0.000000
vt -0.200000 -0.157080 0.000000
vt 0.000000 -0.157080 0.000000
vt -0.200000 -0.117810 0.000000
vt 0.000000 -0.117810 0.000000
vt -0.200000 -0.078540 0.000000
vt 0.000000 -0.078540 0.000000
vt -0.200000 -0.039270 0.000000
vt 0.000000 -0.039270 0.000000
vt -0.200000 0.000000 0.000000
vt 0.000000 0.000000 0.000000
vt -0.200000 0.039270 0.000000
vt 0.000000 0.039270 0.000000
vt -0.200000 0.078540 0.000000
vt 0.000000 0.078540 0.000000
vt -0.200000 0.117810 0.000000
vt 0.000000 0.117810 0.000000
vt -0.200000 0.157080 0.000000
vt 0.000000 0.157080 0.000000
vt -0.200000 0.196350 0.000000
vt 0.000000 0.196350 0.000000
vt -0.200000 0.235619 0.000000
vt 0.000000 0.235619 0.000000
vt -0.200000 0.274889 0.000000
vt 0.000000 0.274889 0.000000
vt -0.200000 0.314159 0.000000
vt 0.000000 0.314159 0.000000
vt -0.200000 0.353429 0.000000
vt 0.000000 0.353429 0.000000
vt -0.200000 0.392699 0.000000
vt 0.000000 0.392699 0.000000
vt -0.942857 1.664093 0.000000
vt 0.200000 0.064093 0.000000
vt 0.200000 1.664093 0.000000
vt -14.670000 1.924767 0.000000
vt -14.670000 0.064093 0.000000
vt -1.700000 1.506940 0.000000
vt -0.200000 0.064093 0.000000
vt -1.300000 1.506940 0.000000
vt -0.700000 1.506940 0.000000
vt -1.300000 1.998502 0.000000
vt -0.700000 1.998502 0.000000
vt -0.200000 1.506940 0.000000
vt -0.300000 1.506940 0.000000
vt -1.700000 1.998502 0.000000
vt -2.000000 1.998502 0.000000
vt -14.670000 1.956605 0.000000
vt -2.000000 2.993914 0.000000
vt -16.800448 2.690464 0.000000
vt -16.837412 2.775449 0.000000
vt -16.887157 2.849939 0.000000
vt -16.947772 2.911070 0.000000
vt -17.016927 2.956496 0.000000
vt -17.091964 2.984468 0.000000
vt -17.170000 2.993914 0.000000
vt -16.777686 2.598251 0.000000
vt -16.770000 2.502352 0.000000
vt -16.777686 2.406453 0.000000
vt -16.800448 2.314240 0.000000
vt -16.837412 2.229255 0.000000
vt -16.887157 2.154766 0.000000
vt -16.947772 2.093634 0.000000
vt -17.016927 2.048209 0.000000
vt -17.091964 2.020236 0.000000
vt -17.170000 2.010791 0.000000
vt -18.370000 1.956605 0.000000
vt -17.248036 2.020236 0.000000
vt -17.323073 2.048209 0.000000
vt -17.392228 2.093634 0.000000
vt -17.452843 2.154766 0.000000
vt -17.502588 2.229255 0.000000
vt -17.539552 2.314240 0.000000
vt -17.562314 2.406453 0.000000
vt -17.570000 2.502352 0.000000
vt -18.370000 2.993914 0.000000
vt -17.562314 2.598251 0.000000
vt -17.539552 2.690464 0.000000
vt -17.502588 2.775449 0.000000
vt -17.452843 2.849939 0.000000
vt -17.392228 2.911070 0.000000
vt -17.323073 2.956496 0.000000
vt -17.248036 2.984468 0.000000
vt -0.150000 1.100000 0.000000
vt -0.150000 1.081495 0.000000
vt -0.124093 1.100000 0.000000
vt -1.850000 0.682047 0.000000
vt 1.850000 0.682047 0.000000
vt -1.850000 0.707953 0.000000
vt 1.850000 0.707953 0.000000
vt 0.150000 0.000000 0.000000
vt 0.150000 1.081495 0.000000
vt -3.550000 0.000000 0.000000
vt -3.550000 1.100000 0.000000
vt 0.150000 1.100000 0.000000
vt -12.975111 2.288823 0.000000
vt -12.970000 2.250000 0.000000
vt -12.770000 2.500000 0.000000
vt -12.975111 2.211177 0.000000
vt -12.990096 2.175000 0.000000
vt -12.770000 0.985907 0.000000
vt -13.013934 2.143934 0.000000
vt -13.045000 2.120096 0.000000
vt -13.081177 2.105111 0.000000
vt -13.120000 2.100000 0.000000
vt -13.158823 2.105111 0.000000
vt -16.470000 2.500000 0.000000
vt -13.195000 2.120096 0.000000
vt -13.226066 2.143934 0.000000
vt -13.249904 2.175000 0.000000
vt -13.264889 2.211177 0.000000
vt -13.270000 2.250000 0.000000
vt -13.264889 2.288823 0.000000
vt -13.249904 2.325000 0.000000
vt -13.226066 2.356066 0.000000
vt -13.195000 2.379904 0.000000
vt -13.158823 2.394889 0.000000
vt -13.120000 2.400000 0.000000
vt -13.081177 2.394889 0.000000
vt -13.045000 2.379904 0.000000
vt -13.013934 2.356066 0.000000
vt -12.990096 2.325000 0.000000
vt -16.470000 -0.850000 0.000000
vt -12.770000 0.350000 0.000000
vt -12.570000 0.350000 0.000000
vt -12.770000 -0.850000 0.000000
vt -12.570000 0.150000 0.000000
vt -2.600000 0.150000 0.000000
vt -2.600000 -0.650000 0.000000
vt 1.700000 -0.650000 0.000000
vt 1.700000 0.985907 0.000000
vt 2.200000 4.220000 0.000000
vt 2.200000 4.420000 0.000000
vt 1.702924 4.220000 0.000000
vt 1.600000 4.420000 0.000000
vt 1.100000 3.375907 0.000000
vt 0.942857 3.500000 0.000000
vt 1.100000 3.350000 0.000000
vt -0.000000 3.350000 0.000000
vt -0.200000 3.500000 0.000000
vt -0.200000 0.000000 0.000000
vt -0.000000 0.000000 0.000000
vt 0.100000 1.850000 0.000000
vt -1.042857 1.850000 0.000000
vt 0.100000 -2.050000 0.000000
vt -1.042857 -2.050000 0.000000
vt -0.000000 -2.000000 0.000000
vt 1.200000 -2.000000 0.000000
vt -0.000000 0.200000 0.000000
vt 1.200000 0.200000 0.000000
vt 0.000000 -0.000000 0.000000
vt 14.470000 0.000000 0.000000
vt 2.000000 1.855644 0.000000
vt 14.470000 1.966246 0.000000
vt 2.000000 3.096837 0.000000
vt 17.150491 2.480024 0.000000
vt 18.370000 3.096837 0.000000
vt 17.170000 2.482385 0.000000
vt 17.189509 2.480024 0.000000
vt 18.370000 1.966246 0.000000
vt 17.170000 2.236605 0.000000
vt 17.150491 2.238966 0.000000
vt 17.131732 2.245959 0.000000
vt 17.253147 2.427769 0.000000
vt 17.262388 2.406523 0.000000
vt 17.268079 2.383470 0.000000
vt 0.300000 1.855644 0.000000
vt 0.300000 1.609839 0.000000
vt 0.000000 1.609839 0.000000
vt 17.114443 2.257315 0.000000
vt 17.099289 2.272598 0.000000
vt 17.086853 2.291221 0.000000
vt 17.077612 2.312467 0.000000
vt 17.071921 2.335520 0.000000
vt 17.070000 2.359495 0.000000
vt 17.071921 2.383470 0.000000
vt 17.077612 2.406523 0.000000
vt 17.086853 2.427769 0.000000
vt 17.099289 2.446392 0.000000
vt 17.114443 2.461675 0.000000
vt 17.131732 2.473031 0.000000
vt 17.208268 2.473031 0.000000
vt 17.225557 2.461675 0.000000
vt 17.240711 2.446392 0.000000
vt 17.270000 2.359495 0.000000
vt 17.268079 2.335520 0.000000
vt 17.262388 2.312467 0.000000
vt 17.253147 2.291221 0.000000
vt 17.240711 2.272598 0.000000
vt 17.225557 2.257315 0.000000
vt 17.208268 2.245959 0.000000
vt 17.189509 2.238966 0.000000
vt 12.975111 2.211177 0.000000
vt 12.970000 2.250000 0.000000
vt 12.570000 2.650000 0.000000
vt 12.975111 2.288823 0.000000
vt 12.990096 2.325000 0.000000
vt 13.013934 2.356066 0.000000
vt 13.045000 2.379904 0.000000
vt 13.081177 2.394889 0.000000
vt 13.120000 2.400000 0.000000
vt 13.158823 2.394889 0.000000
vt 16.470000 2.650000 0.000000
vt 13.195000 2.379904 0.000000
vt 13.226066 2.356066 0.000000
vt 13.249904 2.325000 0.000000
vt 13.264889 2.288823 0.000000
vt 13.270000 2.250000 0.000000
vt 13.264889 2.211177 0.000000
vt 13.249904 2.175000 0.000000
vt 13.226066 2.143934 0.000000
vt 13.195000 2.120096 0.000000
vt 13.158823 2.105111 0.000000
vt 12.570000 1.050000 0.000000
vt 13.120000 2.100000 0.000000
vt 13.081177 2.105111 0.000000
vt 13.045000 2.120096 0.000000
vt 13.013934 2.143934 0.000000
vt 12.990096 2.175000 0.000000
vt 12.570000 -0.850000 0.000000
vt 16.470000 -0.850000 0.000000
vt 12.570000 0.150000 0.000000
vt 2.600000 0.150000 0.000000
vt -1.900000 1.050000 0.000000
vt -1.900000 -0.850000 0.000000
vt 2.600000 -0.850000 0.000000
vt 1.200000 -0.000000 0.000000
vt -0.000000 0.000000 0.000000
vt 1.000000 -2.200000 0.000000
vt 0.000000 -2.400000 0.000000
vt 1.000000 -2.400000 0.000000
vt 1.200000 -2.200000 0.000000
vt -3.500741 0.187648 0.000000
vt -3.505000 0.220000 0.000000
vt -3.600000 0.000000 0.000000
vt -3.500741 0.252352 0.000000
vt -3.600000 1.110000 0.000000
vt -3.488253 0.282500 0.000000
vt -3.468388 0.308388 0.000000
vt -3.442500 0.328253 0.000000
vt -3.412352 0.340741 0.000000
vt -3.380000 0.345000 0.000000
vt -3.347648 0.340741 0.000000
vt 0.072774 0.529194 0.000000
vt 0.158158 0.574006 0.000000
vt 0.000596 0.465249 0.000000
vt -3.317500 0.328253 0.000000
vt -0.054182 0.385889 0.000000
vt -3.291612 0.308388 0.000000
vt -0.088377 0.295726 0.000000
vt -3.271747 0.282500 0.000000
vt -3.259259 0.252352 0.000000
vt -0.100000 0.200000 0.000000
vt -3.255000 0.220000 0.000000
vt -3.259259 0.187648 0.000000
vt -3.271747 0.157500 0.000000
vt -0.100000 0.000000 0.000000
vt -3.291612 0.131612 0.000000
vt -3.317500 0.111747 0.000000
vt -3.347648 0.099259 0.000000
vt -3.380000 0.095000 0.000000
vt -3.412352 0.099259 0.000000
vt -3.442500 0.111747 0.000000
vt -3.468388 0.131612 0.000000
vt -3.488253 0.157500 0.000000
vt 0.700000 1.110000 0.000000
vt 0.251785 0.597084 0.000000
vt 0.348215 0.597084 0.000000
vt 0.441842 0.574006 0.000000
vt 0.527226 0.529194 0.000000
vt 0.599404 0.465249 0.000000
vt 0.654182 0.385889 0.000000
vt 0.688377 0.295726 0.000000
vt 0.700000 0.200000 0.000000
vt 0.300000 -1.300000 0.000000
vt 0.300000 -1.500000 0.000000
vt 0.900000 -1.300000 0.000000
vt 1.400000 -1.700000 0.000000
vt 1.400000 -0.390000 0.000000
vt -1.000000 -1.700000 0.000000
vt -0.800000 -1.500000 0.000000
vt -1.000000 -0.700000 0.000000
vt -0.800000 -0.700000 0.000000
vt 0.900000 -0.390000 0.000000
vt -0.200000 1.612684 0.000000
vt 0.000000 1.612684 0.000000
vt -0.200000 1.727876 0.000000
vt 0.000000 1.727876 0.000000
vt -0.200000 -1.727876 0.000000
vt 0.000000 -1.727876 0.000000
vt -0.200000 -1.612684 0.000000
vt -0.000000 -1.612684 0.000000
vt -0.200000 -1.497492 0.000000
vt -0.000000 -1.497492 0.000000
vt -0.200000 -1.382301 0.000000
vt -0.000000 -1.382301 0.000000
vt -0.200000 -1.267109 0.000000
vt 0.000000 -1.267109 0.000000
vt -0.200000 -1.151917 0.000000
vt 0.000000 -1.151917 0.000000
vt -0.200000 -1.036726 0.000000
vt -0.000000 -1.036726 0.000000
vt -0.200000 -0.921534 0.000000
vt 0.000000 -0.921534 0.000000
vt -0.200000 -0.806342 0.000000
vt 0.000000 -0.806342 0.000000
vt -0.200000 -0.691150 0.000000
vt 0.000000 -0.691150 0.000000
vt -0.200000 -0.575959 0.000000
vt 0.000000 -0.575959 0.000000
vt -0.200000 -0.460767 0.000000
vt 0.000000 -0.460767 0.000000
vt -0.200000 -0.345575 0.000000
vt 0.000000 -0.345575 0.000000
vt -0.200000 -0.230383 0.000000
vt 0.000000 -0.230383 0.000000
vt -0.200000 -0.115192 0.000000
vt 0.000000 -0.115192 0.000000
vt -0.200000 0.000000 0.000000
vt 0.000000 0.000000 0.000000
vt -0.200000 0.115192 0.000000
vt 0.000000 0.115192 0.000000
vt -0.200000 0.230383 0.000000
vt 0.000000 0.230383 0.000000
vt -0.200000 0.345575 0.000000
vt 0.000000 0.345575 0.000000
vt -0.200000 0.460767 0.000000
vt 0.000000 0.460767 0.000000
vt -0.200000 0.575959 0.000000
vt 0.000000 0.575959 0.000000
vt -0.200000 0.691150 0.000000
vt 0.000000 0.691150 0.000000
vt -0.200000 0.806342 0.000000
vt 0.000000 0.806342 0.000000
vt -0.200000 0.921534 0.000000
vt 0.000000 0.921534 0.000000
vt -0.200000 1.036726 0.000000
vt 0.000000 1.036726 0.000000
vt -0.200000 1.151917 0.000000
vt 0.000000 1.151917 0.000000
vt -0.200000 1.267109 0.000000
vt 0.000000 1.267109 0.000000
vt -0.200000 1.382301 0.000000
vt 0.000000 1.382301 0.000000
vt -0.200000 1.497492 0.000000
vt 0.000000 1.497492 0.000000
vt 0.400000 -0.200000 0.000000
vt -0.000000 -0.100000 0.000000
vt -0.400000 -0.200000 0.000000
vt -0.025882 -0.096593 0.000000
vt -0.050000 -0.086603 0.000000
vt 0.400000 0.000000 0.000000
vt 0.086603 -0.050000 0.000000
vt 0.070711 -0.070711 0.000000
vt 0.050000 -0.086603 0.000000
vt 0.388377 0.095726 0.000000
vt 0.096593 0.025882 0.000000
vt 0.100000 0.000000 0.000000
vt 0.096593 -0.025882 0.000000
vt 0.086603 0.050000 0.000000
vt 0.354182 0.185889 0.000000
vt 0.070711 0.070711 0.000000
vt 0.050000 0.086603 0.000000
vt 0.299404 0.265249 0.000000
vt 0.227226 0.329194 0.000000
vt 0.025882 0.096593 0.000000
vt 0.141842 0.374006 0.000000
vt -0.000000 0.100000 0.000000
vt 0.048215 0.397084 0.000000
vt -0.048215 0.397084 0.000000
vt -0.141842 0.374006 0.000000
vt -0.025882 0.096593 0.000000
vt -0.227226 0.329194 0.000000
vt -0.050000 0.086603 0.000000
vt -0.299404 0.265249 0.000000
vt -0.354182 0.185889 0.000000
vt -0.388377 0.095726 0.000000
vt -0.086603 0.050000 0.000000
vt -0.070711 0.070711 0.000000
vt -0.096593 0.025882 0.000000
vt -0.400000 -0.000000 0.000000
vt -0.100000 0.000000 0.000000
vt -0.096593 -0.025882 0.000000
vt -0.086603 -0.050000 0.000000
vt -0.070711 -0.070711 0.000000
vt 0.025882 -0.096593 0.000000
vt 1.100000 -1.256637 0.000000
vt 0.500000 -1.256637 0.000000
vt 1.100000 -1.353301 0.000000
vt 0.500000 -1.353301 0.000000
vt 1.100000 -1.449966 0.000000
vt 0.500000 -1.449966 0.000000
vt 1.100000 -1.546630 0.000000
vt 0.500000 -1.546630 0.000000
vt 1.100000 -1.643295 0.000000
vt 0.500000 -1.643295 0.000000
vt 1.100000 -1.739959 0.000000
vt 0.500000 -1.739959 0.000000
vt 1.100000 -1.836623 0.000000
vt 0.500000 -1.836623 0.000000
vt 1.100000 -1.933288 0.000000
vt 0.500000 -1.933288 0.000000
vt 1.100000 -2.029952 0.000000
vt 0.500000 -2.029952 0.000000
vt 1.100000 -2.126617 0.000000
vt 0.500000 -2.126617 0.000000
vt 1.100000 -2.223281 0.000000
vt 0.500000 -2.223281 0.000000
vt 1.100000 -2.319945 0.000000
vt 0.500000 -2.319945 0.000000
vt 1.100000 -2.416610 0.000000
vt 0.500000 -2.416610 0.000000
vt 1.100000 -2.513274 0.000000
vt 0.500000 -2.513274 0.000000
vt -0.400000 0.500000 0.000000
vt -0.200000 0.500000 0.000000
vt -0.400000 1.100000 0.000000
vt -0.200000 1.100000 0.000000
vt 0.497076 0.628319 0.000000
vt 0.000000 0.628319 0.000000
vt 0.502566 0.549779 0.000000
vt -0.000000 0.531654 0.000000
vt 0.518825 0.471239 0.000000
vt -0.000000 0.434990 0.000000
vt 0.545228 0.392699 0.000000
vt -0.000000 0.338325 0.000000
vt 0.580760 0.314159 0.000000
vt -0.000000 0.241661 0.000000
vt 0.624056 0.235619 0.000000
vt -0.000000 0.144997 0.000000
vt 0.673453 0.157080 0.000000
vt 0.727051 0.078540 0.000000
vt -0.000000 0.048332 0.000000
vt 0.782791 0.000000 0.000000
vt -0.000000 -0.048332 0.000000
vt 0.838531 -0.078540 0.000000
vt -0.000000 -0.144997 0.000000
vt 0.892129 -0.157080 0.000000
vt -0.000000 -0.241661 0.000000
vt 0.941525 -0.235619 0.000000
vt 0.984821 -0.314159 0.000000
vt -0.000000 -0.338325 0.000000
vt 1.020353 -0.392699 0.000000
vt -0.000000 -0.434990 0.000000
vt 1.046756 -0.471239 0.000000
vt -0.000000 -0.531654 0.000000
vt 1.063015 -0.549779 0.000000
vt -0.000000 -0.628319 0.000000
vt 1.068505 -0.628319 0.000000
vt 1.063015 -0.706858 0.000000
vt -0.000000 -0.724983 0.000000
vt 1.046756 -0.785398 0.000000
vt -0.000000 -0.821647 0.000000
vt 1.020353 -0.863938 0.000000
vt -0.000000 -0.918312 0.000000
vt 0.984821 -0.942478 0.000000
vt -0.000000 -1.014976 0.000000
vt 0.941525 -1.021018 0.000000
vt 0.892129 -1.099557 0.000000
vt -0.000000 -1.111640 0.000000
vt 0.838531 -1.178097 0.000000
vt -0.000000 -1.208305 0.000000
vt 0.782791 -1.256637 0.000000
vt 0.782791 1.256637 0.000000
vt -0.000000 1.304969 0.000000
vt -0.000000 1.208305 0.000000
vt 0.727051 1.178097 0.000000
vt -0.000000 1.111640 0.000000
vt 0.673453 1.099557 0.000000
vt -0.000000 1.014976 0.000000
vt 0.624056 1.021018 0.000000
vt 0.580760 0.942478 0.000000
vt -0.000000 0.918312 0.000000
vt 0.545228 0.863938 0.000000
vt -0.000000 0.821647 0.000000
vt 0.518825 0.785398 0.000000
vt -0.000000 0.724983 0.000000
vt 0.502566 0.706858 0.000000
vt -9.715760 -0.197076 0.000000
vt 5.454240 -0.197076 0.000000
vt -9.715760 0.300000 0.000000
vt 5.454240 0.300000 0.000000
vt 1.000000 1.075648 0.000000
vt 1.000000 1.321429 0.000000
vt 0.190000 0.497076 0.000000
vt -0.010000 0.600000 0.000000
vt -0.010000 -0.000000 0.000000
vt 0.190000 0.000000 0.000000
vt 0.100000 0.000000 0.000000
vt 0.300000 0.000000 0.000000
vt 0.100000 1.361362 0.000000
vt 0.300000 1.464300 0.000000
vt 0.000000 1.464300 0.000000
vt 0.000000 1.361362 0.000000
vt 1.000000 -0.500020 0.000000
vt 0.700000 -0.500020 0.000000
vt 1.000000 -0.700000 0.000000
vt 0.700000 -0.700000 0.000000
vt -9.715760 0.300000 0.000000
vt -10.915760 0.300000 0.000000
vt -9.715760 -0.197076 0.000000
vt -10.915760 -0.197076 0.000000
vt -1.568241 -4.685000 0.000000
vt -1.368241 -4.685000 0.000000
vt -1.568241 5.285000 0.000000
vt -1.368241 5.285000 0.000000
vt 18.070000 0.000000 0.000000
vt 17.670000 0.000000 0.000000
vt 18.070000 -1.361362 0.000000
vt 17.670000 -1.361362 0.000000
vt -0.400000 1.321429 0.000000
vt -0.400000 0.000000 0.000000
vt -0.199980 1.464300 0.000000
vt -0.000000 0.000000 0.000000
vt -0.000000 1.361362 0.000000
vt -0.000000 1.464300 0.000000
vt 18.170000 0.810000 0.000000
vt 13.870000 0.810000 0.000000
vt 18.170000 0.310000 0.000000
vt 13.870000 0.310000 0.000000
vt 17.070000 0.000000 0.000000
vt 16.670000 0.000000 0.000000
vt 17.070000 -1.361362 0.000000
vt 16.670000 -1.361362 0.000000
vt -0.400000 0.000000 0.000000
vt -0.000000 0.000000 0.000000
vt -0.400000 1.075648 0.000000
vt -0.000000 1.321429 0.000000
vt -1.000000 1.075648 0.000000
vt -1.700000 1.321429 0.000000
vt -1.400000 1.075648 0.000000
vt -1.700000 1.075648 0.000000
vt -1.400000 0.000000 0.000000
vt -1.000000 0.000000 0.000000
vt -0.000000 -0.000000 0.000000
vt -0.000000 1.075648 0.000000
vt -0.400000 0.000000 0.000000
vt -0.400000 1.361362 0.000000
vt -0.000000 -0.000000 0.000000
vt -0.000000 1.075648 0.000000
vt -0.400000 0.000000 0.000000
vt -0.400000 1.361362 0.000000
vt -0.400000 -0.000000 0.000000
vt -0.000000 -0.000000 0.000000
vt -0.400000 1.075648 0.000000
vt -0.000000 1.361362 0.000000
vt -3.500000 0.500000 0.000000
vt -0.000000 0.500000 0.000000
vt -3.500000 1.100000 0.000000
vt 0.000000 2.200000 0.000000
vt -4.300000 2.200000 0.000000
vt -4.300000 1.100000 0.000000
vt -0.585649 0.862019 0.000000
vt -0.700000 0.850000 0.000000
vt -0.390000 0.500000 0.000000
vt -0.814351 0.862019 0.000000
vt -1.500000 0.500000 0.000000
vt -0.923705 0.897550 0.000000
vt -1.023282 0.955041 0.000000
vt -1.108730 1.031978 0.000000
vt -1.176314 1.125000 0.000000
vt -1.223081 1.230041 0.000000
vt -1.246987 1.342509 0.000000
vt -1.500000 2.200000 0.000000
vt -1.246987 1.457491 0.000000
vt -1.223081 1.569959 0.000000
vt -1.176314 1.675000 0.000000
vt -1.108730 1.768022 0.000000
vt -1.023282 1.844959 0.000000
vt -0.923705 1.902450 0.000000
vt -0.814351 1.937981 0.000000
vt -0.700000 1.950000 0.000000
vt 0.135907 2.200000 0.000000
vt -0.585649 1.937981 0.000000
vt -0.476295 1.902450 0.000000
vt -0.376718 1.844959 0.000000
vt -0.291270 1.768022 0.000000
vt -0.223686 1.675000 0.000000
vt -0.176919 1.569959 0.000000
vt 1.310000 1.361362 0.000000
vt -0.153013 1.457491 0.000000
vt -0.153013 1.342509 0.000000
vt -0.176919 1.230041 0.000000
vt -0.223686 1.125000 0.000000
vt 1.310000 -0.000000 0.000000
vt -0.291270 1.031978 0.000000
vt -0.376718 0.955041 0.000000
vt -0.476295 0.897550 0.000000
vt -0.390000 0.000000 0.000000
vt -3.900000 -2.000000 0.000000
vt -3.700000 -2.000000 0.000000
vt -3.900000 0.200000 0.000000
vt -3.700000 0.200000 0.000000
vt -0.310000 -0.359974 0.000000
vt -0.810000 -0.359974 0.000000
vt -0.310000 -0.392699 0.000000
vt -0.810000 -0.392699 0.000000
vt -0.310000 0.392699 0.000000
vt -0.810000 0.392699 0.000000
vt -0.310000 0.359974 0.000000
vt -0.810000 0.359974 0.000000
vt -0.310000 0.327249 0.000000
vt -0.810000 0.327249 0.000000
vt -0.310000 0.294524 0.000000
vt -0.810000 0.294524 0.000000
vt -0.310000 0.261799 0.000000
vt -0.810000 0.261799 0.000000
vt -0.310000 0.229074 0.000000
vt -0.810000 0.229074 0.000000
vt -0.310000 0.196350 0.000000
vt -0.810000 0.196350 0.000000
vt -0.310000 0.163625 0.000000
vt -0.810000 0.163625 0.000000
vt -0.310000 0.130900 0.000000
vt -0.810000 0.130900 0.000000
vt -0.310000 0.098175 0.000000
vt -0.810000 0.098175 0.000000
vt -0.310000 0.065450 0.000000
vt -0.810000 0.065450 0.000000
vt -0.310000 0.032725 0.000000
vt -0.810000 0.032725 0.000000
vt -0.310000 0.000000 0.000000
vt -0.810000 0.000000 0.000000
vt -0.310000 -0.032725 0.000000
vt -0.810000 -0.032725 0.000000
vt -0.310000 -0.065450 0.000000
vt -0.810000 -0.065450 0.000000
vt -0.310000 -0.098175 0.000000
vt -0.810000 -0.098175 0.000000
vt -0.310000 -0.130900 0.000000
vt -0.810000 -0.130900 0.000000
vt -0.310000 -0.163625 0.000000
vt -0.810000 -0.163625 0.000000
vt -0.310000 -0.196350 0.000000
vt -0.810000 -0.196350 0.000000
vt -0.310000 -0.229074 0.000000
vt -0.810000 -0.229074 0.000000
vt -0.310000 -0.261799 0.000000
vt -0.810000 -0.261799 0.000000
vt -0.310000 -0.294524 0.000000
vt -0.810000 -0.294524 0.000000
vt -0.310000 -0.327249 0.000000
vt -0.810000 -0.327249 0.000000
vt 0.000000 -0.287979 0.000000
vt -0.550000 -0.287979 0.000000
vt 0.000000 -0.314159 0.000000
vt -0.550000 -0.314159 0.000000
vt 0.000000 0.314159 0.000000
vt -0.550000 0.314159 0.000000
vt 0.000000 0.287979 0.000000
vt -0.550000 0.287979 0.000000
vt 0.000000 0.261799 0.000000
vt -0.550000 0.261799 0.000000
vt 0.000000 0.235619 0.000000
vt -0.550000 0.235619 0.000000
vt 0.000000 0.209440 0.000000
vt -0.550000 0.209440 0.000000
vt 0.000000 0.183260 0.000000
vt -0.550000 0.183260 0.000000
vt 0.000000 0.157080 0.000000
vt -0.550000 0.157080 0.000000
vt 0.000000 0.130900 0.000000
vt -0.550000 0.130900 0.000000
vt 0.000000 0.104720 0.000000
vt -0.550000 0.104720 0.000000
vt 0.000000 0.078540 0.000000
vt -0.550000 0.078540 0.000000
vt 0.000000 0.052360 0.000000
vt -0.550000 0.052360 0.000000
vt 0.000000 0.026180 0.000000
vt -0.550000 0.026180 0.000000
vt 0.000000 0.000000 0.000000
vt -0.550000 0.000000 0.000000
vt 0.000000 -0.026180 0.000000
vt -0.550000 -0.026180 0.000000
vt 0.000000 -0.052360 0.000000
vt -0.550000 -0.052360 0.000000
vt 0.000000 -0.078540 0.000000
vt -0.550000 -0.078540 0.000000
vt 0.000000 -0.104720 0.000000
vt -0.550000 -0.104720 0.000000
vt 0.000000 -0.130900 0.000000
vt -0.550000 -0.130900 0.000000
vt 0.000000 -0.157080 0.000000
vt -0.550000 -0.157080 0.000000
vt 0.000000 -0.183260 0.000000
vt -0.550000 -0.183260 0.000000
vt 0.000000 -0.209440 0.000000
vt -0.550000 -0.209440 0.000000
vt 0.000000 -0.235619 0.000000
vt -0.550000 -0.235619 0.000000
vt 0.000000 -0.261799 0.000000
vt -0.550000 -0.261799 0.000000
vt -1.100000 0.287979 0.000000
vt -1.100000 0.314159 0.000000
vt -1.100000 -0.314159 0.000000
vt -1.100000 -0.287979 0.000000
vt -1.100000 -0.261799 0.000000
vt -1.100000 -0.235619 0.000000
vt -1.100000 -0.209440 0.000000
vt -1.100000 -0.183260 0.000000
vt -1.100000 -0.157080 0.000000
vt -1.100000 -0.130900 0.000000
vt -1.100000 -0.104720 0.000000
vt -1.100000 -0.078540 0.000000
vt -1.100000 -0.052360 0.000000
vt -1.100000 -0.026180 0.000000
vt -1.100000 0.000000 0.000000
vt -1.100000 0.026180 0.000000
vt -1.100000 0.052360 0.000000
vt -1.100000 0.078540 0.000000
vt -1.100000 0.104720 0.000000
vt -1.100000 0.130900 0.000000
vt -1.100000 0.157080 0.000000
vt -1.100000 0.183260 0.000000
vt -1.100000 0.209440 0.000000
vt -1.100000 0.235619 0.000000
vt -1.100000 0.261799 0.000000
vt 0.000000 -0.287979 0.000000
vt -0.550000 -0.287979 0.000000
vt 0.000000 -0.314159 0.000000
vt -0.550000 -0.314159 0.000000
vt 0.000000 0.314159 0.000000
vt -0.550000 0.314159 0.000000
vt 0.000000 0.287979 0.000000
vt -0.550000 0.287979 0.000000
vt 0.000000 0.261799 0.000000
vt -0.550000 0.261799 0.000000
vt 0.000000 0.235619 0.000000
vt -0.550000 0.235619 0.000000
vt 0.000000 0.209440 0.000000
vt -0.550000 0.209440 0.000000
vt 0.000000 0.183260 0.000000
vt -0.550000 0.183260 0.000000
vt 0.000000 0.157080 0.000000
vt -0.550000 0.157080 0.000000
vt 0.000000 0.130900 0.000000
vt -0.550000 0.130900 0.000000
vt 0.000000 0.104720 0.000000
vt -0.550000 0.104720 0.000000
vt 0.000000 0.078540 0.000000
vt -0.550000 0.078540 0.000000
vt 0.000000 0.052360 0.000000
vt -0.550000 0.052360 0.000000
vt 0.000000 0.026180 0.000000
vt -0.550000 0.026180 0.000000
vt 0.000000 0.000000 0.000000
vt -0.550000 0.000000 0.000000
vt 0.000000 -0.026180 0.000000
vt -0.550000 -0.026180 0.000000
vt 0.000000 -0.052360 0.000000
vt -0.550000 -0.052360 0.000000
vt 0.000000 -0.078540 0.000000
vt -0.550000 -0.078540 0.000000
vt 0.000000 -0.104720 0.000000
vt -0.550000 -0.104720 0.000000
vt 0.000000 -0.130900 0.000000
vt -0.550000 -0.130900 0.000000
vt 0.000000 -0.157080 0.000000
vt -0.550000 -0.157080 0.000000
vt 0.000000 -0.183260 0.000000
vt -0.550000 -0.183260 0.000000
vt 0.000000 -0.209440 0.000000
vt -0.550000 -0.209440 0.000000
vt 0.000000 -0.235619 0.000000
vt -0.550000 -0.235619 0.000000
vt 0.000000 -0.261799 0.000000
vt -0.550000 -0.261799 0.000000
vt -1.098628 -0.137445 0.000000
vt -1.100000 -0.157080 0.000000
vt -1.098628 -0.176715 0.000000
vt -1.094563 -0.196350 0.000000
vt -1.087962 -0.215984 0.000000
vt -1.079079 -0.235619 0.000000
vt -1.068255 -0.255254 0.000000
vt -1.055906 -0.274889 0.000000
vt -1.042506 -0.294524 0.000000
vt -1.028571 -0.314159 0.000000
vt -1.028571 0.314159 0.000000
vt -1.014636 0.294524 0.000000
vt -1.001237 0.274889 0.000000
vt -0.988888 0.255254 0.000000
vt -0.978064 0.235619 0.000000
vt -0.969181 0.215984 0.000000
vt -0.962580 0.196350 0.000000
vt -0.958515 0.176715 0.000000
vt -0.957143 0.157080 0.000000
vt -0.958515 0.137445 0.000000
vt -0.962580 0.117810 0.000000
vt -0.969181 0.098175 0.000000
vt -0.978064 0.078540 0.000000
vt -0.988888 0.058905 0.000000
vt -1.001237 0.039270 0.000000
vt -1.014636 0.019635 0.000000
vt -1.028571 0.000000 0.000000
vt -1.042506 -0.019635 0.000000
vt -1.055906 -0.039270 0.000000
vt -1.068255 -0.058905 0.000000
vt -1.079079 -0.078540 0.000000
vt -1.087962 -0.098175 0.000000
vt -1.094563 -0.117810 0.000000
vt 0.310000 1.880000 0.000000
vt 0.910000 1.880000 0.000000
vt 0.310000 18.250000 0.000000
vt 0.910000 18.250000 0.000000
vn 0.000000 0.000000 0.100000
vn 0.000000 0.000000 0.100000
vn 0.000000 0.000000 0.100000
vn 0.000000 0.000000 0.100000
vn 0.000000 0.000000 0.100000
vn 0.000000 0.000000 0.100000
vn 0.000000 0.000000 0.100000
vn 0.000000 0.000000 0.100000
vn 0.000000 0.000000 0.100000
vn 0.000000 0.000000 0.100000
vn 0.000000 0.000000 0.100000
vn 0.000000 0.000000 0.100000
vn 0.000000 0.000000 0.100000
vn 0.000000 0.000000 0.100000
vn 0.000000 0.000000 0.100000
vn 0.000000 0.000000 0.100000
vn 0.000000 0.000000 0.100000
vn 0.000000 0.000000 0.100000
vn 0.000000 0.000000 0.100000
vn 0.000000 0.000000 0.100000
vn 0.000000 0.000000 0.100000
vn 0.000000 0.000000 0.100000
vn 0.000000 0.000000 0.100000
vn 0.000000 0.000000 0.100000
vn 0.000000 0.000000 0.100000
vn 0.000000 0.000000 0.100000
vn 0.000000 0.000000 0.100000
vn 0.000000 0.000000 0.100000
vn 0.000000 0.000000 0.100000
vn 0.000000 0.000000 0.100000
vn 0.000000 0.000000 0.100000
vn 0.000000 0.000000 0.100000
vn 0.000000 0.000000 0.100000
vn 0.000000 0.000000 0.100000
vn 0.000000 0.000000 0.100000
vn 0.000000 0.000000 0.100000
vn 0.000000 0.000000 0.100000
vn 0.000000 0.000000 0.100000
vn 0.000000 0.000000 0.100000
vn 0.000000 0.000000 0.100000
vn 0.000000 0.000000 0.100000
vn 0.000000 0.000000 0.100000
vn 0.000000 0.000000 0.100000
vn 0.000000 0.000000 0.100000
vn 0.000000 0.000000 0.100000
vn 0.000000 0.000000 0.100000
vn 0.000000 0.000000 0.100000
vn 0.000000 0.000000 0.100000
vn 0.000000 0.000000 0.100000
vn 0.000000 0.000000 0.100000
vn 0.000000 0.000000 0.100000
vn 0.000000 0.000000 0.100000
vn 0.000000 0.000000 0.100000
vn 0.000000 0.000000 0.100000
vn 0.000000 0.000000 0.100000
vn 0.000000 0.000000 0.100000
vn 0.000000 0.000000 0.100000
vn 0.000000 0.000000 0.100000
vn 0.000000 0.000000 0.100000
vn 0.000000 0.000000 0.100000
vn 0.000000 0.000000 0.100000
vn 0.000000 0.000000 0.100000
vn 0.000000 0.000000 0.100000
vn 0.000000 0.000000 0.100000
vn 0.000000 0.000000 0.100000
vn 0.000000 0.000000 0.100000
vn 0.000000 0.000000 0.100000
vn 0.000000 0.000000 0.100000
vn 0.000000 0.000000 0.100000
vn 0.000000 0.000000 0.100000
vn 0.000000 0.000000 0.100000
vn 0.000000 0.000000 0.100000
vn 0.000000 0.000000 0.100000
vn 0.000000 0.000000 0.100000
vn 0.000000 0.000000 0.100000
vn 0.000000 0.000000 0.100000
vn 0.000000 0.000000 0.100000
vn 0.000000 0.000000 0.100000
vn 0.000000 0.000000 0.100000
vn 0.000000 0.000000 0.100000
vn 0.000000 0.000000 0.100000
vn 0.000000 0.000000 0.100000
vn 0.000000 0.000000 0.100000
vn 0.000000 0.000000 0.100000
vn 0.000000 0.000000 0.100000
vn 0.000000 0.000000 0.100000
vn 0.000000 0.000000 0.100000
vn 0.000000 0.000000 0.100000
vn 0.000000 0.000000 0.100000
vn 0.000000 0.000000 0.100000
vn 0.000000 0.000000 0.100000
vn 0.000000 0.000000 0.100000
vn 0.000000 0.000000 0.100000
vn 0.000000 0.000000 0.100000
vn 0.000000 0.000000 0.100000
vn 0.000000 0.000000 0.100000
vn 0.000000 0.000000 0.100000
vn 0.000000 0.000000 0.100000
vn 0.000000 0.000000 0.100000
vn 0.000000 0.000000 0.100000
vn 0.000000 0.000000 0.100000
vn 0.000000 0.000000 0.100000
vn 0.000000 0.000000 0.100000
vn 0.000000 0.000000 0.100000
vn 0.000000 0.000000 0.100000
vn 0.000000 0.000000 0.100000
vn 0.000000 0.000000 0.100000
vn 0.000000 0.000000 0.100000
vn 0.000000 0.000000 0.100000
vn 0.000000 0.000000 0.100000
vn 0.000000 0.000000 0.100000
vn 0.000000 0.000000 0.100000
vn 0.000000 0.000000 0.100000
vn 0.000000 0.000000 0.100000
vn 0.000000 0.000000 0.100000
vn 0.000000 0.000000 0.100000
vn 0.000000 0.000000 0.100000
vn 0.000000 0.000000 0.100000
vn 0.000000 0.000000 0.100000
vn 0.000000 0.000000 0.100000
vn 0.000000 -0.100000 0.000000
vn 0.000000 -0.100000 0.000000
vn 0.000000 -0.100000 0.000000
vn 0.000000 -0.100000 0.000000
vn 0.000000 -0.100000 0.000000
vn 0.000000 -0.100000 0.000000
vn -0.100000 0.000000 0.000000
vn -0.100000 0.000000 0.000000
vn -0.100000 0.000000 0.000000
vn 0.100000 0.000000 0.000000
vn 0.100000 0.000000 0.000000
vn 0.100000 0.000000 0.000000
vn 0.100000 0.000000 0.000000
vn 0.100000 0.000000 0.000000
vn 0.100000 0.000000 0.000000
vn 0.100000 0.000000 0.000000
vn 0.100000 0.000000 0.000000
vn 0.100000 0.000000 0.000000
vn 0.100000 0.000000 0.000000
vn 0.100000 0.000000 0.000000
vn 0.100000 0.000000 0.000000
vn 0.100000 0.000000 0.000000
vn 0.100000 0.000000 0.000000
vn 0.100000 0.000000 0.000000
vn 0.100000 0.000000 0.000000
vn 0.100000 0.000000 0.000000
vn 0.100000 0.000000 0.000000
vn 0.100000 0.000000 0.000000
vn 0.100000 0.000000 0.000000
vn 0.100000 0.000000 0.000000
vn 0.100000 0.000000 0.000000
vn 0.100000 0.000000 0.000000
vn 0.100000 0.000000 0.000000
vn 0.100000 0.000000 0.000000
vn 0.100000 0.000000 0.000000
vn 0.100000 0.000000 0.000000
vn 0.100000 0.000000 0.000000
vn 0.100000 0.000000 0.000000
vn 0.100000 0.000000 0.000000
vn 0.100000 0.000000 0.000000
vn 0.100000 0.000000 0.000000
vn 0.100000 0.000000 0.000000
vn 0.100000 0.000000 0.000000
vn 0.100000 0.000000 0.000000
vn 0.100000 0.000000 0.000000
vn 0.000000 -0.100000 0.000000
vn 0.000000 -0.100000 0.000000
vn 0.000000 -0.100000 0.000000
vn 0.000000 -0.100000 0.000000
vn -0.096593 0.025882 -0.000000
vn -0.096593 0.025882 -0.000000
vn -0.100000 0.000000 -0.000000
vn -0.100000 0.000000 -0.000000
vn -0.096593 -0.025882 0.000000
vn -0.096593 -0.025882 0.000000
vn -0.086603 -0.050000 0.000000
vn -0.086603 -0.050000 0.000000
vn -0.070711 -0.070711 0.000000
vn -0.070711 -0.070711 0.000000
vn -0.050000 -0.086603 0.000000
vn -0.050000 -0.086603 0.000000
vn -0.025882 -0.096593 0.000000
vn -0.025882 -0.096593 0.000000
vn 0.000000 -0.100000 0.000000
vn 0.000000 -0.100000 0.000000
vn 0.025882 -0.096593 0.000000
vn 0.025882 -0.096593 0.000000
vn 0.050000 -0.086603 0.000000
vn 0.050000 -0.086603 0.000000
vn 0.070711 -0.070711 0.000000
vn 0.070711 -0.070711 0.000000
vn 0.086603 -0.050000 0.000000
vn 0.086603 -0.050000 0.000000
vn 0.096593 -0.025882 0.000000
vn 0.096593 -0.025882 0.000000
vn 0.100000 -0.000000 0.000000
vn 0.100000 -0.000000 0.000000
vn 0.096593 0.025882 0.000000
vn 0.096593 0.025882 0.000000
vn 0.086603 0.050000 0.000000
vn 0.086603 0.050000 0.000000
vn 0.070711 0.070711 0.000000
vn 0.070711 0.070711 0.000000
vn 0.050000 0.086603 0.000000
vn 0.050000 0.086603 0.000000
vn 0.025882 0.096593 0.000000
vn 0.025882 0.096593 0.000000
vn 0.000000 0.100000 0.000000
vn 0.000000 0.100000 0.000000
vn -0.025882 0.096593 -0.000000
vn -0.025882 0.096593 -0.000000
vn -0.050000 0.086603 -0.000000
vn -0.050000 0.086603 -0.000000
vn -0.070711 0.070711 -0.000000
vn -0.070711 0.070711 -0.000000
vn -0.086603 0.050000 -0.000000
vn -0.086603 0.050000 -0.000000
vn 0.100000 0.000000 0.000000
vn 0.100000 0.000000 0.000000
vn 0.100000 0.000000 0.000000
vn 0.000000 -0.058124 0.081373
vn 0.000000 -0.058124 0.081373
vn 0.000000 -0.058124 0.081373
vn 0.000000 -0.058124 0.081373
vn 0.000000 -0.058124 0.081373
vn 0.000000 -0.058124 0.081373
vn 0.000000 -0.058124 0.081373
vn 0.000000 -0.058124 0.081373
vn 0.000000 -0.058124 0.081373
vn 0.000000 -0.058124 0.081373
vn 0.000000 -0.058124 0.081373
vn 0.000000 -0.058124 0.081373
vn 0.000000 -0.058124 0.081373
vn 0.000000 -0.058124 0.081373
vn 0.000000 -0.058124 0.081373
vn 0.000000 -0.058124 0.081373
vn 0.000000 -0.058124 0.081373
vn 0.000000 -0.058124 0.081373
vn 0.000000 -0.058124 0.081373
vn 0.000000 -0.058124 0.081373
vn 0.000000 -0.058124 0.081373
vn 0.000000 -0.058124 0.081373
vn 0.000000 -0.058124 0.081373
vn 0.000000 -0.058124 0.081373
vn 0.000000 -0.058124 0.081373
vn 0.000000 -0.058124 0.081373
vn 0.000000 -0.058124 0.081373
vn 0.000000 -0.058124 0.081373
vn 0.000000 -0.058124 0.081373
vn 0.000000 -0.058124 0.081373
vn 0.000000 -0.058124 0.081373
vn 0.000000 -0.058124 0.081373
vn 0.000000 -0.058124 0.081373
vn 0.000000 -0.058124 0.081373
vn 0.000000 -0.058124 0.081373
vn 0.000000 -0.058124 0.081373
vn 0.000000 -0.058124 0.081373
vn 0.000000 -0.058124 0.081373
vn 0.000000 -0.058124 0.081373
vn 0.000000 -0.058124 0.081373
vn 0.000000 -0.058124 0.081373
vn 0.000000 -0.058124 0.081373
vn 0.000000 -0.058124 0.081373
vn 0.000000 -0.058124 0.081373
vn 0.000000 -0.058124 0.081373
vn 0.000000 -0.058124 0.081373
vn 0.000000 -0.058124 0.081373
vn 0.000000 -0.058124 0.081373
vn 0.100000 0.000000 0.000000
vn 0.100000 0.000000 0.000000
vn 0.100000 0.000000 0.000000
vn 0.000000 0.000000 0.100000
vn 0.000000 0.000000 0.100000
vn 0.000000 0.000000 0.100000
vn 0.000000 0.000000 0.100000
vn -0.000000 -0.100000 0.000000
vn -0.000000 -0.100000 0.000000
vn -0.000000 -0.100000 0.000000
vn -0.000000 -0.100000 0.000000
vn -0.000000 -0.100000 0.000000
vn 0.000000 0.000000 0.100000
vn 0.000000 0.000000 0.100000
vn 0.000000 0.000000 0.100000
vn 0.000000 0.000000 0.100000
vn 0.000000 0.000000 0.100000
vn 0.000000 0.000000 0.100000
vn 0.000000 0.000000 0.100000
vn 0.000000 0.000000 0.100000
vn 0.000000 0.000000 0.100000
vn 0.000000 0.000000 0.100000
vn 0.000000 0.000000 0.100000
vn 0.000000 0.000000 0.100000
vn 0.000000 0.000000 0.100000
vn 0.000000 0.000000 0.100000
vn 0.000000 0.000000 0.100000
vn 0.000000 0.000000 0.100000
vn 0.000000 0.000000 0.100000
vn 0.000000 0.000000 0.100000
vn 0.000000 0.000000 0.100000
vn 0.000000 0.000000 0.100000
vn 0.000000 0.000000 0.100000
vn 0.000000 0.000000 0.100000
vn 0.000000 0.000000 0.100000
vn 0.000000 0.000000 0.100000
vn 0.000000 0.000000 0.100000
vn 0.000000 0.000000 0.100000
vn 0.000000 0.000000 0.100000
vn 0.000000 0.000000 0.100000
vn 0.000000 0.000000 0.100000
vn 0.000000 0.000000 0.100000
vn 0.000000 0.000000 0.100000
vn 0.000000 0.000000 0.100000
vn 0.000000 0.000000 0.100000
vn 0.000000 0.000000 0.100000
vn 0.000000 0.000000 0.100000
vn 0.000000 0.000000 0.100000
vn -0.100000 0.000000 0.000000
vn -0.100000 0.000000 0.000000
vn -0.100000 0.000000 0.000000
vn -0.100000 0.000000 0.000000
vn -0.100000 0.000000 0.000000
vn -0.100000 0.000000 0.000000
vn -0.100000 0.000000 0.000000
vn -0.100000 0.000000 0.000000
vn -0.100000 0.000000 0.000000
vn -0.100000 0.000000 0.000000
vn -0.100000 0.000000 0.000000
vn 0.000000 0.100000 0.000000
vn 0.000000 0.100000 0.000000
vn 0.000000 0.100000 0.000000
vn 0.000000 0.100000 0.000000
vn -0.100000 0.000000 0.000000
vn -0.100000 0.000000 0.000000
vn -0.100000 0.000000 0.000000
vn -0.100000 0.000000 0.000000
vn -0.000000 0.058124 -0.081373
vn -0.000000 0.058124 -0.081373
vn -0.000000 0.058124 -0.081373
vn -0.000000 0.058124 -0.081373
vn -0.000000 0.058124 -0.081373
vn -0.000000 0.058124 -0.081373
vn -0.000000 0.058124 -0.081373
vn -0.000000 0.058124 -0.081373
vn -0.000000 0.058124 -0.081373
vn -0.000000 0.058124 -0.081373
vn -0.000000 0.058124 -0.081373
vn -0.000000 0.058124 -0.081373
vn -0.000000 0.058124 -0.081373
vn -0.000000 0.058124 -0.081373
vn -0.000000 0.058124 -0.081373
vn -0.000000 0.058124 -0.081373
vn -0.000000 0.058124 -0.081373
vn -0.000000 0.058124 -0.081373
vn -0.000000 0.058124 -0.081373
vn -0.000000 0.058124 -0.081373
vn -0.000000 0.058124 -0.081373
vn -0.000000 0.058124 -0.081373
vn -0.000000 0.058124 -0.081373
vn -0.000000 0.058124 -0.081373
vn -0.000000 0.058124 -0.081373
vn -0.000000 0.058124 -0.081373
vn -0.000000 0.058124 -0.081373
vn -0.000000 0.058124 -0.081373
vn -0.000000 0.058124 -0.081373
vn -0.000000 0.058124 -0.081373
vn -0.000000 0.058124 -0.081373
vn -0.000000 0.058124 -0.081373
vn -0.000000 0.058124 -0.081373
vn -0.000000 0.058124 -0.081373
vn -0.000000 0.058124 -0.081373
vn -0.000000 0.058124 -0.081373
vn -0.000000 0.058124 -0.081373
vn -0.000000 0.058124 -0.081373
vn -0.000000 0.058124 -0.081373
vn -0.000000 0.058124 -0.081373
vn -0.000000 0.058124 -0.081373
vn -0.000000 0.058124 -0.081373
vn 0.000000 0.000000 -0.100000
vn 0.000000 0.000000 -0.100000
vn 0.000000 0.000000 -0.100000
vn 0.000000 0.000000 -0.100000
vn 0.000000 0.000000 -0.100000
vn 0.000000 0.000000 -0.100000
vn 0.000000 0.000000 -0.100000
vn 0.000000 0.000000 -0.100000
vn 0.000000 0.000000 -0.100000
vn 0.000000 0.000000 -0.100000
vn 0.000000 0.000000 -0.100000
vn 0.000000 0.000000 -0.100000
vn 0.000000 0.000000 -0.100000
vn 0.000000 0.000000 -0.100000
vn 0.000000 0.000000 -0.100000
vn 0.000000 0.000000 -0.100000
vn 0.000000 0.000000 -0.100000
vn 0.000000 0.000000 -0.100000
vn 0.000000 0.000000 -0.100000
vn 0.000000 0.000000 -0.100000
vn 0.000000 0.000000 -0.100000
vn 0.000000 0.000000 -0.100000
vn 0.000000 0.000000 -0.100000
vn 0.000000 0.000000 -0.100000
vn 0.000000 0.000000 -0.100000
vn 0.000000 0.000000 -0.100000
vn 0.000000 0.000000 -0.100000
vn 0.000000 0.000000 -0.100000
vn 0.000000 0.000000 -0.100000
vn 0.000000 0.000000 -0.100000
vn 0.000000 0.000000 -0.100000
vn 0.000000 0.000000 -0.100000
vn 0.000000 0.000000 -0.100000
vn 0.000000 0.000000 -0.100000
vn 0.100000 0.000000 0.000000
vn 0.100000 0.000000 0.000000
vn 0.100000 0.000000 0.000000
vn 0.100000 0.000000 0.000000
vn 0.100000 0.000000 0.000000
vn 0.100000 0.000000 0.000000
vn 0.000000 0.000000 -0.100000
vn 0.000000 0.000000 -0.100000
vn 0.000000 0.000000 -0.100000
vn 0.000000 0.000000 -0.100000
vn 0.000000 0.000000 -0.100000
vn 0.000000 0.000000 -0.100000
vn 0.000000 0.000000 -0.100000
vn 0.000000 0.000000 -0.100000
vn 0.000000 0.000000 -0.100000
vn 0.000000 0.000000 -0.100000
vn 0.000000 0.000000 -0.100000
vn 0.000000 0.000000 -0.100000
vn 0.000000 0.000000 -0.100000
vn 0.000000 0.000000 -0.100000
vn 0.000000 0.000000 -0.100000
vn 0.000000 0.000000 -0.100000
vn 0.000000 0.000000 -0.100000
vn 0.000000 0.000000 -0.100000
vn 0.000000 0.000000 -0.100000
vn 0.000000 0.000000 -0.100000
vn 0.000000 0.000000 -0.100000
vn 0.000000 0.000000 -0.100000
vn 0.000000 0.000000 -0.100000
vn 0.000000 0.000000 -0.100000
vn 0.000000 0.000000 -0.100000
vn 0.000000 0.000000 -0.100000
vn 0.000000 0.000000 -0.100000
vn 0.000000 0.000000 -0.100000
vn 0.000000 0.000000 -0.100000
vn 0.000000 0.000000 -0.100000
vn 0.000000 0.000000 -0.100000
vn 0.000000 0.000000 -0.100000
vn 0.000000 0.000000 -0.100000
vn 0.000000 0.000000 -0.100000
vn 0.000000 0.000000 -0.100000
vn 0.000000 0.000000 -0.100000
vn 0.000000 0.000000 -0.100000
vn 0.000000 0.000000 -0.100000
vn 0.000000 0.000000 -0.100000
vn 0.000000 0.000000 -0.100000
vn 0.000000 0.000000 -0.100000
vn 0.000000 0.000000 -0.100000
vn -0.100000 0.000000 0.000000
vn -0.100000 0.000000 0.000000
vn -0.100000 0.000000 0.000000
vn -0.100000 0.000000 0.000000
vn -0.100000 0.000000 0.000000
vn -0.100000 0.000000 0.000000
vn -0.100000 0.000000 0.000000
vn -0.100000 0.000000 0.000000
vn -0.100000 0.000000 0.000000
vn -0.100000 0.000000 0.000000
vn -0.000000 0.020791 -0.097815
vn -0.000000 0.020791 -0.097815
vn -0.000000 0.000000 -0.100000
vn -0.000000 0.000000 -0.100000
vn 0.000000 -0.020791 -0.097815
vn 0.000000 -0.020791 -0.097815
vn 0.000000 -0.040674 -0.091355
vn 0.000000 -0.040674 -0.091355
vn 0.000000 -0.058779 -0.080902
vn 0.000000 -0.058779 -0.080902
vn 0.000000 -0.074314 -0.066913
vn 0.000000 -0.074314 -0.066913
vn 0.000000 -0.086603 -0.050000
vn 0.000000 -0.086603 -0.050000
vn 0.000000 -0.095106 -0.030902
vn 0.000000 -0.095106 -0.030902
vn 0.000000 -0.099452 -0.010453
vn 0.000000 -0.099452 -0.010453
vn 0.000000 -0.099452 0.010453
vn 0.000000 -0.099452 0.010453
vn 0.000000 -0.095106 0.030902
vn 0.000000 -0.095106 0.030902
vn 0.000000 -0.086603 0.050000
vn 0.000000 -0.086603 0.050000
vn 0.000000 -0.074314 0.066913
vn 0.000000 -0.074314 0.066913
vn 0.000000 -0.058779 0.080902
vn 0.000000 -0.058779 0.080902
vn 0.000000 -0.040674 0.091355
vn 0.000000 -0.040674 0.091355
vn 0.000000 -0.020791 0.097815
vn 0.000000 -0.020791 0.097815
vn 0.000000 0.000000 0.100000
vn 0.000000 0.000000 0.100000
vn 0.000000 0.020791 0.097815
vn 0.000000 0.020791 0.097815
vn 0.000000 0.040674 0.091355
vn 0.000000 0.040674 0.091355
vn 0.000000 0.058779 0.080902
vn 0.000000 0.058779 0.080902
vn 0.000000 0.074314 0.066913
vn 0.000000 0.074314 0.066913
vn 0.000000 0.086603 0.050000
vn 0.000000 0.086603 0.050000
vn 0.000000 0.095106 0.030902
vn 0.000000 0.095106 0.030902
vn 0.000000 0.099452 0.010453
vn 0.000000 0.099452 0.010453
vn -0.000000 0.099452 -0.010453
vn -0.000000 0.099452 -0.010453
vn -0.000000 0.095106 -0.030902
vn -0.000000 0.095106 -0.030902
vn -0.000000 0.086603 -0.050000
vn -0.000000 0.086603 -0.050000
vn -0.000000 0.074314 -0.066913
vn -0.000000 0.074314 -0.066913
vn -0.000000 0.058779 -0.080902
vn -0.000000 0.058779 -0.080902
vn -0.000000 0.040674 -0.091355
vn -0.000000 0.040674 -0.091355
vn -0.000000 0.000000 -0.100000
vn -0.000000 0.000000 -0.100000
vn -0.000000 0.000000 -0.100000
vn -0.000000 0.000000 -0.100000
vn -0.000000 0.000000 -0.100000
vn -0.000000 0.000000 -0.100000
vn -0.000000 0.000000 -0.100000
vn -0.000000 0.000000 -0.100000
vn -0.000000 0.000000 -0.100000
vn -0.000000 0.000000 -0.100000
vn -0.000000 0.000000 -0.100000
vn -0.000000 0.000000 -0.100000
vn -0.000000 0.000000 -0.100000
vn -0.000000 0.000000 -0.100000
vn -0.000000 0.000000 -0.100000
vn -0.000000 0.000000 -0.100000
vn -0.000000 0.000000 -0.100000
vn -0.000000 0.000000 -0.100000
vn -0.000000 0.000000 -0.100000
vn -0.000000 0.000000 -0.100000
vn -0.000000 0.000000 -0.100000
vn -0.000000 0.000000 -0.100000
vn -0.000000 0.000000 -0.100000
vn -0.000000 0.000000 -0.100000
vn -0.000000 0.000000 -0.100000
vn -0.000000 0.000000 -0.100000
vn -0.000000 0.000000 -0.100000
vn -0.000000 0.000000 -0.100000
vn -0.000000 0.000000 -0.100000
vn -0.000000 0.000000 -0.100000
vn -0.000000 0.000000 -0.100000
vn -0.000000 0.000000 -0.100000
vn -0.000000 0.000000 -0.100000
vn -0.000000 0.000000 -0.100000
vn -0.000000 0.000000 -0.100000
vn -0.000000 0.000000 -0.100000
vn -0.000000 0.000000 -0.100000
vn -0.000000 0.000000 -0.100000
vn -0.000000 0.000000 -0.100000
vn -0.000000 0.000000 -0.100000
vn -0.097094 0.023932 0.000000
vn -0.097094 0.023932 0.000000
vn -0.088546 0.046472 0.000000
vn -0.088546 0.046472 0.000000
vn -0.074851 0.066312 0.000000
vn -0.074851 0.066312 0.000000
vn -0.056806 0.082298 0.000000
vn -0.056806 0.082298 0.000000
vn -0.035460 0.093502 0.000000
vn -0.035460 0.093502 0.000000
vn -0.012054 0.099271 0.000000
vn -0.012054 0.099271 0.000000
vn 0.012054 0.099271 0.000000
vn 0.012054 0.099271 0.000000
vn 0.035460 0.093502 0.000000
vn 0.035460 0.093502 0.000000
vn 0.056806 0.082298 0.000000
vn 0.056806 0.082298 0.000000
vn 0.074851 0.066312 0.000000
vn 0.074851 0.066312 0.000000
vn 0.088546 0.046472 0.000000
vn 0.088546 0.046472 0.000000
vn 0.097094 0.023932 0.000000
vn 0.097094 0.023932 0.000000
vn 0.100000 -0.000000 0.000000
vn 0.100000 -0.000000 0.000000
vn 0.100000 0.000000 0.000000
vn 0.100000 0.000000 0.000000
vn 0.100000 0.000000 0.000000
vn 0.100000 0.000000 0.000000
vn 0.000000 0.100000 0.000000
vn 0.000000 0.100000 0.000000
vn 0.019509 0.098079 0.000000
vn 0.023932 0.097094 0.000000
vn 0.038268 0.092388 0.000000
vn 0.046472 0.088546 0.000000
vn 0.055557 0.083147 0.000000
vn 0.066312 0.074851 0.000000
vn 0.070711 0.070711 0.000000
vn 0.082298 0.056806 0.000000
vn 0.083147 0.055557 0.000000
vn 0.093502 0.035460 0.000000
vn 0.092388 0.038268 0.000000
vn 0.098079 0.019509 0.000000
vn 0.099271 0.012054 0.000000
vn 0.100000 0.000000 0.000000
vn 0.099271 -0.012054 0.000000
vn 0.098079 -0.019509 0.000000
vn 0.093502 -0.035460 0.000000
vn 0.092388 -0.038268 0.000000
vn 0.082298 -0.056806 0.000000
vn 0.083147 -0.055557 0.000000
vn 0.070711 -0.070711 0.000000
vn 0.066312 -0.074851 0.000000
vn 0.055557 -0.083147 0.000000
vn 0.046472 -0.088546 0.000000
vn 0.038268 -0.092388 0.000000
vn 0.023932 -0.097094 0.000000
vn 0.019509 -0.098079 0.000000
vn 0.000000 -0.100000 0.000000
vn 0.000000 -0.100000 0.000000
vn -0.019509 -0.098079 0.000000
vn -0.023932 -0.097094 0.000000
vn -0.038268 -0.092388 0.000000
vn -0.046472 -0.088546 0.000000
vn -0.055557 -0.083147 0.000000
vn -0.066312 -0.074851 0.000000
vn -0.070711 -0.070711 0.000000
vn -0.082298 -0.056806 0.000000
vn -0.083147 -0.055557 0.000000
vn -0.092388 -0.038268 0.000000
vn -0.093502 -0.035460 0.000000
vn -0.098079 -0.019509 0.000000
vn -0.099271 -0.012054 0.000000
vn -0.100000 -0.000000 0.000000
vn -0.099271 0.012054 0.000000
vn -0.098079 0.019509 0.000000
vn -0.093502 0.035460 0.000000
vn -0.092388 0.038268 0.000000
vn -0.082298 0.056806 0.000000
vn -0.083147 0.055557 0.000000
vn -0.070711 0.070711 0.000000
vn -0.066312 0.074851 0.000000
vn -0.055557 0.083147 0.000000
vn -0.046472 0.088546 0.000000
vn -0.038268 0.092388 0.000000
vn -0.023932 0.097094 0.000000
vn -0.019509 0.098079 0.000000
vn 0.000000 -0.100000 0.000000
vn 0.000000 -0.100000 0.000000
vn 0.000000 -0.100000 0.000000
vn 0.000000 -0.100000 0.000000
vn 0.100000 0.000000 0.000000
vn 0.100000 0.000000 0.000000
vn 0.100000 0.000000 0.000000
vn 0.100000 0.000000 0.000000
vn 0.100000 0.000000 0.000000
vn 0.100000 0.000000 0.000000
vn 0.000000 0.100000 0.000000
vn 0.000000 0.100000 0.000000
vn 0.000000 0.100000 0.000000
vn 0.000000 0.100000 0.000000
vn 0.000000 0.100000 0.000000
vn 0.000000 0.100000 0.000000
vn 0.000000 0.000000 0.100000
vn 0.000000 0.000000 0.100000
vn 0.000000 0.000000 0.100000
vn 0.000000 0.000000 0.100000
vn 0.000000 -0.100000 0.000000
vn 0.000000 -0.100000 0.000000
vn 0.000000 -0.100000 0.000000
vn 0.000000 -0.100000 0.000000
vn 0.000000 -0.100000 0.000000
vn 0.000000 -0.100000 0.000000
vn 0.000000 -0.100000 0.000000
vn 0.000000 -0.100000 0.000000
vn 0.000000 -0.100000 0.000000
vn 0.000000 -0.100000 0.000000
vn 0.100000 0.000000 0.000000
vn 0.100000 0.000000 0.000000
vn 0.100000 0.000000 0.000000
vn 0.100000 0.000000 0.000000
vn 0.100000 0.000000 0.000000
vn 0.100000 0.000000 0.000000
vn -0.000000 0.100000 -0.000000
vn -0.000000 0.100000 -0.000000
vn -0.000000 0.100000 -0.000000
vn -0.000000 0.100000 -0.000000
vn 0.000000 -0.100000 0.000000
vn 0.000000 -0.100000 0.000000
vn 0.000000 -0.100000 0.000000
vn 0.000000 -0.100000 0.000000
vn 0.000000 0.100000 0.000000
vn 0.000000 0.100000 0.000000
vn 0.000000 0.100000 0.000000
vn 0.000000 0.100000 0.000000
vn 0.000000 0.100000 0.000000
vn 0.000000 0.100000 0.000000
vn 0.000000 0.100000 0.000000
vn 0.000000 0.100000 0.000000
vn 0.000000 0.100000 0.000000
vn 0.000000 0.100000 0.000000
vn -0.100000 0.000000 0.000000
vn -0.100000 0.000000 0.000000
vn -0.100000 0.000000 0.000000
vn -0.100000 0.000000 0.000000
vn -0.100000 0.000000 0.000000
vn -0.100000 0.000000 0.000000
vn -0.100000 0.000000 0.000000
vn -0.100000 0.000000 0.000000
vn 0.100000 0.000000 0.000000
vn 0.100000 0.000000 0.000000
vn 0.100000 0.000000 0.000000
vn 0.100000 0.000000 0.000000
vn 0.000000 0.100000 0.000000
vn 0.000000 0.100000 0.000000
vn 0.000000 0.100000 0.000000
vn 0.000000 0.100000 0.000000
vn 0.000000 0.100000 0.000000
vn 0.000000 0.100000 0.000000
vn -0.100000 0.000000 0.000000
vn -0.100000 0.000000 0.000000
vn -0.100000 0.000000 0.000000
vn -0.100000 0.000000 0.000000
vn -0.100000 0.000000 0.000000
vn -0.100000 0.000000 0.000000
vn -0.100000 0.000000 0.000000
vn -0.100000 0.000000 0.000000
vn -0.100000 0.000000 0.000000
vn -0.100000 0.000000 0.000000
vn -0.100000 0.000000 0.000000
vn -0.100000 0.000000 0.000000
vn -0.100000 0.000000 0.000000
vn -0.100000 0.000000 0.000000
vn -0.100000 0.000000 0.000000
vn -0.100000 0.000000 0.000000
vn -0.100000 0.000000 0.000000
vn -0.100000 0.000000 0.000000
vn -0.100000 0.000000 0.000000
vn -0.100000 0.000000 0.000000
vn -0.100000 0.000000 0.000000
vn -0.100000 0.000000 0.000000
vn -0.100000 0.000000 0.000000
vn -0.100000 0.000000 0.000000
vn -0.100000 0.000000 0.000000
vn -0.100000 0.000000 0.000000
vn -0.100000 0.000000 0.000000
vn -0.100000 0.000000 0.000000
vn -0.100000 0.000000 0.000000
vn -0.100000 0.000000 0.000000
vn -0.100000 0.000000 0.000000
vn -0.100000 0.000000 0.000000
vn -0.100000 0.000000 0.000000
vn -0.100000 0.000000 0.000000
vn -0.100000 0.000000 0.000000
vn -0.100000 0.000000 0.000000
vn -0.100000 0.000000 0.000000
vn 0.000000 0.100000 0.000000
vn 0.000000 0.100000 0.000000
vn 0.000000 0.100000 0.000000
vn 0.000000 0.100000 0.000000
vn -0.096593 -0.025882 0.000000
vn -0.096593 -0.025882 0.000000
vn -0.100000 -0.000000 0.000000
vn -0.100000 -0.000000 0.000000
vn -0.096593 0.025882 -0.000000
vn -0.096593 0.025882 -0.000000
vn -0.086603 0.050000 -0.000000
vn -0.086603 0.050000 -0.000000
vn -0.070711 0.070711 -0.000000
vn -0.070711 0.070711 -0.000000
vn -0.050000 0.086603 -0.000000
vn -0.050000 0.086603 -0.000000
vn -0.025882 0.096593 -0.000000
vn -0.025882 0.096593 -0.000000
vn 0.000000 0.100000 0.000000
vn 0.000000 0.100000 0.000000
vn 0.025882 0.096593 0.000000
vn 0.025882 0.096593 0.000000
vn 0.050000 0.086603 0.000000
vn 0.050000 0.086603 0.000000
vn 0.070711 0.070711 0.000000
vn 0.070711 0.070711 0.000000
vn 0.086603 0.050000 0.000000
vn 0.086603 0.050000 0.000000
vn 0.096593 0.025882 0.000000
vn 0.096593 0.025882 0.000000
vn 0.100000 -0.000000 0.000000
vn 0.100000 -0.000000 0.000000
vn 0.096593 -0.025882 0.000000
vn 0.096593 -0.025882 0.000000
vn 0.086603 -0.050000 0.000000
vn 0.086603 -0.050000 0.000000
vn 0.070711 -0.070711 0.000000
vn 0.070711 -0.070711 0.000000
vn 0.050000 -0.086603 0.000000
vn 0.050000 -0.086603 0.000000
vn 0.025882 -0.096593 0.000000
vn 0.025882 -0.096593 0.000000
vn 0.000000 -0.100000 0.000000
vn 0.000000 -0.100000 0.000000
vn -0.025882 -0.096593 0.000000
vn -0.025882 -0.096593 0.000000
vn -0.050000 -0.086603 0.000000
vn -0.050000 -0.086603 0.000000
vn -0.070711 -0.070711 0.000000
vn -0.070711 -0.070711 0.000000
vn -0.086603 -0.050000 0.000000
vn -0.086603 -0.050000 0.000000
vn 0.096593 0.025882 0.000000
vn 0.096593 0.025882 0.000000
vn 0.100000 0.000000 0.000000
vn 0.100000 0.000000 0.000000
vn 0.096593 -0.025882 0.000000
vn 0.096593 -0.025882 0.000000
vn 0.086603 -0.050000 0.000000
vn 0.086603 -0.050000 0.000000
vn 0.070711 -0.070711 0.000000
vn 0.070711 -0.070711 0.000000
vn 0.050000 -0.086603 0.000000
vn 0.050000 -0.086603 0.000000
vn 0.025882 -0.096593 0.000000
vn 0.025882 -0.096593 0.000000
vn -0.000000 -0.100000 0.000000
vn -0.000000 -0.100000 0.000000
vn -0.025882 -0.096593 0.000000
vn -0.025882 -0.096593 0.000000
vn -0.050000 -0.086603 0.000000
vn -0.050000 -0.086603 0.000000
vn -0.070711 -0.070711 0.000000
vn -0.070711 -0.070711 0.000000
vn -0.086603 -0.050000 0.000000
vn -0.086603 -0.050000 0.000000
vn -0.096593 -0.025882 0.000000
vn -0.096593 -0.025882 0.000000
vn -0.100000 0.000000 0.000000
vn -0.100000 0.000000 0.000000
vn -0.096593 0.025882 -0.000000
vn -0.096593 0.025882 -0.000000
vn -0.086603 0.050000 -0.000000
vn -0.086603 0.050000 -0.000000
vn -0.070711 0.070711 -0.000000
vn -0.070711 0.070711 -0.000000
vn -0.050000 0.086603 -0.000000
vn -0.050000 0.086603 -0.000000
vn -0.025882 0.096593 -0.000000
vn -0.025882 0.096593 -0.000000
vn -0.000000 0.100000 -0.000000
vn -0.000000 0.100000 -0.000000
vn 0.025882 0.096593 0.000000
vn 0.025882 0.096593 0.000000
vn 0.050000 0.086603 0.000000
vn 0.050000 0.086603 0.000000
vn 0.070711 0.070711 0.000000
vn 0.070711 0.070711 0.000000
vn 0.086603 0.050000 0.000000
vn 0.086603 0.050000 0.000000
vn 0.096593 -0.025882 0.000000
vn 0.100000 -0.000000 0.000000
vn 0.096593 0.025882 0.000000
vn 0.086603 0.050000 0.000000
vn 0.070711 0.070711 0.000000
vn 0.050000 0.086603 0.000000
vn 0.025882 0.096593 0.000000
vn -0.000000 0.100000 -0.000000
vn -0.025882 0.096593 -0.000000
vn -0.050000 0.086603 -0.000000
vn -0.070711 0.070711 -0.000000
vn -0.086603 0.050000 -0.000000
vn -0.096593 0.025882 -0.000000
vn -0.100000 0.000000 0.000000
vn -0.096593 -0.025882 0.000000
vn -0.086603 -0.050000 0.000000
vn -0.070711 -0.070711 0.000000
vn -0.050000 -0.086603 0.000000
vn -0.025882 -0.096593 0.000000
vn -0.000000 -0.100000 0.000000
vn 0.025882 -0.096593 0.000000
vn 0.050000 -0.086603 0.000000
vn 0.070711 -0.070711 0.000000
vn 0.086603 -0.050000 0.000000
vn 0.096593 0.025882 0.000000
vn 0.096593 0.025882 0.000000
vn 0.100000 0.000000 0.000000
vn 0.100000 0.000000 0.000000
vn 0.096593 -0.025882 0.000000
vn 0.096593 -0.025882 0.000000
vn 0.086603 -0.050000 0.000000
vn 0.086603 -0.050000 0.000000
vn 0.070711 -0.070711 0.000000
vn 0.070711 -0.070711 0.000000
vn 0.050000 -0.086603 0.000000
vn 0.050000 -0.086603 0.000000
vn 0.025882 -0.096593 0.000000
vn 0.025882 -0.096593 0.000000
vn -0.000000 -0.100000 0.000000
vn -0.000000 -0.100000 0.000000
vn -0.025882 -0.096593 0.000000
vn -0.025882 -0.096593 0.000000
vn -0.050000 -0.086603 0.000000
vn -0.050000 -0.086603 0.000000
vn -0.070711 -0.070711 0.000000
vn -0.070711 -0.070711 0.000000
vn -0.086603 -0.050000 0.000000
vn -0.086603 -0.050000 0.000000
vn -0.096593 -0.025882 0.000000
vn -0.096593 -0.025882 0.000000
vn -0.100000 0.000000 0.000000
vn -0.100000 0.000000 0.000000
vn -0.096593 0.025882 -0.000000
vn -0.096593 0.025882 -0.000000
vn -0.086603 0.050000 -0.000000
vn -0.086603 0.050000 -0.000000
vn -0.070711 0.070711 -0.000000
vn -0.070711 0.070711 -0.000000
vn -0.050000 0.086603 -0.000000
vn -0.050000 0.086603 -0.000000
vn -0.025882 0.096593 -0.000000
vn -0.025882 0.096593 -0.000000
vn -0.000000 0.100000 -0.000000
vn -0.000000 0.100000 -0.000000
vn 0.025882 0.096593 0.000000
vn 0.025882 0.096593 0.000000
vn 0.050000 0.086603 0.000000
vn 0.050000 0.086603 0.000000
vn 0.070711 0.070711 0.000000
vn 0.070711 0.070711 0.000000
vn 0.086603 0.050000 0.000000
vn 0.086603 0.050000 0.000000
vn -0.019509 0.098079 -0.000000
vn -0.000000 0.100000 -0.000000
vn 0.019509 0.098079 0.000000
vn 0.038268 0.092388 0.000000
vn 0.055557 0.083147 0.000000
vn 0.070711 0.070711 0.000000
vn 0.083147 0.055557 0.000000
vn 0.092388 0.038268 0.000000
vn 0.098079 0.019509 0.000000
vn 0.100000 0.000000 0.000000
vn 0.098079 -0.019509 0.000000
vn 0.092388 -0.038268 0.000000
vn 0.083147 -0.055557 0.000000
vn 0.070711 -0.070711 0.000000
vn 0.055557 -0.083147 0.000000
vn 0.038268 -0.092388 0.000000
vn 0.019509 -0.098079 0.000000
vn -0.000000 -0.100000 0.000000
vn -0.019509 -0.098079 0.000000
vn -0.038268 -0.092388 0.000000
vn -0.055557 -0.083147 0.000000
vn -0.070711 -0.070711 0.000000
vn -0.083147 -0.055557 0.000000
vn -0.092388 -0.038268 0.000000
vn -0.098079 -0.019509 0.000000
vn -0.100000 0.000000 0.000000
vn -0.098079 0.019509 -0.000000
vn -0.092388 0.038268 -0.000000
vn -0.083147 0.055557 -0.000000
vn -0.070711 0.070711 -0.000000
vn -0.055557 0.083147 -0.000000
vn -0.038268 0.092388 -0.000000
vn 0.000000 0.100000 0.000000
vn 0.000000 0.100000 0.000000
vn 0.000000 0.100000 0.000000
vn 0.000000 0.100000 0.000000
usemtl Steel_-_Satin
f 2/1/1 31/2/2 1/3/3
f 1/3/3 31/2/2 32/4/4
f 1/3/3 32/4/4 24/5/5
f 24/5/5 32/4/4 33/6/6
f 24/5/5 33/6/6 23/7/7
f 23/7/7 33/6/6 34/8/8
f 23/7/7 34/8/8 22/9/9
f 22/9/9 34/8/8 35/10/10
f 22/9/9 35/10/10 21/11/11
f 21/11/11 35/10/10 36/12/12
f 21/11/11 36/12/12 20/13/13
f 20/13/13 36/12/12 37/14/14
f 20/13/13 37/14/14 19/15/15
f 19/15/15 37/14/14 38/16/16
f 19/15/15 38/16/16 39/17/17
f 31/2/2 2/1/1 30/18/18
f 30/18/18 2/1/1 3/19/19
f 30/18/18 3/19/19 29/20/20
f 29/20/20 3/19/19 4/21/21
f 29/20/20 4/21/21 28/22/22
f 28/22/22 4/21/21 5/23/23
f 28/22/22 5/23/23 27/24/24
f 27/24/24 5/23/23 6/25/25
f 27/24/24 6/25/25 26/26/26
f 26/26/26 6/25/25 7/27/27
f 26/26/26 7/27/27 25/28/28
f 25/28/28 7/27/27 50/29/29
f 50/29/29 7/27/27 8/30/30
f 50/29/29 8/30/30 49/31/31
f 49/31/31 8/30/30 9/32/32
f 49/31/31 9/32/32 48/33/33
f 48/33/33 9/32/32 10/34/34
f 48/33/33 10/34/34 47/35/35
f 47/35/35 10/34/34 11/36/36
f 47/35/35 11/36/36 46/37/37
f 46/37/37 11/36/36 12/38/38
f 46/37/37 12/38/38 45/39/39
f 45/39/39 12/38/38 13/40/40
f 45/39/39 13/40/40 44/41/41
f 44/41/41 13/40/40 14/42/42
f 44/41/41 14/42/42 43/43/43
f 43/43/43 14/42/42 15/44/44
f 43/43/43 15/44/44 42/45/45
f 42/45/45 15/44/44 16/46/46
f 42/45/45 16/46/46 41/47/47
f 41/47/47 16/46/46 17/48/48
f 41/47/47 17/48/48 40/49/49
f 40/49/49 17/48/48 18/50/50
f 40/49/49 18/50/50 39/17/17
f 39/17/17 18/50/50 19/15/15
f 51/51/51 52/52/52 54/53/53
f 54/53/53 52/52/52 53/54/54
f 55/55/55 56/56/56 58/57/57
f 58/57/57 56/56/56 57/58/58
f 82/59/59 59/60/60 112/61/61
f 112/61/61 59/60/60 60/62/62
f 112/61/61 60/62/62 111/63/63
f 111/63/63 60/62/62 61/64/64
f 111/63/63 61/64/64 62/65/65
f 62/65/65 63/66/66 111/63/63
f 111/63/63 63/66/66 64/67/67
f 111/63/63 64/67/67 65/68/68
f 65/68/68 66/69/69 111/63/63
f 111/63/63 66/69/69 67/70/70
f 111/63/63 67/70/70 68/71/71
f 69/72/72 97/73/73 68/71/71
f 68/71/71 97/73/73 98/74/74
f 68/71/71 98/74/74 110/75/75
f 110/75/75 98/74/74 99/76/76
f 110/75/75 99/76/76 100/77/77
f 97/73/73 69/72/72 96/78/78
f 96/78/78 69/72/72 70/79/79
f 96/78/78 70/79/79 95/80/80
f 95/80/80 70/79/79 71/81/81
f 95/80/80 71/81/81 94/82/82
f 94/82/82 71/81/81 72/83/83
f 94/82/82 72/83/83 93/84/84
f 93/84/84 72/83/83 73/85/85
f 93/84/84 73/85/85 92/86/86
f 92/86/86 73/85/85 74/87/87
f 92/86/86 74/87/87 91/88/88
f 91/88/88 74/87/87 75/89/89
f 91/88/88 75/89/89 112/61/61
f 112/61/61 75/89/89 76/90/90
f 112/61/61 76/90/90 77/91/91
f 77/91/91 78/92/92 112/61/61
f 112/61/61 78/92/92 79/93/93
f 112/61/61 79/93/93 80/94/94
f 80/94/94 81/95/95 112/61/61
f 112/61/61 81/95/95 82/59/59
f 106/96/96 83/97/97 107/98/98
f 107/98/98 83/97/97 84/99/99
f 107/98/98 84/99/99 85/100/100
f 85/100/100 86/101/101 107/98/98
f 107/98/98 86/101/101 87/102/102
f 107/98/98 87/102/102 88/103/103
f 88/103/103 89/104/104 107/98/98
f 107/98/98 89/104/104 90/105/105
f 107/98/98 90/105/105 91/88/88
f 100/77/77 101/106/106 110/75/75
f 110/75/75 101/106/106 102/107/107
f 110/75/75 102/107/107 103/108/108
f 103/108/108 104/109/109 110/75/75
f 110/75/75 104/109/109 105/110/110
f 110/75/75 105/110/110 106/96/96
f 110/75/75 106/96/96 107/98/98
f 107/98/98 108/111/111 110/75/75
f 110/75/75 108/111/111 109/112/112
f 110/75/75 111/63/63 68/71/71
f 112/61/61 107/98/98 91/88/88
f 113/113/113 25/114/28 116/115/114
f 116/115/114 25/114/28 115/116/115
f 115/116/115 25/114/28 114/117/116
f 117/118/117 118/119/118 120/120/119
f 120/120/119 118/119/118 119/121/120
f 55/122/121 121/123/122 56/124/123
f 56/124/123 121/123/122 124/125/124
f 124/125/124 121/123/122 123/126/125
f 123/126/125 121/123/122 122/127/126
f 125/128/127 126/129/128 127/130/129
f 107/131/130 133/132/131 108/133/132
f 108/133/132 133/132/131 134/134/133
f 108/133/132 134/134/133 135/135/134
f 128/136/135 155/137/136 107/131/130
f 107/131/130 155/137/136 156/138/137
f 107/131/130 156/138/137 157/139/138
f 129/140/139 147/141/140 128/136/135
f 128/136/135 147/141/140 148/142/141
f 128/136/135 148/142/141 149/143/142
f 130/144/143 131/145/144 129/140/139
f 129/140/139 131/145/144 142/146/145
f 129/140/139 142/146/145 143/147/146
f 108/133/132 137/148/147 131/145/144
f 131/145/144 137/148/147 138/149/148
f 131/145/144 138/149/148 139/150/149
f 161/151/150 132/152/151 107/131/130
f 107/131/130 132/152/151 133/132/131
f 135/135/134 136/153/152 108/133/132
f 108/133/132 136/153/152 137/148/147
f 139/150/149 140/154/153 131/145/144
f 131/145/144 140/154/153 141/155/154
f 131/145/144 141/155/154 142/146/145
f 143/147/146 144/156/155 129/140/139
f 129/140/139 144/156/155 145/157/156
f 129/140/139 145/157/156 146/158/157
f 146/158/157 147/141/140 129/140/139
f 149/143/142 150/159/158 128/136/135
f 128/136/135 150/159/158 151/160/159
f 128/136/135 151/160/159 152/161/160
f 152/161/160 153/162/161 128/136/135
f 128/136/135 153/162/161 154/163/162
f 128/136/135 154/163/162 155/137/136
f 157/139/138 158/164/163 107/131/130
f 107/131/130 158/164/163 159/165/164
f 107/131/130 159/165/164 160/166/165
f 160/166/165 161/151/150 107/131/130
f 112/167/166 162/168/167 107/169/168
f 107/169/168 162/168/167 128/170/169
f 164/171/170 210/172/171 163/173/172
f 163/173/172 210/172/171 187/174/173
f 163/175/172 187/176/173 186/177/174
f 186/177/174 187/176/173 188/178/175
f 186/177/174 188/178/175 185/179/176
f 185/179/176 188/178/175 189/180/177
f 185/179/176 189/180/177 184/181/178
f 184/181/178 189/180/177 190/182/179
f 184/181/178 190/182/179 183/183/180
f 183/183/180 190/182/179 191/184/181
f 183/183/180 191/184/181 182/185/182
f 182/185/182 191/184/181 192/186/183
f 182/185/182 192/186/183 181/187/184
f 181/187/184 192/186/183 193/188/185
f 181/187/184 193/188/185 180/189/186
f 180/189/186 193/188/185 194/190/187
f 180/189/186 194/190/187 179/191/188
f 179/191/188 194/190/187 195/192/189
f 179/191/188 195/192/189 178/193/190
f 178/193/190 195/192/189 196/194/191
f 178/193/190 196/194/191 177/195/192
f 177/195/192 196/194/191 197/196/193
f 177/195/192 197/196/193 176/197/194
f 176/197/194 197/196/193 198/198/195
f 176/197/194 198/198/195 175/199/196
f 175/199/196 198/198/195 199/200/197
f 175/199/196 199/200/197 174/201/198
f 174/201/198 199/200/197 200/202/199
f 174/201/198 200/202/199 173/203/200
f 173/203/200 200/202/199 201/204/201
f 173/203/200 201/204/201 172/205/202
f 172/205/202 201/204/201 202/206/203
f 172/205/202 202/206/203 171/207/204
f 171/207/204 202/206/203 203/208/205
f 171/207/204 203/208/205 170/209/206
f 170/209/206 203/208/205 204/210/207
f 170/209/206 204/210/207 169/211/208
f 169/211/208 204/210/207 205/212/209
f 169/211/208 205/212/209 168/213/210
f 168/213/210 205/212/209 206/214/211
f 168/213/210 206/214/211 167/215/212
f 167/215/212 206/214/211 207/216/213
f 167/215/212 207/216/213 166/217/214
f 166/217/214 207/216/213 208/218/215
f 166/217/214 208/218/215 165/219/216
f 165/219/216 208/218/215 209/220/217
f 165/219/216 209/220/217 164/171/170
f 164/171/170 209/220/217 210/172/171
f 211/221/218 212/222/219 213/223/220
f 126/224/221 125/225/222 221/226/223
f 221/226/223 125/225/222 214/227/224
f 221/226/223 214/227/224 220/228/225
f 220/228/225 214/227/224 217/229/226
f 220/228/225 217/229/226 219/230/227
f 219/230/227 217/229/226 218/231/228
f 215/232/229 216/233/230 214/227/224
f 214/227/224 216/233/230 217/229/226
f 222/234/231 223/235/232 221/226/223
f 221/226/223 223/235/232 126/224/221
f 126/224/221 223/235/232 259/236/233
f 259/236/233 223/235/232 224/237/234
f 259/236/233 224/237/234 231/238/235
f 231/238/235 224/237/234 230/239/236
f 230/239/236 224/237/234 229/240/237
f 229/240/237 224/237/234 228/241/238
f 228/241/238 224/237/234 227/242/239
f 227/242/239 224/237/234 226/243/240
f 226/243/240 224/237/234 225/244/241
f 231/238/235 232/245/242 259/236/233
f 259/236/233 232/245/242 233/246/243
f 259/236/233 233/246/243 234/247/244
f 234/247/244 235/248/245 259/236/233
f 259/236/233 235/248/245 236/249/246
f 259/236/233 236/249/246 237/250/247
f 237/250/247 238/251/248 259/236/233
f 259/236/233 238/251/248 239/252/249
f 259/236/233 239/252/249 240/253/250
f 240/253/250 241/254/251 259/236/233
f 259/236/233 241/254/251 258/255/252
f 258/255/252 241/254/251 242/256/253
f 258/255/252 242/256/253 243/257/254
f 243/257/254 244/258/255 258/255/252
f 258/255/252 244/258/255 245/259/256
f 258/255/252 245/259/256 246/260/257
f 246/260/257 247/261/258 258/255/252
f 258/255/252 247/261/258 248/262/259
f 258/255/252 248/262/259 249/263/260
f 258/255/252 249/263/260 257/264/261
f 257/264/261 249/263/260 250/265/262
f 257/264/261 250/265/262 251/266/263
f 251/266/263 252/267/264 257/264/261
f 257/264/261 252/267/264 253/268/265
f 257/264/261 253/268/265 254/269/266
f 254/269/266 255/270/267 257/264/261
f 257/264/261 255/270/267 256/271/268
f 257/264/261 256/271/268 225/244/241
f 260/272/269 126/273/270 259/274/271
f 261/275/272 260/276/273 258/277/274
f 258/277/274 260/276/273 259/278/275
f 127/279/276 126/280/277 262/281/278
f 262/281/278 126/280/277 261/282/279
f 261/282/279 126/280/277 260/283/280
f 188/284/281 187/285/282 127/286/283
f 127/286/283 187/285/282 210/287/284
f 127/286/283 210/287/284 209/288/285
f 127/286/283 209/288/285 125/289/286
f 125/289/286 209/288/285 208/290/287
f 125/289/286 208/290/287 207/291/288
f 207/291/288 206/292/289 125/289/286
f 125/289/286 206/292/289 205/293/290
f 125/289/286 205/293/290 204/294/291
f 125/289/286 204/294/291 262/295/292
f 262/295/292 204/294/291 203/296/293
f 262/295/292 203/296/293 202/297/294
f 202/297/294 201/298/295 262/295/292
f 262/295/292 201/298/295 200/299/296
f 262/295/292 200/299/296 199/300/297
f 199/300/297 198/301/298 262/295/292
f 262/295/292 198/301/298 197/302/299
f 262/295/292 197/302/299 196/303/300
f 196/303/300 195/304/301 262/295/292
f 262/295/292 195/304/301 194/305/302
f 262/295/292 194/305/302 127/286/283
f 127/286/283 194/305/302 193/306/303
f 127/286/283 193/306/303 192/307/304
f 192/307/304 191/308/305 127/286/283
f 127/286/283 191/308/305 190/309/306
f 127/286/283 190/309/306 189/310/307
f 189/310/307 188/284/281 127/286/283
f 262/295/292 122/311/308 125/289/286
f 125/289/286 122/311/308 263/312/309
f 125/289/286 263/312/309 264/313/310
f 122/311/308 121/314/311 263/312/309
f 265/315/312 266/316/313 264/313/310
f 264/313/310 266/316/313 125/289/286
f 267/317/314 268/318/315 266/316/313
f 266/316/313 268/318/315 214/319/316
f 266/316/313 214/319/316 125/289/286
f 113/320/317 116/321/318 257/322/319
f 257/322/319 116/321/318 269/323/320
f 257/322/319 269/323/320 258/324/321
f 258/324/321 269/323/320 270/325/322
f 258/324/321 270/325/322 261/326/323
f 261/326/323 270/325/322 262/327/324
f 262/327/324 270/325/322 271/328/325
f 262/327/324 271/328/325 123/329/326
f 123/329/326 122/330/327 262/327/324
f 271/331/328 270/332/329 213/333/330
f 213/333/330 270/332/329 211/334/331
f 263/335/332 121/336/333 58/337/334
f 58/337/334 121/336/333 55/338/335
f 129/339/336 212/340/337 273/341/338
f 273/341/338 212/340/337 211/342/339
f 273/341/338 211/342/339 272/343/340
f 272/343/340 211/342/339 291/344/341
f 272/343/340 291/344/341 269/345/342
f 269/345/342 291/344/341 292/346/343
f 269/345/342 292/346/343 293/347/344
f 270/348/345 276/349/346 211/342/339
f 211/342/339 276/349/346 277/350/347
f 211/342/339 277/350/347 278/351/348
f 269/345/342 297/352/349 270/348/345
f 270/348/345 297/352/349 298/353/350
f 270/348/345 298/353/350 299/354/351
f 274/355/352 275/356/353 273/341/338
f 273/341/338 275/356/353 129/339/336
f 275/356/353 130/357/354 129/339/336
f 278/351/348 279/358/355 211/342/339
f 211/342/339 279/358/355 280/359/356
f 211/342/339 280/359/356 281/360/357
f 281/360/357 282/361/358 211/342/339
f 211/342/339 282/361/358 283/362/359
f 211/342/339 283/362/359 284/363/360
f 284/363/360 285/364/361 211/342/339
f 211/342/339 285/364/361 286/365/362
f 211/342/339 286/365/362 287/366/363
f 287/366/363 288/367/364 211/342/339
f 211/342/339 288/367/364 289/368/365
f 211/342/339 289/368/365 290/369/366
f 290/369/366 291/344/341 211/342/339
f 293/347/344 294/370/367 269/345/342
f 269/345/342 294/370/367 295/371/368
f 269/345/342 295/371/368 296/372/369
f 296/372/369 297/352/349 269/345/342
f 299/354/351 300/373/370 270/348/345
f 270/348/345 300/373/370 301/374/371
f 270/348/345 301/374/371 302/375/372
f 302/375/372 303/376/373 270/348/345
f 270/348/345 303/376/373 304/377/374
f 270/348/345 304/377/374 305/378/375
f 305/378/375 306/379/376 270/348/345
f 270/348/345 306/379/376 307/380/377
f 270/348/345 307/380/377 276/349/346
f 164/381/378 163/382/379 213/383/380
f 213/383/380 163/382/379 186/384/381
f 213/383/380 186/384/381 185/385/382
f 185/385/382 184/386/383 213/383/380
f 213/383/380 184/386/383 183/387/384
f 213/383/380 183/387/384 182/388/385
f 182/388/385 181/389/386 213/383/380
f 213/383/380 181/389/386 180/390/387
f 213/383/380 180/390/387 271/391/388
f 271/391/388 180/390/387 179/392/389
f 271/391/388 179/392/389 178/393/390
f 178/393/390 177/394/391 271/391/388
f 271/391/388 177/394/391 176/395/392
f 271/391/388 176/395/392 175/396/393
f 175/396/393 174/397/394 271/391/388
f 271/391/388 174/397/394 173/398/395
f 271/391/388 173/398/395 172/399/396
f 172/399/396 171/400/397 271/391/388
f 271/391/388 171/400/397 170/401/398
f 271/391/388 170/401/398 212/402/399
f 212/402/399 170/401/398 169/403/400
f 212/402/399 169/403/400 168/404/401
f 168/404/401 167/405/402 212/402/399
f 212/402/399 167/405/402 166/406/403
f 212/402/399 166/406/403 165/407/404
f 212/402/399 165/407/404 213/383/380
f 213/383/380 165/407/404 164/381/378
f 124/408/405 123/409/406 309/410/407
f 309/410/407 123/409/406 212/402/399
f 309/410/407 212/402/399 308/411/408
f 308/411/408 212/402/399 129/412/409
f 308/411/408 129/412/409 128/413/410
f 123/409/406 271/391/388 212/402/399
f 128/413/410 162/414/411 308/411/408
f 57/415/412 56/416/413 265/417/414
f 265/417/414 56/416/413 124/418/415
f 265/417/414 124/418/415 309/419/416
f 265/417/414 264/420/417 57/415/412
f 333/421/418 310/422/419 350/423/420
f 350/423/420 310/422/419 311/424/421
f 350/423/420 311/424/421 349/425/422
f 349/425/422 311/424/421 312/426/423
f 349/425/422 312/426/423 313/427/424
f 313/427/424 314/428/425 349/425/422
f 349/425/422 314/428/425 315/429/426
f 349/425/422 315/429/426 316/430/427
f 316/430/427 317/431/428 349/425/422
f 349/425/422 317/431/428 338/432/429
f 349/425/422 338/432/429 339/433/430
f 338/432/429 317/431/428 337/434/431
f 337/434/431 317/431/428 318/435/432
f 337/434/431 318/435/432 336/436/433
f 336/436/433 318/435/432 319/437/434
f 336/436/433 319/437/434 335/438/435
f 335/438/435 319/437/434 320/439/436
f 335/438/435 320/439/436 321/440/437
f 335/438/435 321/440/437 334/441/438
f 334/441/438 321/440/437 322/442/439
f 334/441/438 322/442/439 323/443/440
f 323/443/440 324/444/441 334/441/438
f 334/441/438 324/444/441 351/445/442
f 351/445/442 324/444/441 325/446/443
f 351/445/442 325/446/443 326/447/444
f 326/447/444 327/448/445 351/445/442
f 351/445/442 327/448/445 350/423/420
f 350/423/420 327/448/445 328/449/446
f 350/423/420 328/449/446 329/450/447
f 329/450/447 330/451/448 350/423/420
f 350/423/420 330/451/448 331/452/449
f 350/423/420 331/452/449 332/453/450
f 332/453/450 333/421/418 350/423/420
f 349/425/422 339/433/430 348/454/451
f 348/454/451 339/433/430 340/455/452
f 348/454/451 340/455/452 341/456/453
f 341/456/453 342/457/454 348/454/451
f 348/454/451 342/457/454 343/458/455
f 348/454/451 343/458/455 344/459/456
f 344/459/456 345/460/457 348/454/451
f 348/454/451 345/460/457 346/461/458
f 348/454/451 346/461/458 347/462/459
f 352/463/460 353/464/461 347/465/462
f 347/465/462 353/464/461 112/466/463
f 347/465/462 112/466/463 111/467/464
f 112/466/463 353/464/461 162/468/465
f 162/468/465 353/464/461 267/469/466
f 162/468/465 267/469/466 308/470/467
f 308/470/467 267/469/466 266/471/468
f 111/467/464 348/472/469 347/465/462
f 161/473/470 383/474/471 132/475/472
f 132/475/472 383/474/471 354/476/473
f 132/477/472 354/478/473 133/479/474
f 133/479/474 354/478/473 355/480/475
f 133/479/474 355/480/475 134/481/476
f 134/481/476 355/480/475 356/482/477
f 134/481/476 356/482/477 135/483/478
f 135/483/478 356/482/477 357/484/479
f 135/483/478 357/484/479 136/485/480
f 136/485/480 357/484/479 358/486/481
f 136/485/480 358/486/481 137/487/482
f 137/487/482 358/486/481 359/488/483
f 137/487/482 359/488/483 138/489/484
f 138/489/484 359/488/483 360/490/485
f 138/489/484 360/490/485 139/491/486
f 139/491/486 360/490/485 361/492/487
f 139/491/486 361/492/487 140/493/488
f 140/493/488 361/492/487 362/494/489
f 140/493/488 362/494/489 141/495/490
f 141/495/490 362/494/489 363/496/491
f 141/495/490 363/496/491 142/497/492
f 142/497/492 363/496/491 364/498/493
f 142/497/492 364/498/493 143/499/494
f 143/499/494 364/498/493 365/500/495
f 143/499/494 365/500/495 144/501/496
f 144/501/496 365/500/495 366/502/497
f 144/501/496 366/502/497 145/503/498
f 145/503/498 366/502/497 367/504/499
f 145/503/498 367/504/499 146/505/500
f 146/505/500 367/504/499 368/506/501
f 146/505/500 368/506/501 147/507/502
f 147/507/502 368/506/501 369/508/503
f 147/507/502 369/508/503 148/509/504
f 148/509/504 369/508/503 370/510/505
f 148/509/504 370/510/505 149/511/506
f 149/511/506 370/510/505 371/512/507
f 149/511/506 371/512/507 150/513/508
f 150/513/508 371/512/507 372/514/509
f 150/513/508 372/514/509 151/515/510
f 151/515/510 372/514/509 373/516/511
f 151/515/510 373/516/511 152/517/512
f 152/517/512 373/516/511 374/518/513
f 152/517/512 374/518/513 153/519/514
f 153/519/514 374/518/513 375/520/515
f 153/519/514 375/520/515 154/521/516
f 154/521/516 375/520/515 376/522/517
f 154/521/516 376/522/517 155/523/518
f 155/523/518 376/522/517 377/524/519
f 155/523/518 377/524/519 156/525/520
f 156/525/520 377/524/519 378/526/521
f 156/525/520 378/526/521 157/527/522
f 157/527/522 378/526/521 379/528/523
f 157/527/522 379/528/523 158/529/524
f 158/529/524 379/528/523 380/530/525
f 158/529/524 380/530/525 159/531/526
f 159/531/526 380/530/525 381/532/527
f 159/531/526 381/532/527 160/533/528
f 160/533/528 381/532/527 382/534/529
f 160/533/528 382/534/529 161/473/470
f 161/473/470 382/534/529 383/474/471
f 353/535/530 404/536/531 384/537/532
f 384/537/532 404/536/531 405/538/533
f 384/537/532 405/538/533 406/539/534
f 352/540/535 400/541/536 353/535/530
f 353/535/530 400/541/536 401/542/537
f 353/535/530 401/542/537 402/543/538
f 385/544/539 421/545/540 352/540/535
f 352/540/535 421/545/540 398/546/541
f 352/540/535 398/546/541 399/547/542
f 421/545/540 385/544/539 420/548/543
f 420/548/543 385/544/539 386/549/544
f 420/548/543 386/549/544 419/550/545
f 419/550/545 386/549/544 418/551/546
f 418/551/546 386/549/544 387/552/547
f 418/551/546 387/552/547 388/553/548
f 418/551/546 388/553/548 417/554/549
f 417/554/549 388/553/548 389/555/550
f 417/554/549 389/555/550 416/556/551
f 416/556/551 389/555/550 390/557/552
f 416/556/551 390/557/552 391/558/553
f 391/558/553 392/559/554 416/556/551
f 416/556/551 392/559/554 415/560/555
f 415/560/555 392/559/554 393/561/556
f 415/560/555 393/561/556 414/562/557
f 414/562/557 393/561/556 394/563/558
f 414/562/557 394/563/558 395/564/559
f 396/565/560 412/566/561 395/564/559
f 395/564/559 412/566/561 413/567/562
f 395/564/559 413/567/562 414/562/557
f 412/566/561 396/565/560 411/568/563
f 411/568/563 396/565/560 397/569/564
f 411/568/563 397/569/564 410/570/565
f 410/570/565 397/569/564 409/571/566
f 409/571/566 397/569/564 408/572/567
f 408/572/567 397/569/564 384/537/532
f 408/572/567 384/537/532 407/573/568
f 407/573/568 384/537/532 406/539/534
f 399/547/542 400/541/536 352/540/535
f 402/543/538 403/574/569 353/535/530
f 353/535/530 403/574/569 404/536/531
f 352/575/460 347/576/462 385/577/570
f 385/577/570 347/576/462 346/578/571
f 385/577/570 346/578/571 386/579/572
f 386/579/572 346/578/571 345/580/573
f 386/579/572 345/580/573 387/581/574
f 387/581/574 345/580/573 344/582/575
f 387/581/574 344/582/575 388/583/576
f 388/583/576 344/582/575 343/584/577
f 388/583/576 343/584/577 389/585/578
f 389/585/578 343/584/577 342/586/579
f 389/585/578 342/586/579 390/587/580
f 390/587/580 342/586/579 341/588/581
f 390/587/580 341/588/581 391/589/582
f 391/589/582 341/588/581 340/590/583
f 391/589/582 340/590/583 392/591/584
f 392/591/584 340/590/583 339/592/585
f 392/591/584 339/592/585 393/593/586
f 393/593/586 339/592/585 338/594/587
f 393/593/586 338/594/587 394/595/588
f 394/595/588 338/594/587 337/596/589
f 394/595/588 337/596/589 395/597/590
f 395/597/590 337/596/589 336/598/591
f 395/597/590 336/598/591 396/599/592
f 396/599/592 336/598/591 335/600/593
f 396/599/592 335/600/593 397/601/594
f 397/601/594 335/600/593 334/602/595
f 334/603/596 351/604/597 397/605/598
f 397/605/598 351/604/597 384/606/599
f 225/607/600 25/608/601 226/609/602
f 226/609/602 25/608/601 50/610/603
f 226/609/602 50/610/603 227/611/604
f 227/611/604 50/610/603 49/612/605
f 227/611/604 49/612/605 228/613/606
f 228/613/606 49/612/605 48/614/607
f 228/613/606 48/614/607 229/615/608
f 229/615/608 48/614/607 47/616/609
f 229/615/608 47/616/609 230/617/610
f 230/617/610 47/616/609 46/618/611
f 230/617/610 46/618/611 231/619/612
f 231/619/612 46/618/611 232/620/613
f 232/620/613 46/618/611 45/621/614
f 232/620/613 45/621/614 233/622/615
f 233/622/615 45/621/614 44/623/616
f 233/622/615 44/623/616 234/624/617
f 234/624/617 44/623/616 43/625/618
f 234/624/617 43/625/618 235/626/619
f 235/626/619 43/625/618 42/627/620
f 235/626/619 42/627/620 236/628/621
f 236/628/621 42/627/620 237/629/622
f 237/629/622 42/627/620 41/630/623
f 237/629/622 41/630/623 238/631/624
f 238/631/624 41/630/623 40/632/625
f 238/631/624 40/632/625 239/633/626
f 239/633/626 40/632/625 39/634/627
f 239/633/626 39/634/627 240/635/628
f 240/635/628 39/634/627 38/636/629
f 240/635/628 38/636/629 241/637/630
f 241/637/630 38/636/629 242/638/631
f 242/638/631 38/636/629 37/639/632
f 242/638/631 37/639/632 243/640/633
f 243/640/633 37/639/632 36/641/634
f 243/640/633 36/641/634 244/642/635
f 244/642/635 36/641/634 35/643/636
f 244/642/635 35/643/636 245/644/637
f 245/644/637 35/643/636 34/645/638
f 245/644/637 34/645/638 246/646/639
f 246/646/639 34/645/638 247/647/640
f 247/647/640 34/645/638 33/648/641
f 247/647/640 33/648/641 248/649/642
f 248/649/642 33/648/641 32/650/643
f 248/649/642 32/650/643 249/651/644
f 249/652/644 32/653/643 31/654/645
f 249/652/644 31/654/645 250/655/646
f 250/655/646 31/654/645 30/656/647
f 250/655/646 30/656/647 251/657/648
f 251/657/648 30/656/647 29/658/649
f 251/657/648 29/658/649 252/659/650
f 252/659/650 29/658/649 253/660/651
f 253/660/651 29/658/649 28/661/652
f 253/660/651 28/661/652 254/662/653
f 254/662/653 28/661/652 27/663/654
f 254/662/653 27/663/654 255/664/655
f 255/664/655 27/663/654 26/665/656
f 255/664/655 26/665/656 256/666/657
f 256/666/657 26/665/656 25/608/601
f 256/666/657 25/608/601 225/607/600
f 225/667/658 224/668/659 25/669/660
f 25/669/660 224/668/659 114/670/661
f 223/671/662 273/672/663 224/673/664
f 224/673/664 273/672/663 272/674/665
f 224/673/664 272/674/665 115/675/666
f 115/675/666 114/676/667 224/673/664
f 109/677/668 108/678/669 215/679/670
f 215/679/670 108/678/669 131/680/671
f 215/679/670 131/680/671 422/681/672
f 422/681/672 216/682/673 215/679/670
f 130/683/674 275/684/675 131/685/676
f 131/685/676 275/684/675 422/686/677
f 25/687/660 113/688/678 225/689/658
f 225/689/658 113/688/678 257/690/679
f 308/691/680 266/692/681 309/693/682
f 309/693/682 266/692/681 265/694/683
f 52/695/684 51/696/685 216/697/686
f 216/697/686 51/696/685 217/698/687
f 274/699/688 53/700/689 275/701/690
f 275/701/690 53/700/689 52/702/691
f 275/701/690 52/702/691 216/703/692
f 216/703/692 422/704/693 275/701/690
f 349/705/694 348/706/695 110/707/696
f 110/707/696 348/706/695 111/708/697
f 120/709/698 119/710/699 220/711/700
f 220/711/700 119/710/699 221/712/701
f 54/713/702 53/714/703 218/715/704
f 218/715/704 53/714/703 274/716/705
f 218/715/704 274/716/705 219/717/706
f 219/717/706 274/716/705 273/718/707
f 219/717/706 273/718/707 222/719/708
f 222/719/708 273/718/707 223/720/709
f 118/721/710 117/722/711 222/719/708
f 222/719/708 117/722/711 219/717/706
f 54/723/712 218/724/713 51/725/714
f 51/725/714 218/724/713 217/726/715
f 118/727/716 222/728/717 119/729/718
f 119/729/718 222/728/717 221/730/719
f 117/731/720 120/732/721 219/733/722
f 219/733/722 120/732/721 220/734/723
f 351/735/724 350/736/725 384/737/726
f 384/737/726 350/736/725 268/738/727
f 384/737/726 268/738/727 267/739/728
f 267/739/728 353/740/729 384/737/726
f 355/741/730 354/742/731 349/743/732
f 349/743/732 354/742/731 383/744/733
f 349/743/732 383/744/733 350/745/734
f 350/745/734 383/744/733 382/746/735
f 350/745/734 382/746/735 381/747/736
f 381/747/736 380/748/737 350/745/734
f 350/745/734 380/748/737 379/749/738
f 350/745/734 379/749/738 378/750/739
f 378/750/739 377/751/740 350/745/734
f 350/745/734 377/751/740 268/752/741
f 268/752/741 377/751/740 376/753/742
f 268/752/741 376/753/742 375/754/743
f 375/754/743 374/755/744 268/752/741
f 268/752/741 374/755/744 373/756/745
f 268/752/741 373/756/745 372/757/746
f 372/757/746 371/758/747 268/752/741
f 268/752/741 371/758/747 370/759/748
f 268/752/741 370/759/748 369/760/749
f 268/752/741 369/760/749 214/761/750
f 214/761/750 369/760/749 368/762/751
f 214/761/750 368/762/751 367/763/752
f 367/763/752 366/764/753 214/761/750
f 214/761/750 366/764/753 365/765/754
f 214/761/750 365/765/754 364/766/755
f 364/766/755 363/767/756 214/761/750
f 214/761/750 363/767/756 215/768/757
f 215/768/757 363/767/756 362/769/758
f 215/768/757 362/769/758 361/770/759
f 361/770/759 360/771/760 215/768/757
f 215/768/757 360/771/760 359/772/761
f 215/768/757 359/772/761 109/773/762
f 109/773/762 359/772/761 358/774/763
f 109/773/762 358/774/763 349/743/732
f 349/743/732 358/774/763 357/775/764
f 349/743/732 357/775/764 356/776/765
f 356/776/765 355/741/730 349/743/732
f 349/743/732 110/777/766 109/773/762
f 264/778/767 263/779/768 57/780/769
f 57/780/769 263/779/768 58/781/770
f 106/782/771 311/783/772 83/784/773
f 83/784/773 311/783/772 310/785/774
f 83/786/773 310/787/774 84/788/775
f 84/788/775 310/787/774 333/789/776
f 84/788/775 333/789/776 85/790/777
f 85/790/777 333/789/776 332/791/778
f 85/790/777 332/791/778 86/792/779
f 86/792/779 332/791/778 331/793/780
f 86/792/779 331/793/780 87/794/781
f 87/794/781 331/793/780 330/795/782
f 87/794/781 330/795/782 88/796/783
f 88/796/783 330/795/782 329/797/784
f 88/796/783 329/797/784 89/798/785
f 89/798/785 329/797/784 328/799/786
f 89/798/785 328/799/786 90/800/787
f 90/800/787 328/799/786 327/801/788
f 90/800/787 327/801/788 91/802/789
f 91/802/789 327/801/788 326/803/790
f 91/802/789 326/803/790 92/804/791
f 92/804/791 326/803/790 325/805/792
f 92/804/791 325/805/792 93/806/793
f 93/806/793 325/805/792 324/807/794
f 93/806/793 324/807/794 94/808/795
f 94/808/795 324/807/794 323/809/796
f 94/808/795 323/809/796 95/810/797
f 95/810/797 323/809/796 322/811/798
f 95/810/797 322/811/798 96/812/799
f 96/812/799 322/811/798 321/813/800
f 96/812/799 321/813/800 97/814/801
f 97/814/801 321/813/800 320/815/802
f 97/814/801 320/815/802 98/816/803
f 98/816/803 320/815/802 319/817/804
f 98/816/803 319/817/804 99/818/805
f 99/818/805 319/817/804 318/819/806
f 99/818/805 318/819/806 100/820/807
f 100/820/807 318/819/806 317/821/808
f 100/820/807 317/821/808 101/822/809
f 101/822/809 317/821/808 316/823/810
f 101/822/809 316/823/810 102/824/811
f 102/824/811 316/823/810 315/825/812
f 102/824/811 315/825/812 103/826/813
f 103/826/813 315/825/812 314/827/814
f 103/826/813 314/827/814 104/828/815
f 104/828/815 314/827/814 313/829/816
f 104/828/815 313/829/816 105/830/817
f 105/830/817 313/829/816 312/831/818
f 105/830/817 312/831/818 106/782/771
f 106/782/771 312/831/818 311/783/772
f 82/832/819 424/833/820 59/834/821
f 59/834/821 424/833/820 423/835/822
f 59/836/821 423/837/822 60/838/823
f 60/838/823 423/837/822 446/839/824
f 60/838/823 446/839/824 61/840/825
f 61/840/825 446/839/824 445/841/826
f 61/840/825 445/841/826 62/842/827
f 62/842/827 445/841/826 444/843/828
f 62/842/827 444/843/828 63/844/829
f 63/844/829 444/843/828 443/845/830
f 63/844/829 443/845/830 64/846/831
f 64/846/831 443/845/830 442/847/832
f 64/846/831 442/847/832 65/848/833
f 65/848/833 442/847/832 441/849/834
f 65/848/833 441/849/834 66/850/835
f 66/850/835 441/849/834 440/851/836
f 66/850/835 440/851/836 67/852/837
f 67/852/837 440/851/836 439/853/838
f 67/852/837 439/853/838 68/854/839
f 68/854/839 439/853/838 438/855/840
f 68/854/839 438/855/840 69/856/841
f 69/856/841 438/855/840 437/857/842
f 69/856/841 437/857/842 70/858/843
f 70/858/843 437/857/842 436/859/844
f 70/858/843 436/859/844 71/860/845
f 71/860/845 436/859/844 435/861/846
f 71/860/845 435/861/846 72/862/847
f 72/862/847 435/861/846 434/863/848
f 72/862/847 434/863/848 73/864/849
f 73/864/849 434/863/848 433/865/850
f 73/864/849 433/865/850 74/866/851
f 74/866/851 433/865/850 432/867/852
f 74/866/851 432/867/852 75/868/853
f 75/868/853 432/867/852 431/869/854
f 75/868/853 431/869/854 76/870/855
f 76/870/855 431/869/854 430/871/856
f 76/870/855 430/871/856 77/872/857
f 77/872/857 430/871/856 429/873/858
f 77/872/857 429/873/858 78/874/859
f 78/874/859 429/873/858 428/875/860
f 78/874/859 428/875/860 79/876/861
f 79/876/861 428/875/860 427/877/862
f 79/876/861 427/877/862 80/878/863
f 80/878/863 427/877/862 426/879/864
f 80/878/863 426/879/864 81/880/865
f 81/880/865 426/879/864 425/881/866
f 81/880/865 425/881/866 82/832/819
f 82/832/819 425/881/866 424/833/820
f 421/882/867 446/839/824 398/883/868
f 398/883/868 446/839/824 423/837/822
f 398/884/868 423/835/822 399/885/869
f 399/885/869 423/835/822 424/833/820
f 399/885/869 424/833/820 400/886/870
f 400/886/870 424/833/820 425/881/866
f 400/886/870 425/881/866 401/887/871
f 401/887/871 425/881/866 426/879/864
f 401/887/871 426/879/864 402/888/872
f 402/888/872 426/879/864 427/877/862
f 402/888/872 427/877/862 403/889/873
f 403/889/873 427/877/862 428/875/860
f 403/889/873 428/875/860 404/890/874
f 404/890/874 428/875/860 429/873/858
f 404/890/874 429/873/858 405/891/875
f 405/891/875 429/873/858 430/871/856
f 405/891/875 430/871/856 406/892/876
f 406/892/876 430/871/856 431/869/854
f 406/892/876 431/869/854 407/893/877
f 407/893/877 431/869/854 432/867/852
f 407/893/877 432/867/852 408/894/878
f 408/894/878 432/867/852 433/865/850
f 408/894/878 433/865/850 409/895/879
f 409/895/879 433/865/850 434/863/848
f 409/895/879 434/863/848 410/896/880
f 410/896/880 434/863/848 435/861/846
f 410/896/880 435/861/846 411/897/881
f 411/897/881 435/861/846 436/859/844
f 411/897/881 436/859/844 412/898/882
f 412/898/882 436/859/844 437/857/842
f 412/898/882 437/857/842 413/899/883
f 413/899/883 437/857/842 438/855/840
f 413/899/883 438/855/840 414/900/884
f 414/900/884 438/855/840 439/853/838
f 414/900/884 439/853/838 415/901/885
f 415/901/885 439/853/838 440/851/836
f 415/901/885 440/851/836 416/902/886
f 416/902/886 440/851/836 441/849/834
f 416/902/886 441/849/834 417/903/887
f 417/903/887 441/849/834 442/847/832
f 417/903/887 442/847/832 418/904/888
f 418/904/888 442/847/832 443/845/830
f 418/904/888 443/845/830 419/905/889
f 419/905/889 443/845/830 444/843/828
f 419/905/889 444/843/828 420/906/890
f 420/906/890 444/843/828 445/841/826
f 420/906/890 445/841/826 421/882/867
f 421/882/867 445/841/826 446/839/824
f 24/907/891 448/908/892 1/909/893
f 1/909/893 448/908/892 447/910/894
f 1/911/893 447/912/894 2/913/895
f 2/913/895 447/912/894 470/914/896
f 2/913/895 470/914/896 3/915/897
f 3/915/897 470/914/896 469/916/898
f 3/915/897 469/916/898 4/917/899
f 4/917/899 469/916/898 468/918/900
f 4/917/899 468/918/900 5/919/901
f 5/919/901 468/918/900 467/920/902
f 5/919/901 467/920/902 6/921/903
f 6/921/903 467/920/902 466/922/904
f 6/921/903 466/922/904 7/923/905
f 7/923/905 466/922/904 465/924/906
f 7/923/905 465/924/906 8/925/907
f 8/925/907 465/924/906 464/926/908
f 8/925/907 464/926/908 9/927/909
f 9/927/909 464/926/908 463/928/910
f 9/927/909 463/928/910 10/929/911
f 10/929/911 463/928/910 462/930/912
f 10/929/911 462/930/912 11/931/913
f 11/931/913 462/930/912 461/932/914
f 11/931/913 461/932/914 12/933/915
f 12/933/915 461/932/914 460/934/916
f 12/933/915 460/934/916 13/935/917
f 13/935/917 460/934/916 459/936/918
f 13/935/917 459/936/918 14/937/919
f 14/937/919 459/936/918 458/938/920
f 14/937/919 458/938/920 15/939/921
f 15/939/921 458/938/920 457/940/922
f 15/939/921 457/940/922 16/941/923
f 16/941/923 457/940/922 456/942/924
f 16/941/923 456/942/924 17/943/925
f 17/943/925 456/942/924 455/944/926
f 17/943/925 455/944/926 18/945/927
f 18/945/927 455/944/926 454/946/928
f 18/945/927 454/946/928 19/947/929
f 19/947/929 454/946/928 453/948/930
f 19/947/929 453/948/930 20/949/931
f 20/949/931 453/948/930 452/950/932
f 20/949/931 452/950/932 21/951/933
f 21/951/933 452/950/932 451/952/934
f 21/951/933 451/952/934 22/953/935
f 22/953/935 451/952/934 450/954/936
f 22/953/935 450/954/936 23/955/937
f 23/955/937 450/954/936 449/956/938
f 23/955/937 449/956/938 24/907/891
f 24/907/891 449/956/938 448/908/892
f 277/957/939 276/958/940 453/948/930
f 453/948/930 276/958/940 307/959/941
f 453/948/930 307/959/941 452/950/932
f 452/950/932 307/959/941 306/960/942
f 452/950/932 306/960/942 451/952/934
f 451/952/934 306/960/942 305/961/943
f 451/952/934 305/961/943 450/954/936
f 450/954/936 305/961/943 304/962/944
f 450/954/936 304/962/944 303/963/945
f 450/954/936 303/963/945 449/956/938
f 449/956/938 303/963/945 302/964/946
f 449/956/938 302/964/946 448/908/892
f 448/908/892 302/964/946 301/965/947
f 448/908/892 301/965/947 447/910/894
f 447/910/894 301/965/947 300/966/948
f 447/912/894 300/967/948 299/968/949
f 447/912/894 299/968/949 470/914/896
f 470/914/896 299/968/949 298/969/950
f 470/914/896 298/969/950 469/916/898
f 469/916/898 298/969/950 297/970/951
f 469/916/898 297/970/951 468/918/900
f 468/918/900 297/970/951 296/971/952
f 468/918/900 296/971/952 295/972/953
f 468/918/900 295/972/953 467/920/902
f 467/920/902 295/972/953 294/973/954
f 467/920/902 294/973/954 466/922/904
f 466/922/904 294/973/954 293/974/955
f 466/922/904 293/974/955 465/924/906
f 465/924/906 293/974/955 292/975/956
f 465/924/906 292/975/956 291/976/957
f 465/924/906 291/976/957 464/926/908
f 464/926/908 291/976/957 290/977/958
f 464/926/908 290/977/958 463/928/910
f 463/928/910 290/977/958 289/978/959
f 463/928/910 289/978/959 462/930/912
f 462/930/912 289/978/959 288/979/960
f 462/930/912 288/979/960 287/980/961
f 462/930/912 287/980/961 461/932/914
f 461/932/914 287/980/961 286/981/962
f 461/932/914 286/981/962 460/934/916
f 460/934/916 286/981/962 285/982/963
f 460/934/916 285/982/963 459/936/918
f 459/936/918 285/982/963 284/983/964
f 459/936/918 284/983/964 283/984/965
f 459/936/918 283/984/965 458/938/920
f 458/938/920 283/984/965 282/985/966
f 458/938/920 282/985/966 457/940/922
f 457/940/922 282/985/966 281/986/967
f 457/940/922 281/986/967 456/942/924
f 456/942/924 281/986/967 280/987/968
f 456/942/924 280/987/968 279/988/969
f 456/942/924 279/988/969 455/944/926
f 455/944/926 279/988/969 278/989/970
f 455/944/926 278/989/970 454/946/928
f 454/946/928 278/989/970 277/957/939
f 454/946/928 277/957/939 453/948/930
f 115/990/971 272/991/972 116/992/973
f 116/992/973 272/991/972 269/993/974
# 470 vertices
# 993 texture params
# 974 normals
# 958 facets

# 1 groups
