# WaveFront *.obj file (generated by Autodesk ATF)

mtllib back-L.mtl

g back-L

v 40.800000 0.000000 -7.100000
v 40.765926 -0.258819 -7.100000
v 40.666025 -0.500000 -7.100000
v 40.507107 -0.707107 -7.100000
v 40.300000 -0.866025 -7.100000
v 40.058819 -0.965926 -7.100000
v 39.800000 -1.000000 -7.100000
v 39.541181 -0.965926 -7.100000
v 39.300000 -0.866025 -7.100000
v 39.092893 -0.707107 -7.100000
v 38.933975 -0.500000 -7.100000
v 38.834074 -0.258819 -7.100000
v 38.800000 0.000000 -7.100000
v 38.834074 0.258819 -7.100000
v 38.933975 0.500000 -7.100000
v 39.092893 0.707107 -7.100000
v 39.300000 0.866025 -7.100000
v 39.541181 0.965926 -7.100000
v 39.800000 1.000000 -7.100000
v 40.058819 0.965926 -7.100000
v 40.300000 0.866025 -7.100000
v 40.507107 0.707107 -7.100000
v 40.666025 0.500000 -7.100000
v 40.765926 0.258819 -7.100000
v 1.750000 0.200000 -7.100000
v 1.792593 0.523524 -7.100000
v 1.917468 0.825000 -7.100000
v 2.116117 1.083883 -7.100000
v 2.375000 1.282532 -7.100000
v 2.676476 1.407407 -7.100000
v 3.000000 1.450000 -7.100000
v 3.323524 1.407407 -7.100000
v 3.625000 1.282532 -7.100000
v 3.883883 1.083883 -7.100000
v 4.082532 0.825000 -7.100000
v 4.207407 0.523524 -7.100000
v 4.250000 0.200000 -7.100000
v 4.207407 -0.123524 -7.100000
v 4.082532 -0.425000 -7.100000
v 3.883883 -0.683883 -7.100000
v 3.625000 -0.882532 -7.100000
v 3.323524 -1.007407 -7.100000
v 3.000000 -1.050000 -7.100000
v 2.676476 -1.007407 -7.100000
v 2.375000 -0.882532 -7.100000
v 2.116117 -0.683883 -7.100000
v 1.917468 -0.425000 -7.100000
v 1.792593 -0.123524 -7.100000
v 0.800000 26.100000 -7.100000
v -1.200000 26.100000 -7.100000
v -1.200000 -4.000000 -7.100000
v 43.800000 -4.000000 -7.100000
v 43.800000 9.100000 -7.100000
v 0.800000 9.100000 -7.100000
v 1.800000 26.100000 -7.100000
v 5.800000 26.100000 -7.100000
v 5.800000 30.100000 -7.100000
v 1.800000 30.100000 -7.100000
v 143.500000 -4.000000 -7.100000
v 145.500000 -4.000000 -7.100000
v 145.500000 8.000000 -7.100000
v 143.500000 8.000000 -7.100000
v 171.500000 34.200000 -7.100000
v 171.465926 33.941181 -7.100000
v 171.366025 33.700000 -7.100000
v 171.207107 33.492893 -7.100000
v 171.000000 33.333975 -7.100000
v 170.758819 33.234074 -7.100000
v 170.500000 33.200000 -7.100000
v 170.241181 33.234074 -7.100000
v 170.000000 33.333975 -7.100000
v 169.792893 33.492893 -7.100000
v 169.633975 33.700000 -7.100000
v 169.534074 33.941181 -7.100000
v 169.500000 34.200000 -7.100000
v 169.534074 34.458819 -7.100000
v 169.633975 34.700000 -7.100000
v 169.792893 34.907107 -7.100000
v 170.000000 35.066025 -7.100000
v 170.241181 35.165926 -7.100000
v 170.500000 35.200000 -7.100000
v 170.758819 35.165926 -7.100000
v 171.000000 35.066025 -7.100000
v 171.207107 34.907107 -7.100000
v 171.366025 34.700000 -7.100000
v 171.465926 34.458819 -7.100000
v 170.500000 38.200000 -7.100000
v 169.542737 38.083767 -7.100000
v 168.641107 37.741824 -7.100000
v 167.847509 37.194043 -7.100000
v 167.208065 36.472259 -7.100000
v 166.759935 35.618420 -7.100000
v 166.529165 34.682147 -7.100000
v 166.529165 33.717853 -7.100000
v 166.759935 32.781580 -7.100000
v 167.208065 31.927741 -7.100000
v 167.847509 31.205957 -7.100000
v 168.641107 30.658176 -7.100000
v 169.542737 30.316233 -7.100000
v 170.500000 30.200000 -7.100000
v 171.457263 30.316233 -7.100000
v 172.358893 30.658176 -7.100000
v 173.152491 31.205957 -7.100000
v 173.791935 31.927741 -7.100000
v 174.240065 32.781580 -7.100000
v 174.470835 33.717853 -7.100000
v 174.470835 34.682147 -7.100000
v 174.240065 35.618420 -7.100000
v 173.791935 36.472259 -7.100000
v 173.152491 37.194043 -7.100000
v 172.358893 37.741824 -7.100000
v 171.457263 38.083767 -7.100000
v 182.500000 40.200000 -7.100000
v 18.800000 40.200000 -7.100000
v 18.800000 38.200000 -7.100000
v 182.500000 38.200000 -7.100000
v 15.800000 30.100000 -7.100000
v 11.800000 30.100000 -7.100000
v 11.800000 26.100000 -7.100000
v 15.800000 26.100000 -7.100000
v -1.200000 -4.000000 -31.100000
v 43.800000 -4.000000 -31.100000
v 143.500000 -4.000000 -31.100000
v 182.500000 -4.000000 -31.100000
v 182.500000 -4.000000 -29.100000
v 145.500000 -4.000000 -29.100000
v -1.200000 6.000000 -15.600000
v -1.200000 4.856486 -15.720188
v -1.200000 3.762948 -16.075500
v -1.200000 2.767181 -16.650407
v -1.200000 1.912703 -17.419782
v -1.200000 1.236860 -18.350000
v -1.200000 0.769189 -19.400407
v -1.200000 0.530130 -20.525093
v -1.200000 0.530130 -21.674907
v -1.200000 0.769189 -22.799593
v -1.200000 1.236860 -23.850000
v -1.200000 1.912703 -24.780218
v -1.200000 2.767181 -25.549593
v -1.200000 3.762948 -26.124500
v -1.200000 4.856486 -26.479812
v -1.200000 6.000000 -26.600000
v -1.200000 7.143514 -26.479812
v -1.200000 8.237052 -26.124500
v -1.200000 9.232819 -25.549593
v -1.200000 10.087297 -24.780218
v -1.200000 10.763140 -23.850000
v -1.200000 11.230811 -22.799593
v -1.200000 11.469870 -21.674907
v -1.200000 11.469870 -20.525093
v -1.200000 11.230811 -19.400407
v -1.200000 10.763140 -18.350000
v -1.200000 10.087297 -17.419782
v -1.200000 9.232819 -16.650407
v -1.200000 8.237052 -16.075500
v -1.200000 7.143514 -15.720188
v -1.200000 26.100000 -21.743000
v -1.200000 28.099800 -21.743000
v -1.200000 15.000000 -31.100000
v 143.500000 8.000070 -29.100000
v 93.650000 8.000070 -29.100000
v 93.650000 17.800000 -29.100000
v 93.500000 17.800000 -29.100000
v 93.500000 14.359070 -29.100000
v 0.800000 14.359070 -29.100000
v 0.800000 -2.000000 -29.100000
v 43.800000 -2.000000 -29.100000
v 43.800000 6.000000 -29.100000
v 143.500000 6.000000 -29.100000
v 143.500000 8.000000 -29.100000
v 145.500000 8.000000 -29.100000
v 182.500000 29.500000 -29.100000
v 143.500000 29.500000 -29.100000
v 147.500000 27.000000 -29.100000
v 147.551111 27.388229 -29.100000
v 147.700962 27.750000 -29.100000
v 147.939340 28.060660 -29.100000
v 148.250000 28.299038 -29.100000
v 148.611771 28.448889 -29.100000
v 149.000000 28.500000 -29.100000
v 149.388229 28.448889 -29.100000
v 149.750000 28.299038 -29.100000
v 150.060660 28.060660 -29.100000
v 150.299038 27.750000 -29.100000
v 150.448889 27.388229 -29.100000
v 150.500000 27.000000 -29.100000
v 150.448889 26.611771 -29.100000
v 150.299038 26.250000 -29.100000
v 150.060660 25.939340 -29.100000
v 149.750000 25.700962 -29.100000
v 149.388229 25.551111 -29.100000
v 149.000000 25.500000 -29.100000
v 148.611771 25.551111 -29.100000
v 148.250000 25.700962 -29.100000
v 147.939340 25.939340 -29.100000
v 147.700962 26.250000 -29.100000
v 147.551111 26.611771 -29.100000
v 93.650000 15.000000 -31.100000
v 1.800000 28.099800 -21.743000
v 1.800000 30.100000 -20.314286
v 18.800000 30.100000 -20.314286
v 18.800000 40.200000 -13.100000
v 182.500000 40.200000 -13.100000
v 182.500000 31.000000 -19.671429
v 143.500000 31.000000 -19.671429
v 143.500000 29.500000 -20.742857
v 93.500000 29.500000 -20.742857
v 170.500000 33.200000 -18.100000
v 170.695090 33.219215 -18.086275
v 170.882683 33.276120 -18.045628
v 171.055570 33.368530 -17.979621
v 171.207107 33.492893 -17.890791
v 171.331470 33.644430 -17.782550
v 171.423880 33.817317 -17.659060
v 171.480785 34.004910 -17.525065
v 171.500000 34.200000 -17.385714
v 171.480785 34.395090 -17.246364
v 171.423880 34.582683 -17.112369
v 171.331470 34.755570 -16.988878
v 171.207107 34.907107 -16.880638
v 171.055570 35.031470 -16.791807
v 170.882683 35.123880 -16.725800
v 170.695090 35.180785 -16.685153
v 170.500000 35.200000 -16.671429
v 170.304910 35.180785 -16.685153
v 170.117317 35.123880 -16.725800
v 169.944430 35.031470 -16.791807
v 169.792893 34.907107 -16.880638
v 169.668530 34.755570 -16.988878
v 169.576120 34.582683 -17.112369
v 169.519215 34.395090 -17.246364
v 169.500000 34.200000 -17.385714
v 169.519215 34.004910 -17.525065
v 169.576120 33.817317 -17.659060
v 169.668530 33.644430 -17.782550
v 169.792893 33.492893 -17.890791
v 169.944430 33.368530 -17.979621
v 170.117317 33.276120 -18.045628
v 170.304910 33.219215 -18.086275
v 93.500000 29.500000 -18.285050
v 145.500000 29.500000 -18.285050
v 145.500000 29.759070 -18.100000
v 182.500000 29.759070 -18.100000
v 182.500000 38.200000 -12.070764
v 170.500000 38.200000 -12.070764
v 171.280361 38.123141 -12.125663
v 172.030734 37.895518 -12.288251
v 172.722281 37.525878 -12.552280
v 173.328427 37.028427 -12.907602
v 173.825878 36.422281 -13.340564
v 174.195518 35.730734 -13.834526
v 174.423141 34.980361 -14.370506
v 174.500000 34.200000 -14.927907
v 174.423141 33.419639 -15.485308
v 174.195518 32.669266 -16.021288
v 173.825878 31.977719 -16.515251
v 173.328427 31.371573 -16.948212
v 172.722281 30.874122 -17.303535
v 172.030734 30.504482 -17.567563
v 171.280361 30.276859 -17.730151
v 170.500000 30.200000 -17.785050
v 169.719639 30.276859 -17.730151
v 168.969266 30.504482 -17.567563
v 168.277719 30.874122 -17.303535
v 167.671573 31.371573 -16.948212
v 167.174122 31.977719 -16.515251
v 166.804482 32.669266 -16.021288
v 166.576859 33.419639 -15.485308
v 166.500000 34.200000 -14.927907
v 166.576859 34.980361 -14.370506
v 166.804482 35.730734 -13.834526
v 167.174122 36.422281 -13.340564
v 167.671573 37.028427 -12.907602
v 168.277719 37.525878 -12.552280
v 168.969266 37.895518 -12.288251
v 169.719639 38.123141 -12.125663
v 18.800000 38.200000 -12.070764
v 18.800000 30.100000 -17.856478
v 15.800000 30.100000 -17.856478
v 15.800000 26.100000 -20.713621
v 11.800000 26.100000 -20.713621
v 11.800000 30.100000 -17.856478
v 5.800000 30.100000 -17.856478
v 5.800000 26.100000 -20.713621
v 1.800000 26.100000 -20.713621
v 0.800000 26.100000 -20.713621
v 182.500000 29.500000 -18.100000
v 145.500000 29.500000 -18.100000
v 93.650000 8.000070 -31.100000
v 143.500000 8.000070 -31.100000
v 147.500000 27.000000 -31.100000
v 147.551111 27.388229 -31.100000
v 147.700962 27.750000 -31.100000
v 147.939340 28.060660 -31.100000
v 148.250000 28.299038 -31.100000
v 148.611771 28.448889 -31.100000
v 149.000000 28.500000 -31.100000
v 149.388229 28.448889 -31.100000
v 149.750000 28.299038 -31.100000
v 150.060660 28.060660 -31.100000
v 150.299038 27.750000 -31.100000
v 150.448889 27.388229 -31.100000
v 150.500000 27.000000 -31.100000
v 150.448889 26.611771 -31.100000
v 150.299038 26.250000 -31.100000
v 150.060660 25.939340 -31.100000
v 149.750000 25.700962 -31.100000
v 149.388229 25.551111 -31.100000
v 149.000000 25.500000 -31.100000
v 148.611771 25.551111 -31.100000
v 148.250000 25.700962 -31.100000
v 147.939340 25.939340 -31.100000
v 147.700962 26.250000 -31.100000
v 147.551111 26.611771 -31.100000
v 143.500000 31.000000 -31.100000
v 182.500000 31.000000 -31.100000
v 143.500000 6.000000 -31.100000
v 43.800000 6.000000 -31.100000
v 1.750000 0.200000 -12.100000
v 1.792593 -0.123524 -12.100000
v 1.917468 -0.425000 -12.100000
v 2.116117 -0.683883 -12.100000
v 2.375000 -0.882532 -12.100000
v 2.676476 -1.007407 -12.100000
v 3.000000 -1.050000 -12.100000
v 3.323524 -1.007407 -12.100000
v 3.625000 -0.882532 -12.100000
v 3.883883 -0.683883 -12.100000
v 4.082532 -0.425000 -12.100000
v 4.207407 -0.123524 -12.100000
v 4.250000 0.200000 -12.100000
v 4.207407 0.523524 -12.100000
v 4.082532 0.825000 -12.100000
v 3.883883 1.083883 -12.100000
v 3.625000 1.282532 -12.100000
v 3.323524 1.407407 -12.100000
v 3.000000 1.450000 -12.100000
v 2.676476 1.407407 -12.100000
v 2.375000 1.282532 -12.100000
v 2.116117 1.083883 -12.100000
v 1.917468 0.825000 -12.100000
v 1.792593 0.523524 -12.100000
v 43.800000 0.000000 -12.100000
v 43.683767 0.957263 -12.100000
v 43.341824 1.858893 -12.100000
v 42.794043 2.652491 -12.100000
v 42.072259 3.291935 -12.100000
v 41.218420 3.740065 -12.100000
v 40.282147 3.970836 -12.100000
v 39.317853 3.970835 -12.100000
v 38.381580 3.740065 -12.100000
v 37.527741 3.291935 -12.100000
v 36.805957 2.652491 -12.100000
v 36.258176 1.858893 -12.100000
v 35.916233 0.957263 -12.100000
v 35.800000 -0.000000 -12.100000
v 35.800000 -2.000000 -12.100000
v 0.800000 -2.000000 -12.100000
v 0.800000 9.100000 -12.100000
v 43.800000 9.100000 -12.100000
v 43.800000 0.000000 -18.100000
v 43.800000 -2.000000 -18.100000
v 0.800000 6.000000 -15.600000
v 0.800000 4.856486 -15.720188
v 0.800000 3.762948 -16.075500
v 0.800000 2.767181 -16.650407
v 0.800000 1.912703 -17.419782
v 0.800000 1.236860 -18.350000
v 0.800000 0.769189 -19.400407
v 0.800000 0.530130 -20.525093
v 0.800000 0.530130 -21.674907
v 0.800000 0.769189 -22.799593
v 0.800000 1.236860 -23.850000
v 0.800000 1.912703 -24.780218
v 0.800000 2.767181 -25.549593
v 0.800000 3.762948 -26.124500
v 0.800000 4.856486 -26.479812
v 0.800000 6.000000 -26.600000
v 0.800000 7.143514 -26.479812
v 0.800000 8.237052 -26.124500
v 0.800000 9.232819 -25.549593
v 0.800000 10.087297 -24.780218
v 0.800000 10.763140 -23.850000
v 0.800000 11.230811 -22.799593
v 0.800000 11.469870 -21.674907
v 0.800000 11.469870 -20.525093
v 0.800000 11.230811 -19.400407
v 0.800000 10.763140 -18.350000
v 0.800000 10.087297 -17.419782
v 0.800000 9.232819 -16.650407
v 0.800000 8.237052 -16.075500
v 0.800000 7.143514 -15.720188
v 35.800000 -2.000000 -18.100000
v 35.800000 -0.000000 -18.100000
v 35.916233 0.957263 -18.100000
v 36.258176 1.858893 -18.100000
v 36.805957 2.652491 -18.100000
v 37.527741 3.291935 -18.100000
v 38.381580 3.740065 -18.100000
v 39.317853 3.970835 -18.100000
v 40.282147 3.970836 -18.100000
v 41.218420 3.740065 -18.100000
v 42.072259 3.291935 -18.100000
v 42.794043 2.652491 -18.100000
v 43.341824 1.858893 -18.100000
v 43.683767 0.957263 -18.100000
v 40.800000 0.000000 -18.100000
v 40.765926 0.258819 -18.100000
v 40.666025 0.500000 -18.100000
v 40.507107 0.707107 -18.100000
v 40.300000 0.866025 -18.100000
v 40.058819 0.965926 -18.100000
v 39.800000 1.000000 -18.100000
v 39.541181 0.965926 -18.100000
v 39.300000 0.866025 -18.100000
v 39.092893 0.707107 -18.100000
v 38.933975 0.500000 -18.100000
v 38.834074 0.258819 -18.100000
v 38.800000 0.000000 -18.100000
v 38.834074 -0.258819 -18.100000
v 38.933975 -0.500000 -18.100000
v 39.092893 -0.707107 -18.100000
v 39.300000 -0.866025 -18.100000
v 39.541181 -0.965926 -18.100000
v 39.800000 -1.000000 -18.100000
v 40.058819 -0.965926 -18.100000
v 40.300000 -0.866025 -18.100000
v 40.507107 -0.707107 -18.100000
v 40.666025 -0.500000 -18.100000
v 40.765926 -0.258819 -18.100000
v 1.800000 26.100000 -21.743000
v 40.800000 0.000000 -12.600000
v 40.765926 0.258819 -12.600000
v 40.666025 0.500000 -12.600000
v 40.507107 0.707107 -12.600000
v 40.300000 0.866025 -12.600000
v 40.058819 0.965926 -12.600000
v 39.800000 1.000000 -12.600000
v 39.541181 0.965926 -12.600000
v 39.300000 0.866025 -12.600000
v 39.092893 0.707107 -12.600000
v 38.933975 0.500000 -12.600000
v 38.834074 0.258819 -12.600000
v 38.800000 0.000000 -12.600000
v 38.834074 -0.258819 -12.600000
v 38.933975 -0.500000 -12.600000
v 39.092893 -0.707107 -12.600000
v 39.300000 -0.866025 -12.600000
v 39.541181 -0.965926 -12.600000
v 39.800000 -1.000000 -12.600000
v 40.058819 -0.965926 -12.600000
v 40.300000 -0.866025 -12.600000
v 40.507107 -0.707107 -12.600000
v 40.666025 -0.500000 -12.600000
v 40.765926 -0.258819 -12.600000
v 171.500000 34.200000 -12.600000
v 171.465926 34.458819 -12.600000
v 171.366025 34.700000 -12.600000
v 171.207107 34.907107 -12.600000
v 171.000000 35.066025 -12.600000
v 170.758819 35.165926 -12.600000
v 170.500000 35.200000 -12.600000
v 170.241181 35.165926 -12.600000
v 170.000000 35.066025 -12.600000
v 169.792893 34.907107 -12.600000
v 169.633975 34.700000 -12.600000
v 169.534074 34.458819 -12.600000
v 169.500000 34.200000 -12.600000
v 169.534074 33.941181 -12.600000
v 169.633975 33.700000 -12.600000
v 169.792893 33.492893 -12.600000
v 170.000000 33.333975 -12.600000
v 170.241181 33.234074 -12.600000
v 170.500000 33.200000 -12.600000
v 170.758819 33.234074 -12.600000
v 171.000000 33.333975 -12.600000
v 171.207107 33.492893 -12.600000
v 171.366025 33.700000 -12.600000
v 171.465926 33.941181 -12.600000
vt -4.988407 -1.659118 0.000000
vt -4.985000 -1.685000 0.000000
vt -4.685000 -2.085000 0.000000
vt -4.988407 -1.710882 0.000000
vt -4.998397 -1.735000 0.000000
vt -5.014289 -1.755711 0.000000
vt -5.035000 -1.771603 0.000000
vt -5.059118 -1.781593 0.000000
vt -5.085000 -1.785000 0.000000
vt -5.110882 -1.781593 0.000000
vt -5.135000 -1.771603 0.000000
vt -8.702500 -1.773253 0.000000
vt -5.155711 -1.755711 0.000000
vt -8.676612 -1.753388 0.000000
vt -5.171603 -1.735000 0.000000
vt -8.656747 -1.727500 0.000000
vt -5.181593 -1.710882 0.000000
vt -8.644259 -1.697352 0.000000
vt -5.185000 -1.685000 0.000000
vt -8.640000 -1.665000 0.000000
vt -5.181593 -1.659118 0.000000
vt -8.644259 -1.632648 0.000000
vt -5.171603 -1.635000 0.000000
vt -8.656747 -1.602500 0.000000
vt -5.155711 -1.614289 0.000000
vt -8.676612 -1.576612 0.000000
vt -8.985000 -0.775000 0.000000
vt -8.702500 -1.556747 0.000000
vt -8.732648 -1.544259 0.000000
vt -8.765000 -1.540000 0.000000
vt -8.797352 -1.544259 0.000000
vt -8.827500 -1.556747 0.000000
vt -8.853388 -1.576612 0.000000
vt -8.873253 -1.602500 0.000000
vt -8.885741 -1.632648 0.000000
vt -9.185000 -2.085000 0.000000
vt -8.890000 -1.665000 0.000000
vt -8.885741 -1.697352 0.000000
vt -8.873253 -1.727500 0.000000
vt -8.853388 -1.753388 0.000000
vt -8.827500 -1.773253 0.000000
vt -8.797352 -1.785741 0.000000
vt -8.765000 -1.790000 0.000000
vt -8.732648 -1.785741 0.000000
vt -4.685000 -0.775000 0.000000
vt -5.135000 -1.598397 0.000000
vt -5.110882 -1.588407 0.000000
vt -5.085000 -1.585000 0.000000
vt -5.059118 -1.588407 0.000000
vt -5.035000 -1.598397 0.000000
vt -5.014289 -1.614289 0.000000
vt -4.998397 -1.635000 0.000000
vt -8.985000 0.925000 0.000000
vt -9.185000 0.925000 0.000000
vt -8.885000 0.925000 0.000000
vt -8.485000 0.925000 0.000000
vt -8.885000 1.325000 0.000000
vt -8.485000 1.325000 0.000000
vt 5.285000 -2.085000 0.000000
vt 5.485000 -2.085000 0.000000
vt 5.285000 -0.885000 0.000000
vt 5.485000 -0.885000 0.000000
vt 8.081593 1.709118 0.000000
vt 8.382084 1.686785 0.000000
vt 8.085000 1.735000 0.000000
vt 8.382084 1.783215 0.000000
vt 8.081593 1.760882 0.000000
vt 8.359006 1.876842 0.000000
vt 8.071603 1.785000 0.000000
vt 8.314194 1.962226 0.000000
vt 8.055711 1.805711 0.000000
vt 8.250249 2.034404 0.000000
vt 8.035000 1.821603 0.000000
vt 8.170889 2.089182 0.000000
vt 8.010882 1.831593 0.000000
vt 8.080726 2.123377 0.000000
vt 7.985000 1.835000 0.000000
vt 7.985000 2.135000 0.000000
vt 7.889274 2.123377 0.000000
vt 8.359006 1.593158 0.000000
vt 8.071603 1.685000 0.000000
vt 8.314194 1.507774 0.000000
vt 8.055711 1.664289 0.000000
vt 8.250249 1.435596 0.000000
vt 8.035000 1.648397 0.000000
vt 8.170889 1.380818 0.000000
vt 8.010882 1.638407 0.000000
vt 8.080726 1.346623 0.000000
vt 7.985000 1.635000 0.000000
vt 7.985000 1.335000 0.000000
vt 7.889274 1.346623 0.000000
vt 7.959118 1.638407 0.000000
vt 7.799111 1.380818 0.000000
vt 7.935000 1.648397 0.000000
vt 7.719751 1.435596 0.000000
vt 7.914289 1.664289 0.000000
vt 7.655806 1.507774 0.000000
vt 7.898397 1.685000 0.000000
vt 7.610994 1.593158 0.000000
vt 7.888407 1.709118 0.000000
vt 7.587916 1.686785 0.000000
vt 7.885000 1.735000 0.000000
vt 7.587916 1.783215 0.000000
vt 7.888407 1.760882 0.000000
vt 7.610994 1.876842 0.000000
vt 7.898397 1.785000 0.000000
vt 7.655806 1.962226 0.000000
vt 7.914289 1.805711 0.000000
vt 7.719751 2.034404 0.000000
vt 7.935000 1.821603 0.000000
vt 7.799111 2.089182 0.000000
vt 7.959118 1.831593 0.000000
vt 9.185000 2.135000 0.000000
vt 9.185000 2.335000 0.000000
vt 7.985000 2.135000 0.000000
vt -7.185000 2.335000 0.000000
vt -7.185000 2.135000 0.000000
vt -7.485000 1.325000 0.000000
vt -7.885000 1.325000 0.000000
vt -7.485000 0.925000 0.000000
vt -7.885000 0.925000 0.000000
vt 0.710000 -0.120000 0.000000
vt 3.110000 -0.120000 0.000000
vt 0.710000 4.380000 0.000000
vt 3.110000 4.380000 0.000000
vt 0.710000 14.550000 0.000000
vt 0.710000 14.350000 0.000000
vt 2.910000 14.550000 0.000000
vt 3.110000 14.350000 0.000000
vt 3.110000 18.250000 0.000000
vt 2.910000 18.250000 0.000000
vt -1.372019 -0.685649 0.000000
vt -1.360000 -0.800000 0.000000
vt -0.510000 -1.800000 0.000000
vt -1.372019 -0.914351 0.000000
vt -1.407550 -1.023705 0.000000
vt -1.465041 -1.123282 0.000000
vt -1.541978 -1.208730 0.000000
vt -1.635000 -1.276314 0.000000
vt -1.740041 -1.323081 0.000000
vt -1.852509 -1.346987 0.000000
vt -2.910000 -1.800000 0.000000
vt -1.967491 -1.346987 0.000000
vt -2.079959 -1.323081 0.000000
vt -2.185000 -1.276314 0.000000
vt -2.278022 -1.208730 0.000000
vt -2.354959 -1.123282 0.000000
vt -2.412450 -1.023705 0.000000
vt -2.447981 -0.914351 0.000000
vt -2.460000 -0.800000 0.000000
vt -2.910000 0.100000 0.000000
vt -2.447981 -0.685649 0.000000
vt -2.412450 -0.576295 0.000000
vt -2.354959 -0.476718 0.000000
vt -2.278022 -0.391270 0.000000
vt -2.185000 -0.323686 0.000000
vt -1.974300 1.210000 0.000000
vt -2.079959 -0.276919 0.000000
vt -1.967491 -0.253013 0.000000
vt -1.852509 -0.253013 0.000000
vt -1.740041 -0.276919 0.000000
vt -1.635000 -0.323686 0.000000
vt -0.510000 1.210000 0.000000
vt -1.541978 -0.391270 0.000000
vt -1.465041 -0.476718 0.000000
vt -1.407550 -0.576295 0.000000
vt -1.974300 1.409980 0.000000
vt 7.585000 0.350007 0.000000
vt 12.570000 0.350000 0.000000
vt 12.570000 0.350007 0.000000
vt 12.770000 0.350000 0.000000
vt 13.120000 2.100000 0.000000
vt 13.158823 2.105111 0.000000
vt 16.470000 2.500000 0.000000
vt 13.195000 2.120096 0.000000
vt 13.226066 2.143934 0.000000
vt 13.249904 2.175000 0.000000
vt 13.264889 2.211177 0.000000
vt 13.270000 2.250000 0.000000
vt 13.264889 2.288823 0.000000
vt 13.249904 2.325000 0.000000
vt 13.226066 2.356066 0.000000
vt 13.195000 2.379904 0.000000
vt 13.158823 2.394889 0.000000
vt 13.120000 2.400000 0.000000
vt 12.570000 2.500000 0.000000
vt 13.081177 2.394889 0.000000
vt 13.045000 2.379904 0.000000
vt 13.013934 2.356066 0.000000
vt 12.990096 2.325000 0.000000
vt 12.975111 2.288823 0.000000
vt 12.970000 2.250000 0.000000
vt 12.975111 2.211177 0.000000
vt 12.990096 2.175000 0.000000
vt 13.013934 2.143934 0.000000
vt 13.045000 2.120096 0.000000
vt 13.081177 2.105111 0.000000
vt 7.585000 1.330000 0.000000
vt 7.570000 0.985907 0.000000
vt 2.600000 0.150000 0.000000
vt 12.570000 0.150000 0.000000
vt 7.570000 1.330000 0.000000
vt -1.700000 0.985907 0.000000
vt -1.700000 -0.650000 0.000000
vt 2.600000 -0.650000 0.000000
vt 12.770000 -0.850000 0.000000
vt 16.470000 -0.850000 0.000000
vt -9.485000 0.344093 0.000000
vt -9.485000 0.000000 0.000000
vt -9.470000 0.344093 0.000000
vt -0.000000 -0.000000 0.000000
vt -0.300000 1.609839 0.000000
vt 0.000000 1.609839 0.000000
vt -0.300000 1.855644 0.000000
vt -2.000000 1.855644 0.000000
vt -9.470000 1.781910 0.000000
vt -2.000000 3.096837 0.000000
vt -14.470000 1.966246 0.000000
vt -17.150491 2.480024 0.000000
vt -17.131732 2.473031 0.000000
vt -18.370000 3.096837 0.000000
vt -17.170000 2.482385 0.000000
vt -17.189509 2.480024 0.000000
vt -17.208268 2.473031 0.000000
vt -17.225557 2.461675 0.000000
vt -17.240711 2.446392 0.000000
vt -17.253147 2.427769 0.000000
vt -18.370000 1.966246 0.000000
vt -17.262388 2.406523 0.000000
vt -17.268079 2.383470 0.000000
vt -17.270000 2.359495 0.000000
vt -17.268079 2.335520 0.000000
vt -17.262388 2.312467 0.000000
vt -17.253147 2.291221 0.000000
vt -17.240711 2.272598 0.000000
vt -17.225557 2.257315 0.000000
vt -17.208268 2.245959 0.000000
vt -17.189509 2.238966 0.000000
vt -17.170000 2.236605 0.000000
vt -17.150491 2.238966 0.000000
vt -17.131732 2.245959 0.000000
vt -17.114443 2.257315 0.000000
vt -17.099289 2.272598 0.000000
vt -17.086853 2.291221 0.000000
vt -17.077612 2.312467 0.000000
vt -17.071921 2.335520 0.000000
vt -17.070000 2.359495 0.000000
vt -17.071921 2.383470 0.000000
vt -17.077612 2.406523 0.000000
vt -17.086853 2.427769 0.000000
vt -17.099289 2.446392 0.000000
vt -17.114443 2.461675 0.000000
vt -14.470000 1.781910 0.000000
vt -0.285714 0.757047 0.000000
vt -0.531495 0.757047 0.000000
vt 0.550000 -0.412953 0.000000
vt 0.550000 -0.757047 0.000000
vt 0.200000 0.064093 0.000000
vt 9.470000 0.064093 0.000000
vt 1.700000 1.506940 0.000000
vt 9.470000 1.924767 0.000000
vt 2.000000 1.998502 0.000000
vt 2.000000 2.993914 0.000000
vt 16.947772 2.911070 0.000000
vt 17.016927 2.956496 0.000000
vt 14.670000 1.924767 0.000000
vt 14.670000 1.956605 0.000000
vt 16.777686 2.598251 0.000000
vt 16.800448 2.690464 0.000000
vt 18.370000 1.956605 0.000000
vt 17.170000 2.010791 0.000000
vt 17.091964 2.020236 0.000000
vt 17.016927 2.048209 0.000000
vt 18.370000 2.993914 0.000000
vt 17.570000 2.502352 0.000000
vt 17.562314 2.406453 0.000000
vt 17.539552 2.314240 0.000000
vt 17.170000 2.993914 0.000000
vt 17.248036 2.984468 0.000000
vt 17.323073 2.956496 0.000000
vt 17.392228 2.911070 0.000000
vt 17.452843 2.849939 0.000000
vt 17.502588 2.775449 0.000000
vt 17.539552 2.690464 0.000000
vt 17.562314 2.598251 0.000000
vt 17.502588 2.229255 0.000000
vt 17.452843 2.154766 0.000000
vt 17.392228 2.093634 0.000000
vt 17.323073 2.048209 0.000000
vt 17.248036 2.020236 0.000000
vt 16.947772 2.093634 0.000000
vt 16.887157 2.154766 0.000000
vt 16.837412 2.229255 0.000000
vt 16.800448 2.314240 0.000000
vt 16.777686 2.406453 0.000000
vt 16.770000 2.502352 0.000000
vt 16.837412 2.775449 0.000000
vt 16.887157 2.849939 0.000000
vt 17.091964 2.984468 0.000000
vt 1.700000 1.998502 0.000000
vt 1.300000 1.506940 0.000000
vt 0.700000 1.506940 0.000000
vt 0.300000 1.506940 0.000000
vt 1.300000 1.998502 0.000000
vt 0.700000 1.998502 0.000000
vt 0.200000 1.506940 0.000000
vt -0.350000 0.000000 0.000000
vt 3.550000 0.000000 0.000000
vt -0.350000 0.835714 0.000000
vt 3.550000 1.100000 0.000000
vt -0.150000 1.081495 0.000000
vt -0.150000 1.100000 0.000000
vt -5.350000 1.081495 0.000000
vt -5.350000 0.835714 0.000000
vt -1.100000 -0.344093 0.000000
vt -1.100000 0.635900 0.000000
vt -1.300000 -0.064093 0.000000
vt -1.300000 0.635900 0.000000
vt -0.450000 1.992500 0.000000
vt -0.650000 1.992500 0.000000
vt -0.450000 -2.992500 0.000000
vt -0.650000 -2.992500 0.000000
vt 0.200000 -0.431969 0.000000
vt 0.000000 -0.431969 0.000000
vt 0.200000 -0.471239 0.000000
vt 0.000000 -0.471239 0.000000
vt 0.200000 0.471239 0.000000
vt 0.000000 0.471239 0.000000
vt 0.200000 0.431969 0.000000
vt -0.000000 0.431969 0.000000
vt 0.200000 0.392699 0.000000
vt 0.000000 0.392699 0.000000
vt 0.200000 0.353429 0.000000
vt -0.000000 0.353429 0.000000
vt 0.200000 0.314159 0.000000
vt -0.000000 0.314159 0.000000
vt 0.200000 0.274889 0.000000
vt 0.000000 0.274889 0.000000
vt 0.200000 0.235619 0.000000
vt 0.000000 0.235619 0.000000
vt 0.200000 0.196350 0.000000
vt 0.000000 0.196350 0.000000
vt 0.200000 0.157080 0.000000
vt 0.000000 0.157080 0.000000
vt 0.200000 0.117810 0.000000
vt 0.000000 0.117810 0.000000
vt 0.200000 0.078540 0.000000
vt 0.000000 0.078540 0.000000
vt 0.200000 0.039270 0.000000
vt 0.000000 0.039270 0.000000
vt 0.200000 0.000000 0.000000
vt 0.000000 0.000000 0.000000
vt 0.200000 -0.039270 0.000000
vt 0.000000 -0.039270 0.000000
vt 0.200000 -0.078540 0.000000
vt 0.000000 -0.078540 0.000000
vt 0.200000 -0.117810 0.000000
vt 0.000000 -0.117810 0.000000
vt 0.200000 -0.157080 0.000000
vt 0.000000 -0.157080 0.000000
vt 0.200000 -0.196350 0.000000
vt 0.000000 -0.196350 0.000000
vt 0.200000 -0.235619 0.000000
vt 0.000000 -0.235619 0.000000
vt 0.200000 -0.274889 0.000000
vt 0.000000 -0.274889 0.000000
vt 0.200000 -0.314159 0.000000
vt 0.000000 -0.314159 0.000000
vt 0.200000 -0.353429 0.000000
vt 0.000000 -0.353429 0.000000
vt 0.200000 -0.392699 0.000000
vt 0.000000 -0.392699 0.000000
vt 0.000000 -0.635900 0.000000
vt 0.000000 1.514093 0.000000
vt -0.200000 -0.635900 0.000000
vt -0.200000 1.664093 0.000000
vt 0.942857 1.664093 0.000000
vt 0.835714 1.514093 0.000000
vt 0.150000 1.081495 0.000000
vt 0.150000 1.100000 0.000000
vt 0.124093 1.100000 0.000000
vt -1.850000 0.682047 0.000000
vt 1.850000 0.682047 0.000000
vt -1.850000 0.707953 0.000000
vt 1.850000 0.707953 0.000000
vt -2.200000 4.220000 0.000000
vt -1.702924 4.220000 0.000000
vt -2.200000 4.420000 0.000000
vt -1.600000 4.420000 0.000000
vt -1.100000 3.375907 0.000000
vt -0.942857 3.500000 0.000000
vt -1.100000 3.350000 0.000000
vt -0.000000 3.350000 0.000000
vt -0.000000 0.000000 0.000000
vt 0.200000 0.000000 0.000000
vt 0.200000 3.500000 0.000000
vt -0.100000 -2.050000 0.000000
vt 1.042857 -2.050000 0.000000
vt -0.100000 1.850000 0.000000
vt 1.042857 1.850000 0.000000
vt -1.200000 -2.000000 0.000000
vt 0.000000 -2.000000 0.000000
vt -1.200000 0.200000 0.000000
vt 0.000000 0.200000 0.000000
vt -12.570000 2.650000 0.000000
vt -12.990096 2.175000 0.000000
vt -12.570000 0.350007 0.000000
vt -13.013934 2.143934 0.000000
vt -13.045000 2.120096 0.000000
vt -16.470000 2.650000 0.000000
vt -13.158823 2.394889 0.000000
vt -13.120000 2.400000 0.000000
vt -13.081177 2.394889 0.000000
vt -16.470000 -0.850000 0.000000
vt -13.158823 2.105111 0.000000
vt -13.195000 2.120096 0.000000
vt -12.570000 -0.850000 0.000000
vt -12.570000 0.150000 0.000000
vt -7.585000 0.350007 0.000000
vt -2.600000 0.150000 0.000000
vt -7.585000 1.050000 0.000000
vt 1.900000 1.050000 0.000000
vt 1.900000 -0.850000 0.000000
vt -2.600000 -0.850000 0.000000
vt -12.975111 2.288823 0.000000
vt -12.970000 2.250000 0.000000
vt -12.975111 2.211177 0.000000
vt -13.081177 2.105111 0.000000
vt -13.120000 2.100000 0.000000
vt -13.226066 2.143934 0.000000
vt -13.249904 2.175000 0.000000
vt -13.264889 2.211177 0.000000
vt -13.270000 2.250000 0.000000
vt -13.264889 2.288823 0.000000
vt -13.249904 2.325000 0.000000
vt -13.226066 2.356066 0.000000
vt -13.195000 2.379904 0.000000
vt -13.045000 2.379904 0.000000
vt -13.013934 2.356066 0.000000
vt -12.990096 2.325000 0.000000
vt -1.000000 -2.400000 0.000000
vt -0.000000 -2.400000 0.000000
vt -1.000000 -2.200000 0.000000
vt 0.000000 0.000000 0.000000
vt -1.200000 -0.000000 0.000000
vt -1.200000 -2.200000 0.000000
vt 3.500741 0.252352 0.000000
vt 3.505000 0.220000 0.000000
vt 3.600000 0.000000 0.000000
vt 3.500741 0.187648 0.000000
vt 3.488253 0.157500 0.000000
vt 3.468388 0.131612 0.000000
vt 3.442500 0.111747 0.000000
vt 3.412352 0.099259 0.000000
vt 3.380000 0.095000 0.000000
vt 3.347648 0.099259 0.000000
vt 0.100000 0.000000 0.000000
vt 3.317500 0.111747 0.000000
vt 3.291612 0.131612 0.000000
vt 3.271747 0.157500 0.000000
vt 0.100000 0.200000 0.000000
vt 3.259259 0.187648 0.000000
vt 3.255000 0.220000 0.000000
vt 3.259259 0.252352 0.000000
vt 0.088377 0.295726 0.000000
vt 3.271747 0.282500 0.000000
vt 3.291612 0.308388 0.000000
vt 0.054182 0.385889 0.000000
vt 3.317500 0.328253 0.000000
vt -0.000596 0.465249 0.000000
vt 3.347648 0.340741 0.000000
vt -0.072774 0.529194 0.000000
vt 3.600000 1.110000 0.000000
vt -0.158158 0.574006 0.000000
vt -0.700000 1.110000 0.000000
vt -0.251785 0.597084 0.000000
vt -0.348215 0.597084 0.000000
vt -0.441842 0.574006 0.000000
vt -0.527226 0.529194 0.000000
vt -0.599404 0.465249 0.000000
vt -0.654182 0.385889 0.000000
vt -0.688377 0.295726 0.000000
vt -0.700000 0.200000 0.000000
vt 3.380000 0.345000 0.000000
vt 3.412352 0.340741 0.000000
vt 3.442500 0.328253 0.000000
vt 3.468388 0.308388 0.000000
vt 3.488253 0.282500 0.000000
vt -0.300000 -1.300000 0.000000
vt -0.900000 -1.300000 0.000000
vt -0.300000 -1.500000 0.000000
vt -1.400000 -1.700000 0.000000
vt 1.000000 -1.700000 0.000000
vt -0.900000 -0.390000 0.000000
vt -1.400000 -0.390000 0.000000
vt 0.800000 -1.500000 0.000000
vt 1.000000 -0.700000 0.000000
vt 0.800000 -0.700000 0.000000
vt 0.200000 -1.612684 0.000000
vt 0.000000 -1.612684 0.000000
vt 0.200000 -1.727876 0.000000
vt 0.000000 -1.727876 0.000000
vt 0.200000 1.727876 0.000000
vt 0.000000 1.727876 0.000000
vt 0.200000 1.612684 0.000000
vt 0.000000 1.612684 0.000000
vt 0.200000 1.497492 0.000000
vt 0.000000 1.497492 0.000000
vt 0.200000 1.382301 0.000000
vt 0.000000 1.382301 0.000000
vt 0.200000 1.267109 0.000000
vt 0.000000 1.267109 0.000000
vt 0.200000 1.151917 0.000000
vt 0.000000 1.151917 0.000000
vt 0.200000 1.036726 0.000000
vt 0.000000 1.036726 0.000000
vt 0.200000 0.921534 0.000000
vt 0.000000 0.921534 0.000000
vt 0.200000 0.806342 0.000000
vt -0.000000 0.806342 0.000000
vt 0.200000 0.691150 0.000000
vt 0.000000 0.691150 0.000000
vt 0.200000 0.575959 0.000000
vt -0.000000 0.575959 0.000000
vt 0.200000 0.460767 0.000000
vt 0.000000 0.460767 0.000000
vt 0.200000 0.345575 0.000000
vt -0.000000 0.345575 0.000000
vt 0.200000 0.230383 0.000000
vt -0.000000 0.230383 0.000000
vt 0.200000 0.115192 0.000000
vt -0.000000 0.115192 0.000000
vt 0.200000 0.000000 0.000000
vt 0.000000 0.000000 0.000000
vt 0.200000 -0.115192 0.000000
vt 0.000000 -0.115192 0.000000
vt 0.200000 -0.230383 0.000000
vt 0.000000 -0.230383 0.000000
vt 0.200000 -0.345575 0.000000
vt 0.000000 -0.345575 0.000000
vt 0.200000 -0.460767 0.000000
vt 0.000000 -0.460767 0.000000
vt 0.200000 -0.575959 0.000000
vt 0.000000 -0.575959 0.000000
vt 0.200000 -0.691150 0.000000
vt 0.000000 -0.691150 0.000000
vt 0.200000 -0.806342 0.000000
vt 0.000000 -0.806342 0.000000
vt 0.200000 -0.921534 0.000000
vt 0.000000 -0.921534 0.000000
vt 0.200000 -1.036726 0.000000
vt 0.000000 -1.036726 0.000000
vt 0.200000 -1.151917 0.000000
vt 0.000000 -1.151917 0.000000
vt 0.200000 -1.267109 0.000000
vt 0.000000 -1.267109 0.000000
vt 0.200000 -1.382301 0.000000
vt 0.000000 -1.382301 0.000000
vt 0.200000 -1.497492 0.000000
vt 0.000000 -1.497492 0.000000
vt 0.400000 -0.200000 0.000000
vt 0.000000 -0.100000 0.000000
vt -0.400000 -0.200000 0.000000
vt -0.025882 -0.096593 0.000000
vt -0.050000 -0.086603 0.000000
vt 0.400000 -0.000000 0.000000
vt 0.086603 -0.050000 0.000000
vt 0.070711 -0.070711 0.000000
vt 0.050000 -0.086603 0.000000
vt 0.388377 0.095726 0.000000
vt 0.096593 0.025882 0.000000
vt 0.100000 0.000000 0.000000
vt 0.096593 -0.025882 0.000000
vt 0.086603 0.050000 0.000000
vt 0.354182 0.185889 0.000000
vt 0.070711 0.070711 0.000000
vt 0.050000 0.086603 0.000000
vt 0.299404 0.265249 0.000000
vt 0.227226 0.329194 0.000000
vt 0.025882 0.096593 0.000000
vt 0.141842 0.374006 0.000000
vt 0.000000 0.100000 0.000000
vt 0.048215 0.397084 0.000000
vt -0.048215 0.397084 0.000000
vt -0.141842 0.374006 0.000000
vt -0.025882 0.096593 0.000000
vt -0.227226 0.329194 0.000000
vt -0.050000 0.086603 0.000000
vt -0.299404 0.265249 0.000000
vt -0.354182 0.185889 0.000000
vt -0.388377 0.095726 0.000000
vt -0.086603 0.050000 0.000000
vt -0.070711 0.070711 0.000000
vt -0.096593 0.025882 0.000000
vt -0.400000 0.000000 0.000000
vt -0.100000 0.000000 0.000000
vt -0.096593 -0.025882 0.000000
vt -0.086603 -0.050000 0.000000
vt -0.070711 -0.070711 0.000000
vt 0.025882 -0.096593 0.000000
vt -0.500000 -1.256637 0.000000
vt -1.100000 -1.256637 0.000000
vt -0.500000 -1.353301 0.000000
vt -1.100000 -1.353301 0.000000
vt -0.500000 -1.449966 0.000000
vt -1.100000 -1.449966 0.000000
vt -0.500000 -1.546630 0.000000
vt -1.100000 -1.546630 0.000000
vt -0.500000 -1.643295 0.000000
vt -1.100000 -1.643295 0.000000
vt -0.500000 -1.739959 0.000000
vt -1.100000 -1.739959 0.000000
vt -0.500000 -1.836623 0.000000
vt -1.100000 -1.836623 0.000000
vt -0.500000 -1.933288 0.000000
vt -1.100000 -1.933288 0.000000
vt -0.500000 -2.029952 0.000000
vt -1.100000 -2.029952 0.000000
vt -0.500000 -2.126617 0.000000
vt -1.100000 -2.126617 0.000000
vt -0.500000 -2.223281 0.000000
vt -1.100000 -2.223281 0.000000
vt -0.500000 -2.319945 0.000000
vt -1.100000 -2.319945 0.000000
vt -0.500000 -2.416610 0.000000
vt -1.100000 -2.416610 0.000000
vt -0.500000 -2.513274 0.000000
vt -1.100000 -2.513274 0.000000
vt 0.400000 1.100000 0.000000
vt 0.200000 1.100000 0.000000
vt 0.400000 0.500000 0.000000
vt 0.200000 0.500000 0.000000
vt -0.497076 0.628319 0.000000
vt -0.000000 0.628319 0.000000
vt -0.502566 0.706858 0.000000
vt 0.000000 0.724983 0.000000
vt -0.518825 0.785398 0.000000
vt 0.000000 0.821647 0.000000
vt -0.545228 0.863938 0.000000
vt 0.000000 0.918312 0.000000
vt -0.580760 0.942478 0.000000
vt 0.000000 1.014976 0.000000
vt -0.624056 1.021018 0.000000
vt 0.000000 1.111640 0.000000
vt -0.673453 1.099557 0.000000
vt -0.727051 1.178097 0.000000
vt 0.000000 1.208305 0.000000
vt -0.782791 1.256637 0.000000
vt -0.782791 -1.256637 0.000000
vt 0.000000 -1.304969 0.000000
vt 0.000000 -1.208305 0.000000
vt -0.838531 -1.178097 0.000000
vt 0.000000 -1.111640 0.000000
vt -0.892129 -1.099557 0.000000
vt 0.000000 -1.014976 0.000000
vt -0.941525 -1.021018 0.000000
vt -0.984821 -0.942478 0.000000
vt 0.000000 -0.918312 0.000000
vt -1.020353 -0.863938 0.000000
vt 0.000000 -0.821647 0.000000
vt -1.046756 -0.785398 0.000000
vt 0.000000 -0.724983 0.000000
vt -1.063015 -0.706858 0.000000
vt 0.000000 -0.628319 0.000000
vt -1.068505 -0.628319 0.000000
vt -1.063015 -0.549779 0.000000
vt 0.000000 -0.531654 0.000000
vt -1.046756 -0.471239 0.000000
vt 0.000000 -0.434990 0.000000
vt -1.020353 -0.392699 0.000000
vt 0.000000 -0.338325 0.000000
vt -0.984821 -0.314159 0.000000
vt 0.000000 -0.241661 0.000000
vt -0.941525 -0.235619 0.000000
vt -0.892129 -0.157080 0.000000
vt 0.000000 -0.144997 0.000000
vt -0.838531 -0.078540 0.000000
vt 0.000000 -0.048332 0.000000
vt -0.782791 0.000000 0.000000
vt 0.000000 0.048332 0.000000
vt -0.727051 0.078540 0.000000
vt 0.000000 0.144997 0.000000
vt -0.673453 0.157080 0.000000
vt 0.000000 0.241661 0.000000
vt -0.624056 0.235619 0.000000
vt -0.580760 0.314159 0.000000
vt 0.000000 0.338325 0.000000
vt -0.545228 0.392699 0.000000
vt 0.000000 0.434990 0.000000
vt -0.518825 0.471239 0.000000
vt 0.000000 0.531654 0.000000
vt -0.502566 0.549779 0.000000
vt 9.715760 0.300000 0.000000
vt -5.454240 0.300000 0.000000
vt 9.715760 -0.197076 0.000000
vt -5.454240 -0.197076 0.000000
vt 0.010000 0.000000 0.000000
vt 0.010000 0.600000 0.000000
vt -0.190000 0.497076 0.000000
vt -1.000000 1.321429 0.000000
vt -1.000000 1.075648 0.000000
vt -0.190000 0.000000 0.000000
vt -0.100000 0.000000 0.000000
vt -0.100000 1.361362 0.000000
vt -0.300000 0.000000 0.000000
vt -0.300000 1.464300 0.000000
vt -0.000000 1.464300 0.000000
vt -0.000000 1.361362 0.000000
vt -0.700000 -0.500020 0.000000
vt -1.000000 -0.500020 0.000000
vt -0.700000 -0.700000 0.000000
vt -1.000000 -0.700000 0.000000
vt 9.715760 -0.197076 0.000000
vt 10.915760 -0.197076 0.000000
vt 9.715760 0.300000 0.000000
vt 10.915760 0.300000 0.000000
vt 1.368241 -4.685000 0.000000
vt 1.568241 -4.685000 0.000000
vt 1.368241 5.285000 0.000000
vt 1.568241 5.285000 0.000000
vt -17.670000 0.000000 0.000000
vt -18.070000 0.000000 0.000000
vt -17.670000 -1.361362 0.000000
vt -18.070000 -1.361362 0.000000
vt 0.000000 1.361362 0.000000
vt 0.000000 0.000000 0.000000
vt 0.199980 1.464300 0.000000
vt 0.400000 0.000000 0.000000
vt 0.400000 1.321429 0.000000
vt 0.000000 1.464300 0.000000
vt -13.870000 0.810000 0.000000
vt -18.170000 0.810000 0.000000
vt -13.870000 0.310000 0.000000
vt -18.170000 0.310000 0.000000
vt -16.670000 0.000000 0.000000
vt -17.070000 0.000000 0.000000
vt -16.670000 -1.361362 0.000000
vt -17.070000 -1.361362 0.000000
vt 0.400000 0.000000 0.000000
vt 0.400000 1.075648 0.000000
vt 0.000000 0.000000 0.000000
vt 0.000000 1.321429 0.000000
vt 1.000000 1.075648 0.000000
vt 1.700000 1.321429 0.000000
vt 1.400000 1.075648 0.000000
vt 1.700000 1.075648 0.000000
vt 1.000000 0.000000 0.000000
vt 1.400000 0.000000 0.000000
vt -0.000000 0.000000 0.000000
vt 0.400000 0.000000 0.000000
vt 0.000000 1.075648 0.000000
vt 0.400000 1.361362 0.000000
vt 0.000000 0.000000 0.000000
vt 0.400000 0.000000 0.000000
vt 0.000000 1.075648 0.000000
vt 0.400000 1.361362 0.000000
vt 0.400000 0.000000 0.000000
vt 0.400000 1.075648 0.000000
vt 0.000000 0.000000 0.000000
vt 0.000000 1.361362 0.000000
vt 4.300000 2.200000 0.000000
vt -0.000000 2.200000 0.000000
vt 3.500000 1.100000 0.000000
vt -0.000000 0.500000 0.000000
vt 3.500000 0.500000 0.000000
vt 4.300000 1.100000 0.000000
vt 0.814351 0.862019 0.000000
vt 0.700000 0.850000 0.000000
vt 0.390000 0.500000 0.000000
vt 0.585649 0.862019 0.000000
vt 0.476295 0.897550 0.000000
vt 0.376718 0.955041 0.000000
vt 0.291270 1.031978 0.000000
vt -1.310000 0.000000 0.000000
vt 0.223686 1.125000 0.000000
vt -1.310000 1.361362 0.000000
vt 0.176919 1.230041 0.000000
vt 0.153013 1.342509 0.000000
vt 0.153013 1.457491 0.000000
vt 0.176919 1.569959 0.000000
vt -0.135907 2.200000 0.000000
vt 0.223686 1.675000 0.000000
vt 0.291270 1.768022 0.000000
vt 0.376718 1.844959 0.000000
vt 0.476295 1.902450 0.000000
vt 0.585649 1.937981 0.000000
vt 0.700000 1.950000 0.000000
vt 1.500000 2.200000 0.000000
vt 0.814351 1.937981 0.000000
vt 0.923705 1.902450 0.000000
vt 1.023282 1.844959 0.000000
vt 1.108730 1.768022 0.000000
vt 1.176314 1.675000 0.000000
vt 1.223081 1.569959 0.000000
vt 1.246987 1.457491 0.000000
vt 1.246987 1.342509 0.000000
vt 1.500000 0.500000 0.000000
vt 1.223081 1.230041 0.000000
vt 1.176314 1.125000 0.000000
vt 1.108730 1.031978 0.000000
vt 1.023282 0.955041 0.000000
vt 0.923705 0.897550 0.000000
vt 0.390000 0.000000 0.000000
vt 3.700000 -2.000000 0.000000
vt 3.900000 -2.000000 0.000000
vt 3.700000 0.200000 0.000000
vt 3.900000 0.200000 0.000000
vt 0.310000 0.359974 0.000000
vt 0.810000 0.359974 0.000000
vt 0.310000 0.392699 0.000000
vt 0.810000 0.392699 0.000000
vt 0.310000 -0.392699 0.000000
vt 0.810000 -0.392699 0.000000
vt 0.310000 -0.359974 0.000000
vt 0.810000 -0.359974 0.000000
vt 0.310000 -0.327249 0.000000
vt 0.810000 -0.327249 0.000000
vt 0.310000 -0.294524 0.000000
vt 0.810000 -0.294524 0.000000
vt 0.310000 -0.261799 0.000000
vt 0.810000 -0.261799 0.000000
vt 0.310000 -0.229074 0.000000
vt 0.810000 -0.229074 0.000000
vt 0.310000 -0.196350 0.000000
vt 0.810000 -0.196350 0.000000
vt 0.310000 -0.163625 0.000000
vt 0.810000 -0.163625 0.000000
vt 0.310000 -0.130900 0.000000
vt 0.810000 -0.130900 0.000000
vt 0.310000 -0.098175 0.000000
vt 0.810000 -0.098175 0.000000
vt 0.310000 -0.065450 0.000000
vt 0.810000 -0.065450 0.000000
vt 0.310000 -0.032725 0.000000
vt 0.810000 -0.032725 0.000000
vt 0.310000 0.000000 0.000000
vt 0.810000 0.000000 0.000000
vt 0.310000 0.032725 0.000000
vt 0.810000 0.032725 0.000000
vt 0.310000 0.065450 0.000000
vt 0.810000 0.065450 0.000000
vt 0.310000 0.098175 0.000000
vt 0.810000 0.098175 0.000000
vt 0.310000 0.130900 0.000000
vt 0.810000 0.130900 0.000000
vt 0.310000 0.163625 0.000000
vt 0.810000 0.163625 0.000000
vt 0.310000 0.196350 0.000000
vt 0.810000 0.196350 0.000000
vt 0.310000 0.229074 0.000000
vt 0.810000 0.229074 0.000000
vt 0.310000 0.261799 0.000000
vt 0.810000 0.261799 0.000000
vt 0.310000 0.294524 0.000000
vt 0.810000 0.294524 0.000000
vt 0.310000 0.327249 0.000000
vt 0.810000 0.327249 0.000000
vt -0.000000 0.287979 0.000000
vt 0.550000 0.287979 0.000000
vt -0.000000 0.314159 0.000000
vt 0.550000 0.314159 0.000000
vt -0.000000 -0.314159 0.000000
vt 0.550000 -0.314159 0.000000
vt -0.000000 -0.287979 0.000000
vt 0.550000 -0.287979 0.000000
vt -0.000000 -0.261799 0.000000
vt 0.550000 -0.261799 0.000000
vt -0.000000 -0.235619 0.000000
vt 0.550000 -0.235619 0.000000
vt -0.000000 -0.209440 0.000000
vt 0.550000 -0.209440 0.000000
vt -0.000000 -0.183260 0.000000
vt 0.550000 -0.183260 0.000000
vt -0.000000 -0.157080 0.000000
vt 0.550000 -0.157080 0.000000
vt -0.000000 -0.130900 0.000000
vt 0.550000 -0.130900 0.000000
vt -0.000000 -0.104720 0.000000
vt 0.550000 -0.104720 0.000000
vt -0.000000 -0.078540 0.000000
vt 0.550000 -0.078540 0.000000
vt -0.000000 -0.052360 0.000000
vt 0.550000 -0.052360 0.000000
vt -0.000000 -0.026180 0.000000
vt 0.550000 -0.026180 0.000000
vt -0.000000 0.000000 0.000000
vt 0.550000 0.000000 0.000000
vt -0.000000 0.026180 0.000000
vt 0.550000 0.026180 0.000000
vt -0.000000 0.052360 0.000000
vt 0.550000 0.052360 0.000000
vt -0.000000 0.078540 0.000000
vt 0.550000 0.078540 0.000000
vt -0.000000 0.104720 0.000000
vt 0.550000 0.104720 0.000000
vt -0.000000 0.130900 0.000000
vt 0.550000 0.130900 0.000000
vt -0.000000 0.157080 0.000000
vt 0.550000 0.157080 0.000000
vt -0.000000 0.183260 0.000000
vt 0.550000 0.183260 0.000000
vt -0.000000 0.209440 0.000000
vt 0.550000 0.209440 0.000000
vt -0.000000 0.235619 0.000000
vt 0.550000 0.235619 0.000000
vt -0.000000 0.261799 0.000000
vt 0.550000 0.261799 0.000000
vt 1.100000 -0.287979 0.000000
vt 1.100000 -0.314159 0.000000
vt 1.100000 0.314159 0.000000
vt 1.100000 0.287979 0.000000
vt 1.100000 0.261799 0.000000
vt 1.100000 0.235619 0.000000
vt 1.100000 0.209440 0.000000
vt 1.100000 0.183260 0.000000
vt 1.100000 0.157080 0.000000
vt 1.100000 0.130900 0.000000
vt 1.100000 0.104720 0.000000
vt 1.100000 0.078540 0.000000
vt 1.100000 0.052360 0.000000
vt 1.100000 0.026180 0.000000
vt 1.100000 0.000000 0.000000
vt 1.100000 -0.026180 0.000000
vt 1.100000 -0.052360 0.000000
vt 1.100000 -0.078540 0.000000
vt 1.100000 -0.104720 0.000000
vt 1.100000 -0.130900 0.000000
vt 1.100000 -0.157080 0.000000
vt 1.100000 -0.183260 0.000000
vt 1.100000 -0.209440 0.000000
vt 1.100000 -0.235619 0.000000
vt 1.100000 -0.261799 0.000000
vt -0.000000 0.287979 0.000000
vt 0.550000 0.287979 0.000000
vt -0.000000 0.314159 0.000000
vt 0.550000 0.314159 0.000000
vt -0.000000 -0.314159 0.000000
vt 0.550000 -0.314159 0.000000
vt -0.000000 -0.287979 0.000000
vt 0.550000 -0.287979 0.000000
vt -0.000000 -0.261799 0.000000
vt 0.550000 -0.261799 0.000000
vt -0.000000 -0.235619 0.000000
vt 0.550000 -0.235619 0.000000
vt -0.000000 -0.209440 0.000000
vt 0.550000 -0.209440 0.000000
vt -0.000000 -0.183260 0.000000
vt 0.550000 -0.183260 0.000000
vt -0.000000 -0.157080 0.000000
vt 0.550000 -0.157080 0.000000
vt -0.000000 -0.130900 0.000000
vt 0.550000 -0.130900 0.000000
vt -0.000000 -0.104720 0.000000
vt 0.550000 -0.104720 0.000000
vt -0.000000 -0.078540 0.000000
vt 0.550000 -0.078540 0.000000
vt -0.000000 -0.052360 0.000000
vt 0.550000 -0.052360 0.000000
vt -0.000000 -0.026180 0.000000
vt 0.550000 -0.026180 0.000000
vt -0.000000 0.000000 0.000000
vt 0.550000 0.000000 0.000000
vt -0.000000 0.026180 0.000000
vt 0.550000 0.026180 0.000000
vt -0.000000 0.052360 0.000000
vt 0.550000 0.052360 0.000000
vt -0.000000 0.078540 0.000000
vt 0.550000 0.078540 0.000000
vt -0.000000 0.104720 0.000000
vt 0.550000 0.104720 0.000000
vt -0.000000 0.130900 0.000000
vt 0.550000 0.130900 0.000000
vt -0.000000 0.157080 0.000000
vt 0.550000 0.157080 0.000000
vt -0.000000 0.183260 0.000000
vt 0.550000 0.183260 0.000000
vt -0.000000 0.209440 0.000000
vt 0.550000 0.209440 0.000000
vt -0.000000 0.235619 0.000000
vt 0.550000 0.235619 0.000000
vt -0.000000 0.261799 0.000000
vt 0.550000 0.261799 0.000000
vt 1.098628 -0.176715 0.000000
vt 1.100000 -0.157080 0.000000
vt 1.098628 -0.137445 0.000000
vt 1.094563 -0.117810 0.000000
vt 1.087962 -0.098175 0.000000
vt 1.079079 -0.078540 0.000000
vt 1.068255 -0.058905 0.000000
vt 1.055906 -0.039270 0.000000
vt 1.042506 -0.019635 0.000000
vt 1.028571 0.000000 0.000000
vt 1.014636 0.019635 0.000000
vt 1.001237 0.039270 0.000000
vt 0.988888 0.058905 0.000000
vt 0.978064 0.078540 0.000000
vt 0.969181 0.098175 0.000000
vt 0.962580 0.117810 0.000000
vt 0.958515 0.137445 0.000000
vt 0.957143 0.157080 0.000000
vt 0.958515 0.176715 0.000000
vt 0.962580 0.196350 0.000000
vt 0.969181 0.215984 0.000000
vt 0.978064 0.235619 0.000000
vt 0.988888 0.255254 0.000000
vt 1.001237 0.274889 0.000000
vt 1.014636 0.294524 0.000000
vt 1.028571 0.314159 0.000000
vt 1.028571 -0.314159 0.000000
vt 1.042506 -0.294524 0.000000
vt 1.055906 -0.274889 0.000000
vt 1.068255 -0.255254 0.000000
vt 1.079079 -0.235619 0.000000
vt 1.087962 -0.215984 0.000000
vt 1.094563 -0.196350 0.000000
vt -0.310000 18.250000 0.000000
vt -0.910000 18.250000 0.000000
vt -0.310000 1.880000 0.000000
vt -0.910000 1.880000 0.000000
vn 0.000000 0.000000 0.100000
vn 0.000000 0.000000 0.100000
vn 0.000000 0.000000 0.100000
vn 0.000000 0.000000 0.100000
vn 0.000000 0.000000 0.100000
vn 0.000000 0.000000 0.100000
vn 0.000000 0.000000 0.100000
vn 0.000000 0.000000 0.100000
vn 0.000000 0.000000 0.100000
vn 0.000000 0.000000 0.100000
vn 0.000000 0.000000 0.100000
vn 0.000000 0.000000 0.100000
vn 0.000000 0.000000 0.100000
vn 0.000000 0.000000 0.100000
vn 0.000000 0.000000 0.100000
vn 0.000000 0.000000 0.100000
vn 0.000000 0.000000 0.100000
vn 0.000000 0.000000 0.100000
vn 0.000000 0.000000 0.100000
vn 0.000000 0.000000 0.100000
vn 0.000000 0.000000 0.100000
vn 0.000000 0.000000 0.100000
vn 0.000000 0.000000 0.100000
vn 0.000000 0.000000 0.100000
vn 0.000000 0.000000 0.100000
vn 0.000000 0.000000 0.100000
vn 0.000000 0.000000 0.100000
vn 0.000000 0.000000 0.100000
vn 0.000000 0.000000 0.100000
vn 0.000000 0.000000 0.100000
vn 0.000000 0.000000 0.100000
vn 0.000000 0.000000 0.100000
vn 0.000000 0.000000 0.100000
vn 0.000000 0.000000 0.100000
vn 0.000000 0.000000 0.100000
vn 0.000000 0.000000 0.100000
vn 0.000000 0.000000 0.100000
vn 0.000000 0.000000 0.100000
vn 0.000000 0.000000 0.100000
vn 0.000000 0.000000 0.100000
vn 0.000000 0.000000 0.100000
vn 0.000000 0.000000 0.100000
vn 0.000000 0.000000 0.100000
vn 0.000000 0.000000 0.100000
vn 0.000000 0.000000 0.100000
vn 0.000000 0.000000 0.100000
vn 0.000000 0.000000 0.100000
vn 0.000000 0.000000 0.100000
vn 0.000000 0.000000 0.100000
vn 0.000000 0.000000 0.100000
vn 0.000000 0.000000 0.100000
vn 0.000000 0.000000 0.100000
vn 0.000000 0.000000 0.100000
vn 0.000000 0.000000 0.100000
vn 0.000000 0.000000 0.100000
vn 0.000000 0.000000 0.100000
vn 0.000000 0.000000 0.100000
vn 0.000000 0.000000 0.100000
vn 0.000000 0.000000 0.100000
vn 0.000000 0.000000 0.100000
vn 0.000000 0.000000 0.100000
vn 0.000000 0.000000 0.100000
vn 0.000000 0.000000 0.100000
vn 0.000000 0.000000 0.100000
vn 0.000000 0.000000 0.100000
vn 0.000000 0.000000 0.100000
vn 0.000000 0.000000 0.100000
vn 0.000000 0.000000 0.100000
vn 0.000000 0.000000 0.100000
vn 0.000000 0.000000 0.100000
vn 0.000000 0.000000 0.100000
vn 0.000000 0.000000 0.100000
vn 0.000000 0.000000 0.100000
vn 0.000000 0.000000 0.100000
vn 0.000000 0.000000 0.100000
vn 0.000000 0.000000 0.100000
vn 0.000000 0.000000 0.100000
vn 0.000000 0.000000 0.100000
vn 0.000000 0.000000 0.100000
vn 0.000000 0.000000 0.100000
vn 0.000000 0.000000 0.100000
vn 0.000000 0.000000 0.100000
vn 0.000000 0.000000 0.100000
vn 0.000000 0.000000 0.100000
vn 0.000000 0.000000 0.100000
vn 0.000000 0.000000 0.100000
vn 0.000000 0.000000 0.100000
vn 0.000000 0.000000 0.100000
vn 0.000000 0.000000 0.100000
vn 0.000000 0.000000 0.100000
vn 0.000000 0.000000 0.100000
vn 0.000000 0.000000 0.100000
vn 0.000000 0.000000 0.100000
vn 0.000000 0.000000 0.100000
vn 0.000000 0.000000 0.100000
vn 0.000000 0.000000 0.100000
vn 0.000000 0.000000 0.100000
vn 0.000000 0.000000 0.100000
vn 0.000000 0.000000 0.100000
vn 0.000000 0.000000 0.100000
vn 0.000000 0.000000 0.100000
vn 0.000000 0.000000 0.100000
vn 0.000000 0.000000 0.100000
vn 0.000000 0.000000 0.100000
vn 0.000000 0.000000 0.100000
vn 0.000000 0.000000 0.100000
vn 0.000000 0.000000 0.100000
vn 0.000000 0.000000 0.100000
vn 0.000000 0.000000 0.100000
vn 0.000000 0.000000 0.100000
vn 0.000000 0.000000 0.100000
vn 0.000000 0.000000 0.100000
vn 0.000000 0.000000 0.100000
vn 0.000000 0.000000 0.100000
vn 0.000000 0.000000 0.100000
vn 0.000000 0.000000 0.100000
vn 0.000000 0.000000 0.100000
vn 0.000000 0.000000 0.100000
vn 0.000000 0.000000 0.100000
vn 0.000000 0.000000 0.100000
vn 0.000000 -0.100000 0.000000
vn 0.000000 -0.100000 0.000000
vn 0.000000 -0.100000 0.000000
vn 0.000000 -0.100000 0.000000
vn 0.000000 -0.100000 0.000000
vn 0.000000 -0.100000 0.000000
vn 0.000000 -0.100000 0.000000
vn 0.000000 -0.100000 0.000000
vn 0.000000 -0.100000 0.000000
vn 0.000000 -0.100000 0.000000
vn -0.100000 0.000000 0.000000
vn -0.100000 0.000000 0.000000
vn -0.100000 0.000000 0.000000
vn -0.100000 0.000000 0.000000
vn -0.100000 0.000000 0.000000
vn -0.100000 0.000000 0.000000
vn -0.100000 0.000000 0.000000
vn -0.100000 0.000000 0.000000
vn -0.100000 0.000000 0.000000
vn -0.100000 0.000000 0.000000
vn -0.100000 0.000000 0.000000
vn -0.100000 0.000000 0.000000
vn -0.100000 0.000000 0.000000
vn -0.100000 0.000000 0.000000
vn -0.100000 0.000000 0.000000
vn -0.100000 0.000000 0.000000
vn -0.100000 0.000000 0.000000
vn -0.100000 0.000000 0.000000
vn -0.100000 0.000000 0.000000
vn -0.100000 0.000000 0.000000
vn -0.100000 0.000000 0.000000
vn -0.100000 0.000000 0.000000
vn -0.100000 0.000000 0.000000
vn -0.100000 0.000000 0.000000
vn -0.100000 0.000000 0.000000
vn -0.100000 0.000000 0.000000
vn -0.100000 0.000000 0.000000
vn -0.100000 0.000000 0.000000
vn -0.100000 0.000000 0.000000
vn -0.100000 0.000000 0.000000
vn -0.100000 0.000000 0.000000
vn -0.100000 0.000000 0.000000
vn -0.100000 0.000000 0.000000
vn -0.100000 0.000000 0.000000
vn -0.100000 0.000000 0.000000
vn -0.100000 0.000000 0.000000
vn 0.000000 0.000000 0.100000
vn 0.000000 0.000000 0.100000
vn 0.000000 0.000000 0.100000
vn 0.000000 0.000000 0.100000
vn 0.000000 0.000000 0.100000
vn 0.000000 0.000000 0.100000
vn 0.000000 0.000000 0.100000
vn 0.000000 0.000000 0.100000
vn 0.000000 0.000000 0.100000
vn 0.000000 0.000000 0.100000
vn 0.000000 0.000000 0.100000
vn 0.000000 0.000000 0.100000
vn 0.000000 0.000000 0.100000
vn 0.000000 0.000000 0.100000
vn 0.000000 0.000000 0.100000
vn 0.000000 0.000000 0.100000
vn 0.000000 0.000000 0.100000
vn 0.000000 0.000000 0.100000
vn 0.000000 0.000000 0.100000
vn 0.000000 0.000000 0.100000
vn 0.000000 0.000000 0.100000
vn 0.000000 0.000000 0.100000
vn 0.000000 0.000000 0.100000
vn 0.000000 0.000000 0.100000
vn 0.000000 0.000000 0.100000
vn 0.000000 0.000000 0.100000
vn 0.000000 0.000000 0.100000
vn 0.000000 0.000000 0.100000
vn 0.000000 0.000000 0.100000
vn 0.000000 0.000000 0.100000
vn 0.000000 0.000000 0.100000
vn 0.000000 0.000000 0.100000
vn 0.000000 0.000000 0.100000
vn 0.000000 0.000000 0.100000
vn 0.000000 0.000000 0.100000
vn 0.000000 0.000000 0.100000
vn 0.000000 0.000000 0.100000
vn 0.000000 0.000000 0.100000
vn 0.000000 0.000000 0.100000
vn 0.000000 0.000000 0.100000
vn 0.000000 0.058124 -0.081373
vn 0.000000 0.058124 -0.081373
vn 0.000000 0.058124 -0.081373
vn 0.000000 0.058124 -0.081373
vn 0.000000 0.058124 -0.081373
vn 0.000000 0.058124 -0.081373
vn 0.000000 0.058124 -0.081373
vn 0.000000 0.058124 -0.081373
vn 0.000000 0.058124 -0.081373
vn 0.000000 0.058124 -0.081373
vn 0.000000 0.058124 -0.081373
vn 0.000000 0.058124 -0.081373
vn 0.000000 0.058124 -0.081373
vn 0.000000 0.058124 -0.081373
vn 0.000000 0.058124 -0.081373
vn 0.000000 0.058124 -0.081373
vn 0.000000 0.058124 -0.081373
vn 0.000000 0.058124 -0.081373
vn 0.000000 0.058124 -0.081373
vn 0.000000 0.058124 -0.081373
vn 0.000000 0.058124 -0.081373
vn 0.000000 0.058124 -0.081373
vn 0.000000 0.058124 -0.081373
vn 0.000000 0.058124 -0.081373
vn 0.000000 0.058124 -0.081373
vn 0.000000 0.058124 -0.081373
vn 0.000000 0.058124 -0.081373
vn 0.000000 0.058124 -0.081373
vn 0.000000 0.058124 -0.081373
vn 0.000000 0.058124 -0.081373
vn 0.000000 0.058124 -0.081373
vn 0.000000 0.058124 -0.081373
vn 0.000000 0.058124 -0.081373
vn 0.000000 0.058124 -0.081373
vn 0.000000 0.058124 -0.081373
vn 0.000000 0.058124 -0.081373
vn 0.000000 0.058124 -0.081373
vn 0.000000 0.058124 -0.081373
vn 0.000000 0.058124 -0.081373
vn 0.000000 0.058124 -0.081373
vn 0.000000 0.058124 -0.081373
vn 0.000000 0.058124 -0.081373
vn 0.000000 0.058124 -0.081373
vn 0.000000 0.058124 -0.081373
vn 0.000000 0.058124 -0.081373
vn 0.000000 0.058124 -0.081373
vn 0.100000 0.000000 0.000000
vn 0.100000 0.000000 0.000000
vn 0.100000 0.000000 0.000000
vn 0.100000 0.000000 0.000000
vn 0.000000 -0.058124 0.081373
vn 0.000000 -0.058124 0.081373
vn 0.000000 -0.058124 0.081373
vn 0.000000 -0.058124 0.081373
vn 0.000000 -0.058124 0.081373
vn 0.000000 -0.058124 0.081373
vn 0.000000 -0.058124 0.081373
vn 0.000000 -0.058124 0.081373
vn 0.000000 -0.058124 0.081373
vn 0.000000 -0.058124 0.081373
vn 0.000000 -0.058124 0.081373
vn 0.000000 -0.058124 0.081373
vn 0.000000 -0.058124 0.081373
vn 0.000000 -0.058124 0.081373
vn 0.000000 -0.058124 0.081373
vn 0.000000 -0.058124 0.081373
vn 0.000000 -0.058124 0.081373
vn 0.000000 -0.058124 0.081373
vn 0.000000 -0.058124 0.081373
vn 0.000000 -0.058124 0.081373
vn 0.000000 -0.058124 0.081373
vn 0.000000 -0.058124 0.081373
vn 0.000000 -0.058124 0.081373
vn 0.000000 -0.058124 0.081373
vn 0.000000 -0.058124 0.081373
vn 0.000000 -0.058124 0.081373
vn 0.000000 -0.058124 0.081373
vn 0.000000 -0.058124 0.081373
vn 0.000000 -0.058124 0.081373
vn 0.000000 -0.058124 0.081373
vn 0.000000 -0.058124 0.081373
vn 0.000000 -0.058124 0.081373
vn 0.000000 -0.058124 0.081373
vn 0.000000 -0.058124 0.081373
vn 0.000000 -0.058124 0.081373
vn 0.000000 -0.058124 0.081373
vn 0.000000 -0.058124 0.081373
vn 0.000000 -0.058124 0.081373
vn 0.000000 -0.058124 0.081373
vn 0.000000 -0.058124 0.081373
vn 0.000000 -0.058124 0.081373
vn 0.000000 -0.058124 0.081373
vn 0.000000 -0.058124 0.081373
vn 0.000000 -0.058124 0.081373
vn 0.000000 -0.058124 0.081373
vn 0.000000 -0.058124 0.081373
vn 0.000000 -0.058124 0.081373
vn 0.000000 -0.058124 0.081373
vn 0.000000 -0.058124 0.081373
vn 0.000000 -0.100000 0.000000
vn 0.000000 -0.100000 0.000000
vn 0.000000 -0.100000 0.000000
vn 0.000000 -0.100000 0.000000
vn 0.000000 -0.100000 0.000000
vn 0.000000 -0.100000 0.000000
vn 0.000000 -0.100000 0.000000
vn 0.000000 -0.100000 0.000000
vn 0.100000 0.000000 0.000000
vn 0.100000 0.000000 0.000000
vn 0.100000 0.000000 0.000000
vn 0.100000 0.000000 0.000000
vn -0.000000 0.100000 -0.000000
vn -0.000000 0.100000 -0.000000
vn -0.000000 0.100000 -0.000000
vn -0.000000 0.100000 -0.000000
vn 0.096593 -0.025882 0.000000
vn 0.096593 -0.025882 0.000000
vn 0.100000 -0.000000 0.000000
vn 0.100000 -0.000000 0.000000
vn 0.096593 0.025882 0.000000
vn 0.096593 0.025882 0.000000
vn 0.086603 0.050000 0.000000
vn 0.086603 0.050000 0.000000
vn 0.070711 0.070711 0.000000
vn 0.070711 0.070711 0.000000
vn 0.050000 0.086603 0.000000
vn 0.050000 0.086603 0.000000
vn 0.025882 0.096593 0.000000
vn 0.025882 0.096593 0.000000
vn -0.000000 0.100000 0.000000
vn -0.000000 0.100000 0.000000
vn -0.025882 0.096593 0.000000
vn -0.025882 0.096593 0.000000
vn -0.050000 0.086603 0.000000
vn -0.050000 0.086603 0.000000
vn -0.070711 0.070711 0.000000
vn -0.070711 0.070711 0.000000
vn -0.086603 0.050000 0.000000
vn -0.086603 0.050000 0.000000
vn -0.096593 0.025882 0.000000
vn -0.096593 0.025882 0.000000
vn -0.100000 0.000000 0.000000
vn -0.100000 0.000000 0.000000
vn -0.096593 -0.025882 0.000000
vn -0.096593 -0.025882 0.000000
vn -0.086603 -0.050000 0.000000
vn -0.086603 -0.050000 0.000000
vn -0.070711 -0.070711 0.000000
vn -0.070711 -0.070711 0.000000
vn -0.050000 -0.086603 0.000000
vn -0.050000 -0.086603 0.000000
vn -0.025882 -0.096593 0.000000
vn -0.025882 -0.096593 0.000000
vn -0.000000 -0.100000 0.000000
vn -0.000000 -0.100000 0.000000
vn 0.025882 -0.096593 0.000000
vn 0.025882 -0.096593 0.000000
vn 0.050000 -0.086603 0.000000
vn 0.050000 -0.086603 0.000000
vn 0.070711 -0.070711 0.000000
vn 0.070711 -0.070711 0.000000
vn 0.086603 -0.050000 0.000000
vn 0.086603 -0.050000 0.000000
vn -0.100000 0.000000 0.000000
vn -0.100000 0.000000 0.000000
vn -0.100000 0.000000 0.000000
vn -0.100000 0.000000 0.000000
vn -0.100000 0.000000 0.000000
vn -0.100000 0.000000 0.000000
vn -0.100000 0.000000 0.000000
vn -0.100000 0.000000 0.000000
vn -0.100000 0.000000 0.000000
vn 0.000000 0.000000 0.100000
vn 0.000000 0.000000 0.100000
vn 0.000000 0.000000 0.100000
vn 0.000000 0.000000 0.100000
vn 0.100000 0.000000 0.000000
vn 0.100000 0.000000 0.000000
vn 0.100000 0.000000 0.000000
vn 0.100000 0.000000 0.000000
vn 0.100000 0.000000 0.000000
vn 0.100000 0.000000 0.000000
vn 0.100000 0.000000 0.000000
vn 0.100000 0.000000 0.000000
vn 0.100000 0.000000 0.000000
vn 0.100000 0.000000 0.000000
vn 0.100000 0.000000 0.000000
vn 0.000000 0.100000 0.000000
vn 0.000000 0.100000 0.000000
vn 0.000000 0.100000 0.000000
vn 0.000000 0.100000 0.000000
vn 0.100000 0.000000 0.000000
vn 0.100000 0.000000 0.000000
vn 0.100000 0.000000 0.000000
vn 0.100000 0.000000 0.000000
vn 0.000000 0.000000 -0.100000
vn 0.000000 0.000000 -0.100000
vn 0.000000 0.000000 -0.100000
vn 0.000000 0.000000 -0.100000
vn 0.000000 0.000000 -0.100000
vn 0.000000 0.000000 -0.100000
vn 0.000000 0.000000 -0.100000
vn 0.000000 0.000000 -0.100000
vn 0.000000 0.000000 -0.100000
vn 0.000000 0.000000 -0.100000
vn 0.000000 0.000000 -0.100000
vn 0.000000 0.000000 -0.100000
vn 0.000000 0.000000 -0.100000
vn 0.000000 0.000000 -0.100000
vn 0.000000 0.000000 -0.100000
vn 0.000000 0.000000 -0.100000
vn 0.000000 0.000000 -0.100000
vn 0.000000 0.000000 -0.100000
vn 0.000000 0.000000 -0.100000
vn 0.000000 0.000000 -0.100000
vn 0.000000 0.000000 -0.100000
vn 0.000000 0.000000 -0.100000
vn 0.000000 0.000000 -0.100000
vn 0.000000 0.000000 -0.100000
vn 0.000000 0.000000 -0.100000
vn 0.000000 0.000000 -0.100000
vn 0.000000 0.000000 -0.100000
vn 0.000000 0.000000 -0.100000
vn 0.000000 0.000000 -0.100000
vn 0.000000 0.000000 -0.100000
vn 0.000000 0.000000 -0.100000
vn 0.000000 0.000000 -0.100000
vn 0.000000 0.000000 -0.100000
vn 0.000000 0.000000 -0.100000
vn 0.000000 0.000000 -0.100000
vn 0.000000 0.000000 -0.100000
vn -0.100000 0.000000 0.000000
vn -0.100000 0.000000 0.000000
vn -0.100000 0.000000 0.000000
vn -0.100000 0.000000 0.000000
vn -0.100000 0.000000 0.000000
vn -0.100000 0.000000 0.000000
vn 0.000000 0.000000 -0.100000
vn 0.000000 0.000000 -0.100000
vn 0.000000 0.000000 -0.100000
vn 0.000000 0.000000 -0.100000
vn 0.000000 0.000000 -0.100000
vn 0.000000 0.000000 -0.100000
vn 0.000000 0.000000 -0.100000
vn 0.000000 0.000000 -0.100000
vn 0.000000 0.000000 -0.100000
vn 0.000000 0.000000 -0.100000
vn 0.000000 0.000000 -0.100000
vn 0.000000 0.000000 -0.100000
vn 0.000000 0.000000 -0.100000
vn 0.000000 0.000000 -0.100000
vn 0.000000 0.000000 -0.100000
vn 0.000000 0.000000 -0.100000
vn 0.000000 0.000000 -0.100000
vn 0.000000 0.000000 -0.100000
vn 0.000000 0.000000 -0.100000
vn 0.000000 0.000000 -0.100000
vn 0.000000 0.000000 -0.100000
vn 0.000000 0.000000 -0.100000
vn 0.000000 0.000000 -0.100000
vn 0.000000 0.000000 -0.100000
vn 0.000000 0.000000 -0.100000
vn 0.000000 0.000000 -0.100000
vn 0.000000 0.000000 -0.100000
vn 0.000000 0.000000 -0.100000
vn 0.000000 0.000000 -0.100000
vn 0.000000 0.000000 -0.100000
vn 0.000000 0.000000 -0.100000
vn 0.000000 0.000000 -0.100000
vn 0.000000 0.000000 -0.100000
vn 0.000000 0.000000 -0.100000
vn 0.000000 0.000000 -0.100000
vn 0.000000 0.000000 -0.100000
vn 0.000000 0.000000 -0.100000
vn 0.000000 0.000000 -0.100000
vn 0.000000 0.000000 -0.100000
vn 0.000000 0.000000 -0.100000
vn 0.000000 0.000000 -0.100000
vn 0.000000 0.000000 -0.100000
vn 0.100000 0.000000 0.000000
vn 0.100000 0.000000 0.000000
vn 0.100000 0.000000 0.000000
vn 0.100000 0.000000 0.000000
vn 0.100000 0.000000 0.000000
vn 0.100000 0.000000 0.000000
vn 0.100000 0.000000 0.000000
vn 0.100000 0.000000 0.000000
vn 0.100000 0.000000 0.000000
vn 0.100000 0.000000 0.000000
vn 0.000000 -0.020791 -0.097815
vn 0.000000 -0.020791 -0.097815
vn 0.000000 -0.000000 -0.100000
vn 0.000000 -0.000000 -0.100000
vn 0.000000 0.020791 -0.097815
vn 0.000000 0.020791 -0.097815
vn 0.000000 0.040674 -0.091355
vn 0.000000 0.040674 -0.091355
vn 0.000000 0.058779 -0.080902
vn 0.000000 0.058779 -0.080902
vn 0.000000 0.074314 -0.066913
vn 0.000000 0.074314 -0.066913
vn 0.000000 0.086603 -0.050000
vn 0.000000 0.086603 -0.050000
vn 0.000000 0.095106 -0.030902
vn 0.000000 0.095106 -0.030902
vn 0.000000 0.099452 -0.010453
vn 0.000000 0.099452 -0.010453
vn 0.000000 0.099452 0.010453
vn 0.000000 0.099452 0.010453
vn 0.000000 0.095106 0.030902
vn 0.000000 0.095106 0.030902
vn 0.000000 0.086603 0.050000
vn 0.000000 0.086603 0.050000
vn 0.000000 0.074314 0.066913
vn 0.000000 0.074314 0.066913
vn 0.000000 0.058779 0.080902
vn 0.000000 0.058779 0.080902
vn 0.000000 0.040674 0.091355
vn 0.000000 0.040674 0.091355
vn 0.000000 0.020791 0.097815
vn 0.000000 0.020791 0.097815
vn 0.000000 0.000000 0.100000
vn 0.000000 0.000000 0.100000
vn 0.000000 -0.020791 0.097815
vn 0.000000 -0.020791 0.097815
vn 0.000000 -0.040674 0.091355
vn 0.000000 -0.040674 0.091355
vn 0.000000 -0.058779 0.080902
vn 0.000000 -0.058779 0.080902
vn 0.000000 -0.074314 0.066913
vn 0.000000 -0.074314 0.066913
vn 0.000000 -0.086603 0.050000
vn 0.000000 -0.086603 0.050000
vn 0.000000 -0.095106 0.030902
vn 0.000000 -0.095106 0.030902
vn 0.000000 -0.099452 0.010453
vn 0.000000 -0.099452 0.010453
vn 0.000000 -0.099452 -0.010453
vn 0.000000 -0.099452 -0.010453
vn 0.000000 -0.095106 -0.030902
vn 0.000000 -0.095106 -0.030902
vn 0.000000 -0.086603 -0.050000
vn 0.000000 -0.086603 -0.050000
vn 0.000000 -0.074314 -0.066913
vn 0.000000 -0.074314 -0.066913
vn 0.000000 -0.058779 -0.080902
vn 0.000000 -0.058779 -0.080902
vn 0.000000 -0.040674 -0.091355
vn 0.000000 -0.040674 -0.091355
vn 0.000000 0.000000 -0.100000
vn 0.000000 0.000000 -0.100000
vn 0.000000 0.000000 -0.100000
vn 0.000000 0.000000 -0.100000
vn 0.000000 0.000000 -0.100000
vn 0.000000 0.000000 -0.100000
vn 0.000000 0.000000 -0.100000
vn 0.000000 0.000000 -0.100000
vn 0.000000 0.000000 -0.100000
vn 0.000000 0.000000 -0.100000
vn 0.000000 0.000000 -0.100000
vn 0.000000 0.000000 -0.100000
vn 0.000000 0.000000 -0.100000
vn 0.000000 0.000000 -0.100000
vn 0.000000 0.000000 -0.100000
vn 0.000000 0.000000 -0.100000
vn 0.000000 0.000000 -0.100000
vn 0.000000 0.000000 -0.100000
vn 0.000000 0.000000 -0.100000
vn 0.000000 0.000000 -0.100000
vn 0.000000 0.000000 -0.100000
vn 0.000000 0.000000 -0.100000
vn 0.000000 0.000000 -0.100000
vn 0.000000 0.000000 -0.100000
vn 0.000000 0.000000 -0.100000
vn 0.000000 0.000000 -0.100000
vn 0.000000 0.000000 -0.100000
vn 0.000000 0.000000 -0.100000
vn 0.000000 0.000000 -0.100000
vn 0.000000 0.000000 -0.100000
vn 0.000000 0.000000 -0.100000
vn 0.000000 0.000000 -0.100000
vn 0.000000 0.000000 -0.100000
vn 0.000000 0.000000 -0.100000
vn 0.000000 0.000000 -0.100000
vn 0.000000 0.000000 -0.100000
vn 0.000000 0.000000 -0.100000
vn 0.000000 0.000000 -0.100000
vn 0.000000 0.000000 -0.100000
vn 0.000000 0.000000 -0.100000
vn 0.097094 0.023932 0.000000
vn 0.097094 0.023932 0.000000
vn 0.088546 0.046472 0.000000
vn 0.088546 0.046472 0.000000
vn 0.074851 0.066312 0.000000
vn 0.074851 0.066312 0.000000
vn 0.056806 0.082298 0.000000
vn 0.056806 0.082298 0.000000
vn 0.035460 0.093502 0.000000
vn 0.035460 0.093502 0.000000
vn 0.012054 0.099271 0.000000
vn 0.012054 0.099271 0.000000
vn -0.012054 0.099271 -0.000000
vn -0.012054 0.099271 -0.000000
vn -0.035460 0.093502 -0.000000
vn -0.035460 0.093502 -0.000000
vn -0.056806 0.082298 -0.000000
vn -0.056806 0.082298 -0.000000
vn -0.074851 0.066312 -0.000000
vn -0.074851 0.066312 -0.000000
vn -0.088546 0.046472 -0.000000
vn -0.088546 0.046472 -0.000000
vn -0.097094 0.023932 -0.000000
vn -0.097094 0.023932 -0.000000
vn -0.100000 -0.000000 0.000000
vn -0.100000 -0.000000 0.000000
vn -0.100000 0.000000 0.000000
vn -0.100000 0.000000 0.000000
vn -0.100000 0.000000 0.000000
vn -0.100000 0.000000 0.000000
vn -0.000000 0.100000 -0.000000
vn -0.000000 0.100000 -0.000000
vn 0.019509 0.098079 0.000000
vn 0.023932 0.097094 0.000000
vn 0.038268 0.092388 0.000000
vn 0.046472 0.088546 0.000000
vn 0.055557 0.083147 0.000000
vn 0.066312 0.074851 0.000000
vn 0.070711 0.070711 0.000000
vn 0.082298 0.056806 0.000000
vn 0.083147 0.055557 0.000000
vn 0.093502 0.035460 0.000000
vn 0.092388 0.038268 0.000000
vn 0.098079 0.019509 0.000000
vn 0.099271 0.012054 0.000000
vn 0.100000 0.000000 0.000000
vn 0.099271 -0.012054 0.000000
vn 0.098079 -0.019509 0.000000
vn 0.093502 -0.035460 0.000000
vn 0.092388 -0.038268 0.000000
vn 0.082298 -0.056806 0.000000
vn 0.083147 -0.055557 0.000000
vn 0.070711 -0.070711 0.000000
vn 0.066312 -0.074851 0.000000
vn 0.055557 -0.083147 0.000000
vn 0.046472 -0.088546 0.000000
vn 0.038268 -0.092388 0.000000
vn 0.023932 -0.097094 0.000000
vn 0.019509 -0.098079 0.000000
vn -0.000000 -0.100000 0.000000
vn -0.000000 -0.100000 0.000000
vn -0.019509 -0.098079 0.000000
vn -0.023932 -0.097094 0.000000
vn -0.038268 -0.092388 0.000000
vn -0.046472 -0.088546 0.000000
vn -0.055557 -0.083147 0.000000
vn -0.066312 -0.074851 0.000000
vn -0.070711 -0.070711 0.000000
vn -0.082298 -0.056806 0.000000
vn -0.083147 -0.055557 0.000000
vn -0.092388 -0.038268 0.000000
vn -0.093502 -0.035460 0.000000
vn -0.098079 -0.019509 0.000000
vn -0.099271 -0.012054 0.000000
vn -0.100000 0.000000 -0.000000
vn -0.099271 0.012054 -0.000000
vn -0.098079 0.019509 -0.000000
vn -0.093502 0.035460 -0.000000
vn -0.092388 0.038268 -0.000000
vn -0.082298 0.056806 -0.000000
vn -0.083147 0.055557 -0.000000
vn -0.070711 0.070711 -0.000000
vn -0.066312 0.074851 -0.000000
vn -0.055557 0.083147 -0.000000
vn -0.046472 0.088546 -0.000000
vn -0.038268 0.092388 -0.000000
vn -0.023932 0.097094 -0.000000
vn -0.019509 0.098079 -0.000000
vn 0.000000 -0.100000 0.000000
vn 0.000000 -0.100000 0.000000
vn 0.000000 -0.100000 0.000000
vn 0.000000 -0.100000 0.000000
vn -0.100000 0.000000 -0.000000
vn -0.100000 0.000000 -0.000000
vn -0.100000 0.000000 -0.000000
vn -0.100000 0.000000 -0.000000
vn -0.100000 0.000000 -0.000000
vn -0.100000 0.000000 -0.000000
vn 0.000000 0.100000 0.000000
vn 0.000000 0.100000 0.000000
vn 0.000000 0.100000 0.000000
vn 0.000000 0.100000 0.000000
vn 0.000000 0.100000 0.000000
vn 0.000000 0.100000 0.000000
vn 0.000000 0.000000 0.100000
vn 0.000000 0.000000 0.100000
vn 0.000000 0.000000 0.100000
vn 0.000000 0.000000 0.100000
vn 0.000000 -0.100000 0.000000
vn 0.000000 -0.100000 0.000000
vn 0.000000 -0.100000 0.000000
vn 0.000000 -0.100000 0.000000
vn 0.000000 -0.100000 0.000000
vn 0.000000 -0.100000 0.000000
vn 0.000000 -0.100000 0.000000
vn 0.000000 -0.100000 0.000000
vn 0.000000 -0.100000 0.000000
vn 0.000000 -0.100000 0.000000
vn -0.100000 0.000000 0.000000
vn -0.100000 0.000000 0.000000
vn -0.100000 0.000000 0.000000
vn -0.100000 0.000000 0.000000
vn -0.100000 0.000000 0.000000
vn -0.100000 0.000000 0.000000
vn -0.000000 0.100000 -0.000000
vn -0.000000 0.100000 -0.000000
vn -0.000000 0.100000 -0.000000
vn -0.000000 0.100000 -0.000000
vn 0.000000 -0.100000 0.000000
vn 0.000000 -0.100000 0.000000
vn 0.000000 -0.100000 0.000000
vn 0.000000 -0.100000 0.000000
vn 0.000000 0.100000 0.000000
vn 0.000000 0.100000 0.000000
vn 0.000000 0.100000 0.000000
vn 0.000000 0.100000 0.000000
vn 0.000000 0.100000 0.000000
vn 0.000000 0.100000 0.000000
vn 0.000000 0.100000 0.000000
vn 0.000000 0.100000 0.000000
vn 0.000000 0.100000 0.000000
vn 0.000000 0.100000 0.000000
vn 0.100000 -0.000000 0.000000
vn 0.100000 -0.000000 0.000000
vn 0.100000 -0.000000 0.000000
vn 0.100000 -0.000000 0.000000
vn 0.100000 0.000000 0.000000
vn 0.100000 0.000000 0.000000
vn 0.100000 0.000000 0.000000
vn 0.100000 0.000000 0.000000
vn -0.100000 0.000000 0.000000
vn -0.100000 0.000000 0.000000
vn -0.100000 0.000000 0.000000
vn -0.100000 0.000000 0.000000
vn 0.000000 0.100000 0.000000
vn 0.000000 0.100000 0.000000
vn 0.000000 0.100000 0.000000
vn 0.000000 0.100000 0.000000
vn 0.000000 0.100000 0.000000
vn 0.000000 0.100000 0.000000
vn 0.100000 -0.000000 0.000000
vn 0.100000 -0.000000 0.000000
vn 0.100000 -0.000000 0.000000
vn 0.100000 -0.000000 0.000000
vn 0.100000 -0.000000 0.000000
vn 0.100000 -0.000000 0.000000
vn 0.100000 -0.000000 0.000000
vn 0.100000 -0.000000 0.000000
vn 0.100000 -0.000000 0.000000
vn 0.100000 -0.000000 0.000000
vn 0.100000 -0.000000 0.000000
vn 0.100000 -0.000000 0.000000
vn 0.100000 -0.000000 0.000000
vn 0.100000 -0.000000 0.000000
vn 0.100000 -0.000000 0.000000
vn 0.100000 -0.000000 0.000000
vn 0.100000 -0.000000 0.000000
vn 0.100000 -0.000000 0.000000
vn 0.100000 -0.000000 0.000000
vn 0.100000 -0.000000 0.000000
vn 0.100000 -0.000000 0.000000
vn 0.100000 -0.000000 0.000000
vn 0.100000 -0.000000 0.000000
vn 0.100000 -0.000000 0.000000
vn 0.100000 -0.000000 0.000000
vn 0.100000 -0.000000 0.000000
vn 0.100000 -0.000000 0.000000
vn 0.100000 -0.000000 0.000000
vn 0.100000 -0.000000 0.000000
vn 0.100000 -0.000000 0.000000
vn 0.100000 -0.000000 0.000000
vn 0.100000 -0.000000 0.000000
vn 0.100000 -0.000000 0.000000
vn 0.100000 -0.000000 0.000000
vn 0.100000 -0.000000 0.000000
vn 0.100000 -0.000000 0.000000
vn 0.100000 -0.000000 0.000000
vn -0.000000 0.100000 0.000000
vn -0.000000 0.100000 0.000000
vn -0.000000 0.100000 0.000000
vn -0.000000 0.100000 0.000000
vn 0.096593 0.025882 0.000000
vn 0.096593 0.025882 0.000000
vn 0.100000 0.000000 0.000000
vn 0.100000 0.000000 0.000000
vn 0.096593 -0.025882 0.000000
vn 0.096593 -0.025882 0.000000
vn 0.086603 -0.050000 0.000000
vn 0.086603 -0.050000 0.000000
vn 0.070711 -0.070711 0.000000
vn 0.070711 -0.070711 0.000000
vn 0.050000 -0.086603 0.000000
vn 0.050000 -0.086603 0.000000
vn 0.025882 -0.096593 0.000000
vn 0.025882 -0.096593 0.000000
vn -0.000000 -0.100000 0.000000
vn -0.000000 -0.100000 0.000000
vn -0.025882 -0.096593 0.000000
vn -0.025882 -0.096593 0.000000
vn -0.050000 -0.086603 0.000000
vn -0.050000 -0.086603 0.000000
vn -0.070711 -0.070711 0.000000
vn -0.070711 -0.070711 0.000000
vn -0.086603 -0.050000 0.000000
vn -0.086603 -0.050000 0.000000
vn -0.096593 -0.025882 0.000000
vn -0.096593 -0.025882 0.000000
vn -0.100000 0.000000 0.000000
vn -0.100000 0.000000 0.000000
vn -0.096593 0.025882 0.000000
vn -0.096593 0.025882 0.000000
vn -0.086603 0.050000 0.000000
vn -0.086603 0.050000 0.000000
vn -0.070711 0.070711 0.000000
vn -0.070711 0.070711 0.000000
vn -0.050000 0.086603 0.000000
vn -0.050000 0.086603 0.000000
vn -0.025882 0.096593 0.000000
vn -0.025882 0.096593 0.000000
vn -0.000000 0.100000 0.000000
vn -0.000000 0.100000 0.000000
vn 0.025882 0.096593 0.000000
vn 0.025882 0.096593 0.000000
vn 0.050000 0.086603 0.000000
vn 0.050000 0.086603 0.000000
vn 0.070711 0.070711 0.000000
vn 0.070711 0.070711 0.000000
vn 0.086603 0.050000 0.000000
vn 0.086603 0.050000 0.000000
vn -0.096593 -0.025882 0.000000
vn -0.096593 -0.025882 0.000000
vn -0.100000 -0.000000 0.000000
vn -0.100000 -0.000000 0.000000
vn -0.096593 0.025882 0.000000
vn -0.096593 0.025882 0.000000
vn -0.086603 0.050000 0.000000
vn -0.086603 0.050000 0.000000
vn -0.070711 0.070711 0.000000
vn -0.070711 0.070711 0.000000
vn -0.050000 0.086603 0.000000
vn -0.050000 0.086603 0.000000
vn -0.025882 0.096593 0.000000
vn -0.025882 0.096593 0.000000
vn 0.000000 0.100000 0.000000
vn 0.000000 0.100000 0.000000
vn 0.025882 0.096593 0.000000
vn 0.025882 0.096593 0.000000
vn 0.050000 0.086603 0.000000
vn 0.050000 0.086603 0.000000
vn 0.070711 0.070711 0.000000
vn 0.070711 0.070711 0.000000
vn 0.086603 0.050000 0.000000
vn 0.086603 0.050000 0.000000
vn 0.096593 0.025882 0.000000
vn 0.096593 0.025882 0.000000
vn 0.100000 -0.000000 0.000000
vn 0.100000 -0.000000 0.000000
vn 0.096593 -0.025882 0.000000
vn 0.096593 -0.025882 0.000000
vn 0.086603 -0.050000 0.000000
vn 0.086603 -0.050000 0.000000
vn 0.070711 -0.070711 0.000000
vn 0.070711 -0.070711 0.000000
vn 0.050000 -0.086603 0.000000
vn 0.050000 -0.086603 0.000000
vn 0.025882 -0.096593 0.000000
vn 0.025882 -0.096593 0.000000
vn 0.000000 -0.100000 0.000000
vn 0.000000 -0.100000 0.000000
vn -0.025882 -0.096593 0.000000
vn -0.025882 -0.096593 0.000000
vn -0.050000 -0.086603 0.000000
vn -0.050000 -0.086603 0.000000
vn -0.070711 -0.070711 0.000000
vn -0.070711 -0.070711 0.000000
vn -0.086603 -0.050000 0.000000
vn -0.086603 -0.050000 0.000000
vn -0.096593 0.025882 0.000000
vn -0.100000 0.000000 0.000000
vn -0.096593 -0.025882 0.000000
vn -0.086603 -0.050000 0.000000
vn -0.070711 -0.070711 0.000000
vn -0.050000 -0.086603 0.000000
vn -0.025882 -0.096593 0.000000
vn 0.000000 -0.100000 0.000000
vn 0.025882 -0.096593 0.000000
vn 0.050000 -0.086603 0.000000
vn 0.070711 -0.070711 0.000000
vn 0.086603 -0.050000 0.000000
vn 0.096593 -0.025882 0.000000
vn 0.100000 -0.000000 0.000000
vn 0.096593 0.025882 0.000000
vn 0.086603 0.050000 0.000000
vn 0.070711 0.070711 0.000000
vn 0.050000 0.086603 0.000000
vn 0.025882 0.096593 0.000000
vn 0.000000 0.100000 0.000000
vn -0.025882 0.096593 0.000000
vn -0.050000 0.086603 0.000000
vn -0.070711 0.070711 0.000000
vn -0.086603 0.050000 0.000000
vn -0.096593 -0.025882 0.000000
vn -0.096593 -0.025882 0.000000
vn -0.100000 -0.000000 0.000000
vn -0.100000 -0.000000 0.000000
vn -0.096593 0.025882 0.000000
vn -0.096593 0.025882 0.000000
vn -0.086603 0.050000 0.000000
vn -0.086603 0.050000 0.000000
vn -0.070711 0.070711 0.000000
vn -0.070711 0.070711 0.000000
vn -0.050000 0.086603 0.000000
vn -0.050000 0.086603 0.000000
vn -0.025882 0.096593 0.000000
vn -0.025882 0.096593 0.000000
vn 0.000000 0.100000 0.000000
vn 0.000000 0.100000 0.000000
vn 0.025882 0.096593 0.000000
vn 0.025882 0.096593 0.000000
vn 0.050000 0.086603 0.000000
vn 0.050000 0.086603 0.000000
vn 0.070711 0.070711 0.000000
vn 0.070711 0.070711 0.000000
vn 0.086603 0.050000 0.000000
vn 0.086603 0.050000 0.000000
vn 0.096593 0.025882 0.000000
vn 0.096593 0.025882 0.000000
vn 0.100000 -0.000000 0.000000
vn 0.100000 -0.000000 0.000000
vn 0.096593 -0.025882 0.000000
vn 0.096593 -0.025882 0.000000
vn 0.086603 -0.050000 0.000000
vn 0.086603 -0.050000 0.000000
vn 0.070711 -0.070711 0.000000
vn 0.070711 -0.070711 0.000000
vn 0.050000 -0.086603 0.000000
vn 0.050000 -0.086603 0.000000
vn 0.025882 -0.096593 0.000000
vn 0.025882 -0.096593 0.000000
vn 0.000000 -0.100000 0.000000
vn 0.000000 -0.100000 0.000000
vn -0.025882 -0.096593 0.000000
vn -0.025882 -0.096593 0.000000
vn -0.050000 -0.086603 0.000000
vn -0.050000 -0.086603 0.000000
vn -0.070711 -0.070711 0.000000
vn -0.070711 -0.070711 0.000000
vn -0.086603 -0.050000 0.000000
vn -0.086603 -0.050000 0.000000
vn -0.019509 0.098079 0.000000
vn 0.000000 0.100000 0.000000
vn 0.019509 0.098079 0.000000
vn 0.038268 0.092388 0.000000
vn 0.055557 0.083147 0.000000
vn 0.070711 0.070711 0.000000
vn 0.083147 0.055557 0.000000
vn 0.092388 0.038268 0.000000
vn 0.098079 0.019509 0.000000
vn 0.100000 -0.000000 0.000000
vn 0.098079 -0.019509 0.000000
vn 0.092388 -0.038268 0.000000
vn 0.083147 -0.055557 0.000000
vn 0.070711 -0.070711 0.000000
vn 0.055557 -0.083147 0.000000
vn 0.038268 -0.092388 0.000000
vn 0.019509 -0.098079 0.000000
vn 0.000000 -0.100000 0.000000
vn -0.019509 -0.098079 0.000000
vn -0.038268 -0.092388 0.000000
vn -0.055557 -0.083147 0.000000
vn -0.070711 -0.070711 0.000000
vn -0.083147 -0.055557 0.000000
vn -0.092388 -0.038268 0.000000
vn -0.098079 -0.019509 0.000000
vn -0.100000 -0.000000 0.000000
vn -0.098079 0.019509 0.000000
vn -0.092388 0.038268 0.000000
vn -0.083147 0.055557 0.000000
vn -0.070711 0.070711 0.000000
vn -0.055557 0.083147 0.000000
vn -0.038268 0.092388 0.000000
vn 0.000000 0.100000 0.000000
vn 0.000000 0.100000 0.000000
vn 0.000000 0.100000 0.000000
vn 0.000000 0.100000 0.000000
usemtl Steel_-_Satin
f 24/1/1 1/2/2 52/3/3
f 52/3/3 1/2/2 2/4/4
f 52/3/3 2/4/4 3/5/5
f 3/5/5 4/6/6 52/3/3
f 52/3/3 4/6/6 5/7/7
f 52/3/3 5/7/7 6/8/8
f 6/8/8 7/9/9 52/3/3
f 52/3/3 7/9/9 8/10/10
f 52/3/3 8/10/10 9/11/11
f 52/3/3 9/11/11 41/12/12
f 41/12/12 9/11/11 10/13/13
f 41/12/12 10/13/13 40/14/14
f 40/14/14 10/13/13 11/15/15
f 40/14/14 11/15/15 39/16/16
f 39/16/16 11/15/15 12/17/17
f 39/16/16 12/17/17 38/18/18
f 38/18/18 12/17/17 13/19/19
f 38/18/18 13/19/19 37/20/20
f 37/20/20 13/19/19 14/21/21
f 37/20/20 14/21/21 36/22/22
f 36/22/22 14/21/21 15/23/23
f 36/22/22 15/23/23 35/24/24
f 35/24/24 15/23/23 16/25/25
f 35/24/24 16/25/25 34/26/26
f 34/26/26 16/25/25 54/27/27
f 34/26/26 54/27/27 33/28/28
f 33/28/28 54/27/27 32/29/29
f 32/29/29 54/27/27 31/30/30
f 31/30/30 54/27/27 30/31/31
f 30/31/31 54/27/27 29/32/32
f 29/32/32 54/27/27 28/33/33
f 28/33/33 54/27/27 27/34/34
f 27/34/34 54/27/27 26/35/35
f 26/35/35 54/27/27 51/36/36
f 26/35/35 51/36/36 25/37/37
f 25/37/37 51/36/36 48/38/38
f 48/38/38 51/36/36 47/39/39
f 47/39/39 51/36/36 46/40/40
f 46/40/40 51/36/36 45/41/41
f 45/41/41 51/36/36 44/42/42
f 44/42/42 51/36/36 43/43/43
f 43/43/43 51/36/36 42/44/44
f 42/44/44 51/36/36 41/12/12
f 41/12/12 51/36/36 52/3/3
f 54/27/27 16/25/25 53/45/45
f 53/45/45 16/25/25 17/46/46
f 53/45/45 17/46/46 18/47/47
f 18/47/47 19/48/48 53/45/45
f 53/45/45 19/48/48 20/49/49
f 53/45/45 20/49/49 21/50/50
f 21/50/50 22/51/51 53/45/45
f 53/45/45 22/51/51 23/52/52
f 53/45/45 23/52/52 24/1/1
f 53/45/45 24/1/1 52/3/3
f 49/53/53 50/54/54 54/27/27
f 54/27/27 50/54/54 51/36/36
f 55/55/55 56/56/56 58/57/57
f 58/57/57 56/56/56 57/58/58
f 59/59/59 60/60/60 62/61/61
f 62/61/61 60/60/60 61/62/62
f 64/63/63 106/64/64 63/65/65
f 63/65/65 106/64/64 107/66/66
f 63/65/65 107/66/66 86/67/67
f 86/67/67 107/66/66 108/68/68
f 86/67/67 108/68/68 85/69/69
f 85/69/69 108/68/68 109/70/70
f 85/69/69 109/70/70 84/71/71
f 84/71/71 109/70/70 110/72/72
f 84/71/71 110/72/72 83/73/73
f 83/73/73 110/72/72 111/74/74
f 83/73/73 111/74/74 82/75/75
f 82/75/75 111/74/74 112/76/76
f 82/75/75 112/76/76 81/77/77
f 81/77/77 112/76/76 87/78/78
f 81/77/77 87/78/78 88/79/79
f 106/64/64 64/63/63 105/80/80
f 105/80/80 64/63/63 65/81/81
f 105/80/80 65/81/81 104/82/82
f 104/82/82 65/81/81 66/83/83
f 104/82/82 66/83/83 103/84/84
f 103/84/84 66/83/83 67/85/85
f 103/84/84 67/85/85 102/86/86
f 102/86/86 67/85/85 68/87/87
f 102/86/86 68/87/87 101/88/88
f 101/88/88 68/87/87 69/89/89
f 101/88/88 69/89/89 100/90/90
f 100/90/90 69/89/89 99/91/91
f 99/91/91 69/89/89 70/92/92
f 99/91/91 70/92/92 98/93/93
f 98/93/93 70/92/92 71/94/94
f 98/93/93 71/94/94 97/95/95
f 97/95/95 71/94/94 72/96/96
f 97/95/95 72/96/96 96/97/97
f 96/97/97 72/96/96 73/98/98
f 96/97/97 73/98/98 95/99/99
f 95/99/99 73/98/98 74/100/100
f 95/99/99 74/100/100 94/101/101
f 94/101/101 74/100/100 75/102/102
f 94/101/101 75/102/102 93/103/103
f 93/103/103 75/102/102 76/104/104
f 93/103/103 76/104/104 92/105/105
f 92/105/105 76/104/104 77/106/106
f 92/105/105 77/106/106 91/107/107
f 91/107/107 77/106/106 78/108/108
f 91/107/107 78/108/108 90/109/109
f 90/109/109 78/108/108 79/110/110
f 90/109/109 79/110/110 89/111/111
f 89/111/111 79/110/110 80/112/112
f 89/111/111 80/112/112 88/79/79
f 88/79/79 80/112/112 81/77/77
f 116/113/113 113/114/114 87/115/78
f 87/115/78 113/114/114 114/116/115
f 87/115/78 114/116/115 115/117/116
f 117/118/117 118/119/118 120/120/119
f 120/120/119 118/119/118 119/121/120
f 51/122/121 121/123/122 52/124/123
f 52/124/123 121/123/122 122/125/124
f 60/126/125 59/127/126 126/128/127
f 126/128/127 59/127/126 123/129/128
f 126/128/127 123/129/128 124/130/129
f 124/130/129 125/131/130 126/128/127
f 156/132/131 127/133/132 51/134/133
f 51/134/133 127/133/132 128/135/134
f 51/134/133 128/135/134 129/136/135
f 129/136/135 130/137/136 51/134/133
f 51/134/133 130/137/136 131/138/137
f 51/134/133 131/138/137 132/139/138
f 132/139/138 133/140/139 51/134/133
f 51/134/133 133/140/139 134/141/140
f 51/134/133 134/141/140 121/142/141
f 121/142/141 134/141/140 135/143/142
f 121/142/141 135/143/142 136/144/143
f 136/144/143 137/145/144 121/142/141
f 121/142/141 137/145/144 138/146/145
f 121/142/141 138/146/145 139/147/146
f 139/147/146 140/148/147 121/142/141
f 121/142/141 140/148/147 141/149/148
f 121/142/141 141/149/148 142/150/149
f 121/142/141 142/150/149 159/151/150
f 159/151/150 142/150/149 143/152/151
f 159/151/150 143/152/151 144/153/152
f 144/153/152 145/154/153 159/151/150
f 159/151/150 145/154/153 146/155/154
f 159/151/150 146/155/154 147/156/155
f 159/151/150 147/156/155 157/157/156
f 157/157/156 147/156/155 148/158/157
f 157/157/156 148/158/157 149/159/158
f 149/159/158 150/160/159 157/157/156
f 157/157/156 150/160/159 151/161/160
f 157/157/156 151/161/160 152/162/161
f 157/157/156 152/162/161 50/163/162
f 50/163/162 152/162/161 153/164/163
f 50/163/162 153/164/163 154/165/164
f 154/165/164 155/166/165 50/163/162
f 50/163/162 155/166/165 156/132/131
f 50/163/162 156/132/131 51/134/133
f 157/157/156 158/167/166 159/151/150
f 161/168/167 170/169/168 160/170/169
f 160/170/169 170/169/168 171/171/170
f 160/170/169 171/171/170 192/172/171
f 192/172/171 171/171/170 191/173/172
f 191/173/172 171/171/170 172/174/173
f 191/173/172 172/174/173 190/175/174
f 190/175/174 172/174/173 189/176/175
f 189/176/175 172/174/173 188/177/176
f 188/177/176 172/174/173 187/178/177
f 187/178/177 172/174/173 186/179/178
f 186/179/178 172/174/173 185/180/179
f 185/180/179 172/174/173 184/181/180
f 184/181/180 172/174/173 183/182/181
f 183/182/181 172/174/173 182/183/182
f 182/183/182 172/174/173 181/184/183
f 181/184/183 172/174/173 180/185/184
f 180/185/184 172/174/173 173/186/185
f 180/185/184 173/186/185 179/187/186
f 179/187/186 173/186/185 178/188/187
f 178/188/187 173/186/185 177/189/188
f 177/189/188 173/186/185 176/190/189
f 176/190/189 173/186/185 175/191/190
f 175/191/190 173/186/185 174/192/191
f 174/192/191 173/186/185 197/193/192
f 197/193/192 173/186/185 196/194/193
f 196/194/193 173/186/185 195/195/194
f 195/195/194 173/186/185 160/170/169
f 195/195/194 160/170/169 194/196/195
f 194/196/195 160/170/169 193/197/196
f 193/197/196 160/170/169 192/172/171
f 162/198/197 164/199/198 161/168/167
f 161/168/167 164/199/198 168/200/199
f 161/168/167 168/200/199 169/201/200
f 162/198/197 163/202/201 164/199/198
f 164/199/198 165/203/202 168/200/199
f 168/200/199 165/203/202 166/204/203
f 168/200/199 166/204/203 167/205/204
f 169/201/200 170/169/168 161/168/167
f 126/206/205 125/207/206 171/171/170
f 171/171/170 125/207/206 172/174/173
f 162/208/207 198/209/208 163/210/209
f 163/210/209 198/209/208 159/211/210
f 163/210/209 159/211/210 199/212/211
f 199/212/211 159/211/210 158/213/212
f 200/214/213 201/215/214 199/212/211
f 199/212/211 201/215/214 163/210/209
f 163/210/209 201/215/214 207/216/215
f 207/216/215 201/215/214 202/217/216
f 207/216/215 202/217/216 205/218/217
f 205/218/217 202/217/216 225/219/218
f 205/218/217 225/219/218 226/220/219
f 202/217/216 203/221/220 225/219/218
f 225/219/218 203/221/220 224/222/221
f 224/222/221 203/221/220 223/223/222
f 223/223/222 203/221/220 222/224/223
f 222/224/223 203/221/220 221/225/224
f 221/225/224 203/221/220 220/226/225
f 220/226/225 203/221/220 219/227/226
f 219/227/226 203/221/220 204/228/227
f 219/227/226 204/228/227 218/229/228
f 218/229/228 204/228/227 217/230/229
f 217/230/229 204/228/227 216/231/230
f 216/231/230 204/228/227 215/232/231
f 215/232/231 204/228/227 214/233/232
f 214/233/232 204/228/227 213/234/233
f 213/234/233 204/228/227 212/235/234
f 212/235/234 204/228/227 211/236/235
f 211/236/235 204/228/227 210/237/236
f 210/237/236 204/228/227 209/238/237
f 209/238/237 204/228/227 208/239/238
f 208/239/238 204/228/227 205/218/217
f 208/239/238 205/218/217 239/240/239
f 239/240/239 205/218/217 238/241/240
f 238/241/240 205/218/217 237/242/241
f 237/242/241 205/218/217 236/243/242
f 236/243/242 205/218/217 235/244/243
f 235/244/243 205/218/217 234/245/244
f 234/245/244 205/218/217 233/246/245
f 233/246/245 205/218/217 232/247/246
f 232/247/246 205/218/217 231/248/247
f 231/248/247 205/218/217 230/249/248
f 230/249/248 205/218/217 229/250/249
f 229/250/249 205/218/217 228/251/250
f 228/251/250 205/218/217 227/252/251
f 227/252/251 205/218/217 226/220/219
f 205/218/217 206/253/252 207/216/215
f 207/254/253 240/255/254 163/256/255
f 163/256/255 240/255/254 164/257/256
f 165/258/257 164/259/258 280/260/259
f 280/260/259 164/259/258 240/261/260
f 280/260/259 240/261/260 278/262/261
f 278/262/261 240/261/260 277/263/262
f 277/263/262 240/261/260 274/264/263
f 277/263/262 274/264/263 275/265/264
f 241/266/265 242/267/266 240/261/260
f 240/261/260 242/267/266 270/268/267
f 240/261/260 270/268/267 271/269/268
f 243/270/269 261/271/270 242/267/266
f 242/267/266 261/271/270 262/272/271
f 242/267/266 262/272/271 263/273/272
f 244/274/273 253/275/274 243/270/269
f 243/270/269 253/275/274 254/276/275
f 243/270/269 254/276/275 255/277/276
f 245/278/277 246/279/278 244/274/273
f 244/274/273 246/279/278 247/280/279
f 244/274/273 247/280/279 248/281/280
f 248/281/280 249/282/281 244/274/273
f 244/274/273 249/282/281 250/283/282
f 244/274/273 250/283/282 251/284/283
f 251/284/283 252/285/284 244/274/273
f 244/274/273 252/285/284 253/275/274
f 255/277/276 256/286/285 243/270/269
f 243/270/269 256/286/285 257/287/286
f 243/270/269 257/287/286 258/288/287
f 258/288/287 259/289/288 243/270/269
f 243/270/269 259/289/288 260/290/289
f 243/270/269 260/290/289 261/271/270
f 263/273/272 264/291/290 242/267/266
f 242/267/266 264/291/290 265/292/291
f 242/267/266 265/292/291 266/293/292
f 266/293/292 267/294/293 242/267/266
f 242/267/266 267/294/293 268/295/294
f 242/267/266 268/295/294 269/296/295
f 269/296/295 270/268/267 242/267/266
f 271/269/268 272/297/296 240/261/260
f 240/261/260 272/297/296 273/298/297
f 240/261/260 273/298/297 274/264/263
f 275/265/264 276/299/298 277/263/262
f 277/263/262 276/299/298 245/278/277
f 278/262/261 279/300/299 280/260/259
f 280/260/259 281/301/300 165/258/257
f 165/258/257 281/301/300 284/302/301
f 165/258/257 284/302/301 285/303/302
f 282/304/303 283/305/304 281/301/300
f 281/301/300 283/305/304 284/302/301
f 285/303/302 286/306/305 165/258/257
f 173/307/306 172/308/307 206/309/308
f 206/309/308 172/308/307 287/310/309
f 206/309/308 287/310/309 241/311/310
f 241/311/310 287/310/309 288/312/311
f 241/311/310 240/313/312 206/309/308
f 206/309/308 240/313/312 207/314/313
f 162/315/314 161/316/315 198/317/316
f 198/317/316 161/316/315 289/318/317
f 160/319/318 290/320/319 161/321/320
f 161/321/320 290/320/319 289/322/321
f 292/323/322 175/324/323 291/325/324
f 291/325/324 175/324/323 174/326/325
f 291/327/324 174/328/325 314/329/326
f 314/329/326 174/328/325 197/330/327
f 314/329/326 197/330/327 313/331/328
f 313/331/328 197/330/327 196/332/329
f 313/331/328 196/332/329 312/333/330
f 312/333/330 196/332/329 195/334/331
f 312/333/330 195/334/331 311/335/332
f 311/335/332 195/334/331 194/336/333
f 311/335/332 194/336/333 310/337/334
f 310/337/334 194/336/333 193/338/335
f 310/337/334 193/338/335 309/339/336
f 309/339/336 193/338/335 192/340/337
f 309/339/336 192/340/337 308/341/338
f 308/341/338 192/340/337 191/342/339
f 308/341/338 191/342/339 307/343/340
f 307/343/340 191/342/339 190/344/341
f 307/343/340 190/344/341 306/345/342
f 306/345/342 190/344/341 189/346/343
f 306/345/342 189/346/343 305/347/344
f 305/347/344 189/346/343 188/348/345
f 305/347/344 188/348/345 304/349/346
f 304/349/346 188/348/345 187/350/347
f 304/349/346 187/350/347 303/351/348
f 303/351/348 187/350/347 186/352/349
f 303/351/348 186/352/349 302/353/350
f 302/353/350 186/352/349 185/354/351
f 302/353/350 185/354/351 301/355/352
f 301/355/352 185/354/351 184/356/353
f 301/355/352 184/356/353 300/357/354
f 300/357/354 184/356/353 183/358/355
f 300/357/354 183/358/355 299/359/356
f 299/359/356 183/358/355 182/360/357
f 299/359/356 182/360/357 298/361/358
f 298/361/358 182/360/357 181/362/359
f 298/361/358 181/362/359 297/363/360
f 297/363/360 181/362/359 180/364/361
f 297/363/360 180/364/361 296/365/362
f 296/365/362 180/364/361 179/366/363
f 296/365/362 179/366/363 295/367/364
f 295/367/364 179/366/363 178/368/365
f 295/367/364 178/368/365 294/369/366
f 294/369/366 178/368/365 177/370/367
f 294/369/366 177/370/367 293/371/368
f 293/371/368 177/370/367 176/372/369
f 293/371/368 176/372/369 292/323/322
f 292/323/322 176/372/369 175/324/323
f 160/373/370 173/374/371 290/375/372
f 290/375/372 173/374/371 315/376/373
f 315/376/373 173/374/371 205/377/374
f 205/377/374 173/374/371 206/378/375
f 241/379/376 288/380/377 242/381/378
f 288/382/379 287/383/380 242/384/381
f 242/384/381 287/383/380 243/385/382
f 116/386/383 244/387/384 113/388/385
f 113/388/385 244/387/384 203/389/386
f 203/389/386 244/387/384 243/390/387
f 203/389/386 243/390/387 204/391/388
f 204/391/388 243/390/387 287/392/389
f 204/391/388 287/392/389 172/393/390
f 125/394/391 124/395/392 172/393/390
f 172/393/390 124/395/392 316/396/393
f 172/393/390 316/396/393 204/391/388
f 315/397/394 205/398/395 316/399/396
f 316/399/396 205/398/395 204/400/397
f 126/401/398 171/402/399 60/403/400
f 60/403/400 171/402/399 61/404/401
f 315/405/402 313/406/403 290/407/404
f 290/407/404 313/406/403 312/408/405
f 290/407/404 312/408/405 311/409/406
f 316/410/407 298/411/408 315/405/402
f 315/405/402 298/411/408 297/412/409
f 315/405/402 297/412/409 296/413/410
f 124/414/411 290/407/404 316/410/407
f 316/410/407 290/407/404 308/415/412
f 316/410/407 308/415/412 307/416/413
f 123/417/414 317/418/415 124/414/411
f 124/414/411 317/418/415 290/407/404
f 290/407/404 317/418/415 289/419/416
f 289/419/416 317/418/415 318/420/417
f 289/419/416 318/420/417 198/421/418
f 198/421/418 318/420/417 159/422/419
f 159/422/419 318/420/417 121/423/420
f 121/423/420 318/420/417 122/424/421
f 292/425/422 291/426/423 315/405/402
f 315/405/402 291/426/423 314/427/424
f 315/405/402 314/427/424 313/406/403
f 311/409/406 310/428/425 290/407/404
f 290/407/404 310/428/425 309/429/426
f 290/407/404 309/429/426 308/415/412
f 307/416/413 306/430/427 316/410/407
f 316/410/407 306/430/427 305/431/428
f 316/410/407 305/431/428 304/432/429
f 304/432/429 303/433/430 316/410/407
f 316/410/407 303/433/430 302/434/431
f 316/410/407 302/434/431 301/435/432
f 301/435/432 300/436/433 316/410/407
f 316/410/407 300/436/433 299/437/434
f 316/410/407 299/437/434 298/411/408
f 296/413/410 295/438/435 315/405/402
f 315/405/402 295/438/435 294/439/436
f 315/405/402 294/439/436 293/440/437
f 293/440/437 292/425/422 315/405/402
f 317/441/438 123/442/439 169/443/440
f 169/443/440 123/442/439 59/444/441
f 169/443/440 59/444/441 62/445/442
f 62/445/442 170/446/443 169/443/440
f 342/447/444 319/448/445 358/449/446
f 358/449/446 319/448/445 320/450/447
f 358/449/446 320/450/447 321/451/448
f 321/451/448 322/452/449 358/449/446
f 358/449/446 322/452/449 323/453/450
f 358/449/446 323/453/450 324/454/451
f 324/454/451 325/455/452 358/449/446
f 358/449/446 325/455/452 326/456/453
f 358/449/446 326/456/453 357/457/454
f 357/457/454 326/456/453 327/458/455
f 357/457/454 327/458/455 328/459/456
f 328/459/456 329/460/457 357/457/454
f 357/457/454 329/460/457 356/461/458
f 356/461/458 329/460/457 330/462/459
f 356/461/458 330/462/459 331/463/460
f 331/463/460 332/464/461 356/461/458
f 356/461/458 332/464/461 355/465/462
f 355/465/462 332/464/461 333/466/463
f 355/465/462 333/466/463 334/467/464
f 355/465/462 334/467/464 354/468/465
f 354/468/465 334/467/464 335/469/466
f 354/468/465 335/469/466 353/470/467
f 353/470/467 335/469/466 336/471/468
f 353/470/467 336/471/468 352/472/469
f 352/472/469 336/471/468 359/473/470
f 352/472/469 359/473/470 351/474/471
f 351/474/471 359/473/470 360/475/472
f 351/474/471 360/475/472 350/476/473
f 350/476/473 360/475/472 349/477/474
f 349/477/474 360/475/472 348/478/475
f 348/478/475 360/475/472 347/479/476
f 347/479/476 360/475/472 346/480/477
f 346/480/477 360/475/472 345/481/478
f 345/481/478 360/475/472 344/482/479
f 344/482/479 360/475/472 343/483/480
f 336/471/468 337/484/481 359/473/470
f 359/473/470 337/484/481 338/485/482
f 359/473/470 338/485/482 339/486/483
f 339/486/483 340/487/484 359/473/470
f 359/473/470 340/487/484 341/488/485
f 359/473/470 341/488/485 342/447/444
f 359/473/470 342/447/444 358/449/446
f 361/489/486 343/490/487 362/491/488
f 362/491/488 343/490/487 52/492/489
f 362/491/488 52/492/489 122/493/490
f 360/494/491 53/495/492 343/490/487
f 343/490/487 53/495/492 52/492/489
f 362/491/488 122/493/490 167/496/493
f 167/496/493 122/493/490 318/497/494
f 167/496/493 318/497/494 168/498/495
f 156/499/496 392/500/497 127/501/498
f 127/501/498 392/500/497 363/502/499
f 127/503/498 363/504/499 128/505/500
f 128/505/500 363/504/499 364/506/501
f 128/505/500 364/506/501 129/507/502
f 129/507/502 364/506/501 365/508/503
f 129/507/502 365/508/503 130/509/504
f 130/509/504 365/508/503 366/510/505
f 130/509/504 366/510/505 131/511/506
f 131/511/506 366/510/505 367/512/507
f 131/511/506 367/512/507 132/513/508
f 132/513/508 367/512/507 368/514/509
f 132/513/508 368/514/509 133/515/510
f 133/515/510 368/514/509 369/516/511
f 133/515/510 369/516/511 134/517/512
f 134/517/512 369/516/511 370/518/513
f 134/517/512 370/518/513 135/519/514
f 135/519/514 370/518/513 371/520/515
f 135/519/514 371/520/515 136/521/516
f 136/521/516 371/520/515 372/522/517
f 136/521/516 372/522/517 137/523/518
f 137/523/518 372/522/517 373/524/519
f 137/523/518 373/524/519 138/525/520
f 138/525/520 373/524/519 374/526/521
f 138/525/520 374/526/521 139/527/522
f 139/527/522 374/526/521 375/528/523
f 139/527/522 375/528/523 140/529/524
f 140/529/524 375/528/523 376/530/525
f 140/529/524 376/530/525 141/531/526
f 141/531/526 376/530/525 377/532/527
f 141/531/526 377/532/527 142/533/528
f 142/533/528 377/532/527 378/534/529
f 142/533/528 378/534/529 143/535/530
f 143/535/530 378/534/529 379/536/531
f 143/535/530 379/536/531 144/537/532
f 144/537/532 379/536/531 380/538/533
f 144/537/532 380/538/533 145/539/534
f 145/539/534 380/538/533 381/540/535
f 145/539/534 381/540/535 146/541/536
f 146/541/536 381/540/535 382/542/537
f 146/541/536 382/542/537 147/543/538
f 147/543/538 382/542/537 383/544/539
f 147/543/538 383/544/539 148/545/540
f 148/545/540 383/544/539 384/546/541
f 148/545/540 384/546/541 149/547/542
f 149/547/542 384/546/541 385/548/543
f 149/547/542 385/548/543 150/549/544
f 150/549/544 385/548/543 386/550/545
f 150/549/544 386/550/545 151/551/546
f 151/551/546 386/550/545 387/552/547
f 151/551/546 387/552/547 152/553/548
f 152/553/548 387/552/547 388/554/549
f 152/553/548 388/554/549 153/555/550
f 153/555/550 388/554/549 389/556/551
f 153/555/550 389/556/551 154/557/552
f 154/557/552 389/556/551 390/558/553
f 154/557/552 390/558/553 155/559/554
f 155/559/554 390/558/553 391/560/555
f 155/559/554 391/560/555 156/499/496
f 156/499/496 391/560/555 392/500/497
f 393/561/556 425/562/557 362/563/558
f 362/563/558 425/562/557 426/564/559
f 362/563/558 426/564/559 427/565/560
f 394/566/561 421/567/562 393/561/556
f 393/561/556 421/567/562 422/568/563
f 393/561/556 422/568/563 423/569/564
f 395/570/565 418/571/566 394/566/561
f 394/566/561 418/571/566 419/572/567
f 394/566/561 419/572/567 420/573/568
f 418/571/566 395/570/565 417/574/569
f 417/574/569 395/570/565 396/575/570
f 417/574/569 396/575/570 416/576/571
f 416/576/571 396/575/570 415/577/572
f 415/577/572 396/575/570 397/578/573
f 415/577/572 397/578/573 398/579/574
f 415/577/572 398/579/574 414/580/575
f 414/580/575 398/579/574 399/581/576
f 414/580/575 399/581/576 413/582/577
f 413/582/577 399/581/576 400/583/578
f 413/582/577 400/583/578 401/584/579
f 401/584/579 402/585/580 413/582/577
f 413/582/577 402/585/580 412/586/581
f 412/586/581 402/585/580 403/587/582
f 412/586/581 403/587/582 411/588/583
f 411/588/583 403/587/582 404/589/584
f 411/588/583 404/589/584 405/590/585
f 406/591/586 409/592/587 405/590/585
f 405/590/585 409/592/587 410/593/588
f 405/590/585 410/593/588 411/588/583
f 409/592/587 406/591/586 408/594/589
f 408/594/589 406/591/586 361/595/590
f 408/594/589 361/595/590 407/596/591
f 407/596/591 361/595/590 430/597/592
f 430/597/592 361/595/590 429/598/593
f 429/598/593 361/595/590 362/563/558
f 429/598/593 362/563/558 428/599/594
f 428/599/594 362/563/558 427/565/560
f 420/573/568 421/567/562 394/566/561
f 423/569/564 424/600/595 393/561/556
f 393/561/556 424/600/595 425/562/557
f 343/601/487 361/602/486 344/603/596
f 344/603/596 361/602/486 406/604/597
f 344/603/596 406/604/597 345/605/598
f 345/605/598 406/604/597 405/606/599
f 345/605/598 405/606/599 346/607/600
f 346/607/600 405/606/599 404/608/601
f 346/607/600 404/608/601 347/609/602
f 347/609/602 404/608/601 403/610/603
f 347/609/602 403/610/603 348/611/604
f 348/611/604 403/610/603 402/612/605
f 348/611/604 402/612/605 349/613/606
f 349/613/606 402/612/605 401/614/607
f 349/613/606 401/614/607 350/615/608
f 350/615/608 401/614/607 400/616/609
f 350/615/608 400/616/609 351/617/610
f 351/617/610 400/616/609 399/618/611
f 351/617/610 399/618/611 352/619/612
f 352/619/612 399/618/611 398/620/613
f 352/619/612 398/620/613 353/621/614
f 353/621/614 398/620/613 397/622/615
f 353/621/614 397/622/615 354/623/616
f 354/623/616 397/622/615 396/624/617
f 354/623/616 396/624/617 355/625/618
f 355/625/618 396/624/617 395/626/619
f 355/625/618 395/626/619 356/627/620
f 356/627/620 395/626/619 394/628/621
f 394/629/622 393/630/623 356/631/624
f 356/631/624 393/630/623 357/632/625
f 245/633/626 87/634/627 246/635/628
f 246/635/628 87/634/627 112/636/629
f 246/635/628 112/636/629 247/637/630
f 247/637/630 112/636/629 111/638/631
f 247/637/630 111/638/631 248/639/632
f 248/639/632 111/638/631 110/640/633
f 248/639/632 110/640/633 249/641/634
f 249/641/634 110/640/633 109/642/635
f 249/641/634 109/642/635 250/643/636
f 250/643/636 109/642/635 108/644/637
f 250/643/636 108/644/637 251/645/638
f 251/645/638 108/644/637 252/646/639
f 252/646/639 108/644/637 107/647/640
f 252/646/639 107/647/640 253/648/641
f 253/649/641 107/650/640 106/651/642
f 253/649/641 106/651/642 254/652/643
f 254/652/643 106/651/642 105/653/644
f 254/652/643 105/653/644 255/654/645
f 255/654/645 105/653/644 104/655/646
f 255/654/645 104/655/646 256/656/647
f 256/656/647 104/655/646 257/657/648
f 257/657/648 104/655/646 103/658/649
f 257/657/648 103/658/649 258/659/650
f 258/659/650 103/658/649 102/660/651
f 258/659/650 102/660/651 259/661/652
f 259/661/652 102/660/651 101/662/653
f 259/661/652 101/662/653 260/663/654
f 260/663/654 101/662/653 100/664/655
f 260/663/654 100/664/655 261/665/656
f 261/665/656 100/664/655 262/666/657
f 262/666/657 100/664/655 99/667/658
f 262/666/657 99/667/658 263/668/659
f 263/668/659 99/667/658 98/669/660
f 263/668/659 98/669/660 264/670/661
f 264/670/661 98/669/660 97/671/662
f 264/670/661 97/671/662 265/672/663
f 265/672/663 97/671/662 96/673/664
f 265/672/663 96/673/664 266/674/665
f 266/674/665 96/673/664 267/675/666
f 267/675/666 96/673/664 95/676/667
f 267/675/666 95/676/667 268/677/668
f 268/677/668 95/676/667 94/678/669
f 268/677/668 94/678/669 269/679/670
f 269/679/670 94/678/669 93/680/671
f 269/679/670 93/680/671 270/681/672
f 270/681/672 93/680/671 92/682/673
f 270/681/672 92/682/673 271/683/674
f 271/683/674 92/682/673 91/684/675
f 271/683/674 91/684/675 272/685/676
f 272/685/676 91/684/675 273/686/677
f 273/686/677 91/684/675 90/687/678
f 273/686/677 90/687/678 274/688/679
f 274/688/679 90/687/678 89/689/680
f 274/688/679 89/689/680 275/690/681
f 275/690/681 89/689/680 88/691/682
f 275/690/681 88/691/682 276/692/683
f 276/692/683 88/691/682 87/634/627
f 276/692/683 87/634/627 245/633/626
f 87/693/684 115/694/685 245/695/686
f 245/695/686 115/694/685 277/696/687
f 114/697/688 202/698/689 277/699/690
f 277/699/690 202/698/689 201/700/691
f 277/699/690 201/700/691 278/701/692
f 277/699/690 115/702/693 114/697/688
f 49/703/694 286/704/695 50/705/696
f 50/705/696 286/704/695 157/706/697
f 157/706/697 286/704/695 431/707/698
f 431/707/698 286/704/695 285/708/699
f 199/709/700 158/710/701 431/711/702
f 431/711/702 158/710/701 157/712/703
f 245/713/686 244/714/704 87/715/684
f 87/715/684 244/714/704 116/716/705
f 168/717/706 318/718/707 169/719/708
f 169/719/708 318/718/707 317/720/709
f 56/721/710 55/722/711 284/723/712
f 284/723/712 55/722/711 285/724/713
f 285/725/714 55/726/715 199/727/716
f 199/727/716 55/726/715 58/728/717
f 199/727/716 58/728/717 200/729/718
f 199/727/716 431/730/719 285/725/714
f 360/731/720 359/732/721 53/733/722
f 53/733/722 359/732/721 54/734/723
f 120/735/724 119/736/725 280/737/726
f 280/737/726 119/736/725 281/738/727
f 57/739/728 283/740/729 58/741/730
f 58/741/730 283/740/729 200/742/731
f 200/742/731 283/740/729 282/743/732
f 200/742/731 282/743/732 201/744/733
f 201/744/733 282/743/732 279/745/734
f 201/744/733 279/745/734 278/746/735
f 118/747/736 117/748/737 282/743/732
f 282/743/732 117/748/737 279/745/734
f 57/749/738 56/750/739 283/751/740
f 283/751/740 56/750/739 284/752/741
f 117/753/742 120/754/743 279/755/744
f 279/755/744 120/754/743 280/756/745
f 118/757/746 282/758/747 119/759/748
f 119/759/748 282/758/747 281/760/749
f 167/761/750 166/762/751 393/763/752
f 393/763/752 166/762/751 358/764/753
f 393/763/752 358/764/753 357/765/754
f 393/763/752 362/766/755 167/761/750
f 364/767/756 363/768/757 359/769/758
f 359/769/758 363/768/757 392/770/759
f 359/769/758 392/770/759 391/771/760
f 391/771/760 390/772/761 359/769/758
f 359/769/758 390/772/761 389/773/762
f 359/769/758 389/773/762 49/774/763
f 49/774/763 389/773/762 388/775/764
f 49/774/763 388/775/764 286/776/765
f 286/776/765 388/775/764 387/777/766
f 286/776/765 387/777/766 386/778/767
f 386/778/767 385/779/768 286/776/765
f 286/776/765 385/779/768 384/780/769
f 286/776/765 384/780/769 165/781/770
f 165/781/770 384/780/769 383/782/771
f 165/781/770 383/782/771 382/783/772
f 382/783/772 381/784/773 165/781/770
f 165/781/770 381/784/773 380/785/774
f 165/781/770 380/785/774 379/786/775
f 379/786/775 378/787/776 165/781/770
f 165/781/770 378/787/776 166/788/777
f 166/788/777 378/787/776 377/789/778
f 166/788/777 377/789/778 376/790/779
f 376/790/779 375/791/780 166/788/777
f 166/788/777 375/791/780 374/792/781
f 166/788/777 374/792/781 373/793/782
f 373/793/782 372/794/783 166/788/777
f 166/788/777 372/794/783 371/795/784
f 166/788/777 371/795/784 370/796/785
f 166/788/777 370/796/785 358/797/786
f 358/797/786 370/796/785 369/798/787
f 358/797/786 369/798/787 368/799/788
f 368/799/788 367/800/789 358/797/786
f 358/797/786 367/800/789 366/801/790
f 358/797/786 366/801/790 365/802/791
f 365/802/791 364/767/756 358/797/786
f 358/797/786 364/767/756 359/769/758
f 49/774/763 54/803/792 359/769/758
f 171/804/793 170/805/794 61/806/795
f 61/806/795 170/805/794 62/807/796
f 48/808/797 320/809/798 25/810/799
f 25/810/799 320/809/798 319/811/800
f 25/812/799 319/813/800 26/814/801
f 26/814/801 319/813/800 342/815/802
f 26/814/801 342/815/802 27/816/803
f 27/816/803 342/815/802 341/817/804
f 27/816/803 341/817/804 28/818/805
f 28/818/805 341/817/804 340/819/806
f 28/818/805 340/819/806 29/820/807
f 29/820/807 340/819/806 339/821/808
f 29/820/807 339/821/808 30/822/809
f 30/822/809 339/821/808 338/823/810
f 30/822/809 338/823/810 31/824/811
f 31/824/811 338/823/810 337/825/812
f 31/824/811 337/825/812 32/826/813
f 32/826/813 337/825/812 336/827/814
f 32/826/813 336/827/814 33/828/815
f 33/828/815 336/827/814 335/829/816
f 33/828/815 335/829/816 34/830/817
f 34/830/817 335/829/816 334/831/818
f 34/830/817 334/831/818 35/832/819
f 35/832/819 334/831/818 333/833/820
f 35/832/819 333/833/820 36/834/821
f 36/834/821 333/833/820 332/835/822
f 36/834/821 332/835/822 37/836/823
f 37/836/823 332/835/822 331/837/824
f 37/836/823 331/837/824 38/838/825
f 38/838/825 331/837/824 330/839/826
f 38/838/825 330/839/826 39/840/827
f 39/840/827 330/839/826 329/841/828
f 39/840/827 329/841/828 40/842/829
f 40/842/829 329/841/828 328/843/830
f 40/842/829 328/843/830 41/844/831
f 41/844/831 328/843/830 327/845/832
f 41/844/831 327/845/832 42/846/833
f 42/846/833 327/845/832 326/847/834
f 42/846/833 326/847/834 43/848/835
f 43/848/835 326/847/834 325/849/836
f 43/848/835 325/849/836 44/850/837
f 44/850/837 325/849/836 324/851/838
f 44/850/837 324/851/838 45/852/839
f 45/852/839 324/851/838 323/853/840
f 45/852/839 323/853/840 46/854/841
f 46/854/841 323/853/840 322/855/842
f 46/854/841 322/855/842 47/856/843
f 47/856/843 322/855/842 321/857/844
f 47/856/843 321/857/844 48/808/797
f 48/808/797 321/857/844 320/809/798
f 24/858/845 433/859/846 1/860/847
f 1/860/847 433/859/846 432/861/848
f 1/862/847 432/863/848 2/864/849
f 2/864/849 432/863/848 455/865/850
f 2/864/849 455/865/850 3/866/851
f 3/866/851 455/865/850 454/867/852
f 3/866/851 454/867/852 4/868/853
f 4/868/853 454/867/852 453/869/854
f 4/868/853 453/869/854 5/870/855
f 5/870/855 453/869/854 452/871/856
f 5/870/855 452/871/856 6/872/857
f 6/872/857 452/871/856 451/873/858
f 6/872/857 451/873/858 7/874/859
f 7/874/859 451/873/858 450/875/860
f 7/874/859 450/875/860 8/876/861
f 8/876/861 450/875/860 449/877/862
f 8/876/861 449/877/862 9/878/863
f 9/878/863 449/877/862 448/879/864
f 9/878/863 448/879/864 10/880/865
f 10/880/865 448/879/864 447/881/866
f 10/880/865 447/881/866 11/882/867
f 11/882/867 447/881/866 446/883/868
f 11/882/867 446/883/868 12/884/869
f 12/884/869 446/883/868 445/885/870
f 12/884/869 445/885/870 13/886/871
f 13/886/871 445/885/870 444/887/872
f 13/886/871 444/887/872 14/888/873
f 14/888/873 444/887/872 443/889/874
f 14/888/873 443/889/874 15/890/875
f 15/890/875 443/889/874 442/891/876
f 15/890/875 442/891/876 16/892/877
f 16/892/877 442/891/876 441/893/878
f 16/892/877 441/893/878 17/894/879
f 17/894/879 441/893/878 440/895/880
f 17/894/879 440/895/880 18/896/881
f 18/896/881 440/895/880 439/897/882
f 18/896/881 439/897/882 19/898/883
f 19/898/883 439/897/882 438/899/884
f 19/898/883 438/899/884 20/900/885
f 20/900/885 438/899/884 437/901/886
f 20/900/885 437/901/886 21/902/887
f 21/902/887 437/901/886 436/903/888
f 21/902/887 436/903/888 22/904/889
f 22/904/889 436/903/888 435/905/890
f 22/904/889 435/905/890 23/906/891
f 23/906/891 435/905/890 434/907/892
f 23/906/891 434/907/892 24/858/845
f 24/858/845 434/907/892 433/859/846
f 430/908/893 455/865/850 407/909/894
f 407/909/894 455/865/850 432/863/848
f 407/910/894 432/861/848 408/911/895
f 408/911/895 432/861/848 433/859/846
f 408/911/895 433/859/846 409/912/896
f 409/912/896 433/859/846 434/907/892
f 409/912/896 434/907/892 410/913/897
f 410/913/897 434/907/892 435/905/890
f 410/913/897 435/905/890 411/914/898
f 411/914/898 435/905/890 436/903/888
f 411/914/898 436/903/888 412/915/899
f 412/915/899 436/903/888 437/901/886
f 412/915/899 437/901/886 413/916/900
f 413/916/900 437/901/886 438/899/884
f 413/916/900 438/899/884 414/917/901
f 414/917/901 438/899/884 439/897/882
f 414/917/901 439/897/882 415/918/902
f 415/918/902 439/897/882 440/895/880
f 415/918/902 440/895/880 416/919/903
f 416/919/903 440/895/880 441/893/878
f 416/919/903 441/893/878 417/920/904
f 417/920/904 441/893/878 442/891/876
f 417/920/904 442/891/876 418/921/905
f 418/921/905 442/891/876 443/889/874
f 418/921/905 443/889/874 419/922/906
f 419/922/906 443/889/874 444/887/872
f 419/922/906 444/887/872 420/923/907
f 420/923/907 444/887/872 445/885/870
f 420/923/907 445/885/870 421/924/908
f 421/924/908 445/885/870 446/883/868
f 421/924/908 446/883/868 422/925/909
f 422/925/909 446/883/868 447/881/866
f 422/925/909 447/881/866 423/926/910
f 423/926/910 447/881/866 448/879/864
f 423/926/910 448/879/864 424/927/911
f 424/927/911 448/879/864 449/877/862
f 424/927/911 449/877/862 425/928/912
f 425/928/912 449/877/862 450/875/860
f 425/928/912 450/875/860 426/929/913
f 426/929/913 450/875/860 451/873/858
f 426/929/913 451/873/858 427/930/914
f 427/930/914 451/873/858 452/871/856
f 427/930/914 452/871/856 428/931/915
f 428/931/915 452/871/856 453/869/854
f 428/931/915 453/869/854 429/932/916
f 429/932/916 453/869/854 454/867/852
f 429/932/916 454/867/852 430/908/893
f 430/908/893 454/867/852 455/865/850
f 86/933/917 457/934/918 63/935/919
f 63/935/919 457/934/918 456/936/920
f 63/937/919 456/938/920 64/939/921
f 64/939/921 456/938/920 479/940/922
f 64/939/921 479/940/922 65/941/923
f 65/941/923 479/940/922 478/942/924
f 65/941/923 478/942/924 66/943/925
f 66/943/925 478/942/924 477/944/926
f 66/943/925 477/944/926 67/945/927
f 67/945/927 477/944/926 476/946/928
f 67/945/927 476/946/928 68/947/929
f 68/947/929 476/946/928 475/948/930
f 68/947/929 475/948/930 69/949/931
f 69/949/931 475/948/930 474/950/932
f 69/949/931 474/950/932 70/951/933
f 70/951/933 474/950/932 473/952/934
f 70/951/933 473/952/934 71/953/935
f 71/953/935 473/952/934 472/954/936
f 71/953/935 472/954/936 72/955/937
f 72/955/937 472/954/936 471/956/938
f 72/955/937 471/956/938 73/957/939
f 73/957/939 471/956/938 470/958/940
f 73/957/939 470/958/940 74/959/941
f 74/959/941 470/958/940 469/960/942
f 74/959/941 469/960/942 75/961/943
f 75/961/943 469/960/942 468/962/944
f 75/961/943 468/962/944 76/963/945
f 76/963/945 468/962/944 467/964/946
f 76/963/945 467/964/946 77/965/947
f 77/965/947 467/964/946 466/966/948
f 77/965/947 466/966/948 78/967/949
f 78/967/949 466/966/948 465/968/950
f 78/967/949 465/968/950 79/969/951
f 79/969/951 465/968/950 464/970/952
f 79/969/951 464/970/952 80/971/953
f 80/971/953 464/970/952 463/972/954
f 80/971/953 463/972/954 81/973/955
f 81/973/955 463/972/954 462/974/956
f 81/973/955 462/974/956 82/975/957
f 82/975/957 462/974/956 461/976/958
f 82/975/957 461/976/958 83/977/959
f 83/977/959 461/976/958 460/978/960
f 83/977/959 460/978/960 84/979/961
f 84/979/961 460/978/960 459/980/962
f 84/979/961 459/980/962 85/981/963
f 85/981/963 459/980/962 458/982/964
f 85/981/963 458/982/964 86/933/917
f 86/933/917 458/982/964 457/934/918
f 209/983/965 208/984/966 474/950/932
f 474/950/932 208/984/966 239/985/967
f 474/950/932 239/985/967 473/952/934
f 473/952/934 239/985/967 238/986/968
f 473/952/934 238/986/968 472/954/936
f 472/954/936 238/986/968 237/987/969
f 472/954/936 237/987/969 471/956/938
f 471/956/938 237/987/969 236/988/970
f 471/956/938 236/988/970 235/989/971
f 471/956/938 235/989/971 470/958/940
f 470/958/940 235/989/971 234/990/972
f 470/958/940 234/990/972 469/960/942
f 469/960/942 234/990/972 233/991/973
f 469/960/942 233/991/973 468/962/944
f 468/962/944 233/991/973 232/992/974
f 468/962/944 232/992/974 231/993/975
f 468/962/944 231/993/975 467/964/946
f 467/964/946 231/993/975 230/994/976
f 467/964/946 230/994/976 466/966/948
f 466/966/948 230/994/976 229/995/977
f 466/966/948 229/995/977 465/968/950
f 465/968/950 229/995/977 228/996/978
f 465/968/950 228/996/978 227/997/979
f 465/968/950 227/997/979 464/970/952
f 464/970/952 227/997/979 226/998/980
f 464/970/952 226/998/980 463/972/954
f 463/972/954 226/998/980 225/999/981
f 463/972/954 225/999/981 462/974/956
f 462/974/956 225/999/981 224/1000/982
f 462/974/956 224/1000/982 223/1001/983
f 462/974/956 223/1001/983 461/976/958
f 461/976/958 223/1001/983 222/1002/984
f 461/976/958 222/1002/984 460/978/960
f 460/978/960 222/1002/984 221/1003/985
f 460/978/960 221/1003/985 459/980/962
f 459/980/962 221/1003/985 220/1004/986
f 459/980/962 220/1004/986 219/1005/987
f 459/980/962 219/1005/987 458/982/964
f 458/982/964 219/1005/987 218/1006/988
f 458/982/964 218/1006/988 457/934/918
f 457/934/918 218/1006/988 217/1007/989
f 457/934/918 217/1007/989 456/936/920
f 456/936/920 217/1007/989 216/1008/990
f 456/938/920 216/1009/990 215/1010/991
f 456/938/920 215/1010/991 479/940/922
f 479/940/922 215/1010/991 214/1011/992
f 479/940/922 214/1011/992 478/942/924
f 478/942/924 214/1011/992 213/1012/993
f 478/942/924 213/1012/993 477/944/926
f 477/944/926 213/1012/993 212/1013/994
f 477/944/926 212/1013/994 211/1014/995
f 477/944/926 211/1014/995 476/946/928
f 476/946/928 211/1014/995 210/1015/996
f 476/946/928 210/1015/996 475/948/930
f 475/948/930 210/1015/996 209/983/965
f 475/948/930 209/983/965 474/950/932
f 113/1016/997 203/1017/998 114/1018/999
f 114/1018/999 203/1017/998 202/1019/1000
# 479 vertices
# 1019 texture params
# 1000 normals
# 980 facets

# 1 groups
