# WaveFront *.obj file (generated by Autodesk ATF)

mtllib front-R.mtl

g front-R

v 204.000000 -7.000000 -7.100000
v 196.500000 -7.000000 -7.100000
v 196.500000 -17.000000 -7.100000
v 182.500000 -17.000000 -7.100000
v 182.500000 -18.500000 -7.100000
v 204.000000 -18.500000 -7.100000
v 202.500000 -2.000000 -9.100000
v 202.500000 -1.500000 -8.600000
v 196.500000 -1.500000 -8.600000
v 196.500000 -0.000000 -7.100000
v 204.000000 -0.000000 -7.100000
v 204.000000 -2.000000 -9.100000
v 204.000000 -2.000000 -22.100000
v 202.500000 -2.000000 -22.100000
v 202.500000 -17.000000 -8.600000
v 202.500000 -17.000000 -22.100000
v 204.000000 -18.500000 -22.100000
v 182.500000 -18.500000 -22.100000
v 182.500000 -17.000000 -22.100000
v 196.500000 -17.000000 -8.600000
v 204.000000 -4.000000 -7.100000
v 196.500000 -4.000000 -7.100000
v 182.500000 -4.000000 -7.100000
v 182.500000 40.200000 -7.100000
v 317.000000 40.200000 -7.100000
v 320.616954 40.309119 -7.100000
v 324.220752 40.636079 -7.100000
v 327.798287 41.179690 -7.100000
v 331.336544 41.937976 -7.100000
v 334.822656 42.908177 -7.100000
v 338.243941 44.086767 -7.100000
v 341.587956 45.469456 -7.100000
v 344.842537 47.051217 -7.100000
v 347.995846 48.826295 -7.100000
v 351.036414 50.788235 -7.100000
v 352.077647 51.395227 -7.100000
v 353.198249 51.838910 -7.100000
v 354.372787 52.109212 -7.100000
v 355.574603 52.200000 -7.100000
v 363.200000 52.200000 -7.100000
v 363.976457 52.097777 -7.100000
v 364.700000 51.798076 -7.100000
v 365.321320 51.321320 -7.100000
v 365.798076 50.700000 -7.100000
v 366.097777 49.976457 -7.100000
v 366.200000 49.200000 -7.100000
v 366.200000 -4.000000 -7.100000
v 196.500000 17.600000 -7.100000
v 190.500000 17.600000 -7.100000
v 190.500000 11.600000 -7.100000
v 196.500000 11.600000 -7.100000
v 218.500000 17.600000 -7.100000
v 212.500000 17.600000 -7.100000
v 212.500000 11.600000 -7.100000
v 218.500000 11.600000 -7.100000
v 262.500000 17.600000 -7.100000
v 256.500000 17.600000 -7.100000
v 256.500000 11.600000 -7.100000
v 262.500000 11.600000 -7.100000
v 240.500000 11.600000 -7.100000
v 240.500000 17.600000 -7.100000
v 234.500000 17.600000 -7.100000
v 234.500000 11.600000 -7.100000
v 344.500000 17.600000 -7.100000
v 344.500000 11.600000 -7.100000
v 350.500000 11.600000 -7.100000
v 350.500000 17.600000 -7.100000
v 300.500000 17.600000 -7.100000
v 300.500000 11.600000 -7.100000
v 306.500000 11.600000 -7.100000
v 306.500000 17.600000 -7.100000
v 328.500000 17.600000 -7.100000
v 322.500000 17.600000 -7.100000
v 322.500000 11.600000 -7.100000
v 328.500000 11.600000 -7.100000
v 278.500000 17.600000 -7.100000
v 278.500000 11.600000 -7.100000
v 284.500000 11.600000 -7.100000
v 284.500000 17.600000 -7.100000
v 363.250000 49.200000 -7.100000
v 363.207407 49.523524 -7.100000
v 363.082532 49.825000 -7.100000
v 362.883883 50.083883 -7.100000
v 362.625000 50.282532 -7.100000
v 362.323524 50.407407 -7.100000
v 362.000000 50.450000 -7.100000
v 361.676476 50.407407 -7.100000
v 361.375000 50.282532 -7.100000
v 361.116117 50.083883 -7.100000
v 360.917468 49.825000 -7.100000
v 360.792593 49.523524 -7.100000
v 360.750000 49.200000 -7.100000
v 360.792593 48.876476 -7.100000
v 360.917468 48.575000 -7.100000
v 361.116117 48.316117 -7.100000
v 361.375000 48.117468 -7.100000
v 361.676476 47.992593 -7.100000
v 362.000000 47.950000 -7.100000
v 362.323524 47.992593 -7.100000
v 362.625000 48.117468 -7.100000
v 362.883883 48.316117 -7.100000
v 363.082532 48.575000 -7.100000
v 363.207407 48.876476 -7.100000
v 350.075000 32.600000 -7.100000
v 350.113333 32.308829 -7.100000
v 350.225721 32.037500 -7.100000
v 350.404505 31.804505 -7.100000
v 350.637500 31.625721 -7.100000
v 350.908829 31.513333 -7.100000
v 351.200000 31.475000 -7.100000
v 351.491171 31.513333 -7.100000
v 351.762500 31.625721 -7.100000
v 351.995495 31.804505 -7.100000
v 352.174279 32.037500 -7.100000
v 352.286667 32.308829 -7.100000
v 352.325000 32.600000 -7.100000
v 352.286667 32.891171 -7.100000
v 352.174279 33.162500 -7.100000
v 351.995495 33.395495 -7.100000
v 351.762500 33.574279 -7.100000
v 351.491171 33.686667 -7.100000
v 351.200000 33.725000 -7.100000
v 350.908829 33.686667 -7.100000
v 350.637500 33.574279 -7.100000
v 350.404505 33.395495 -7.100000
v 350.225721 33.162500 -7.100000
v 350.113333 32.891171 -7.100000
v 360.075000 32.600000 -7.100000
v 360.113333 32.308829 -7.100000
v 360.225721 32.037500 -7.100000
v 360.404505 31.804505 -7.100000
v 360.637500 31.625721 -7.100000
v 360.908829 31.513333 -7.100000
v 361.200000 31.475000 -7.100000
v 361.491171 31.513333 -7.100000
v 361.762500 31.625721 -7.100000
v 361.995495 31.804505 -7.100000
v 362.174279 32.037500 -7.100000
v 362.286667 32.308829 -7.100000
v 362.325000 32.600000 -7.100000
v 362.286667 32.891171 -7.100000
v 362.174279 33.162500 -7.100000
v 361.995495 33.395495 -7.100000
v 361.762500 33.574279 -7.100000
v 361.491171 33.686667 -7.100000
v 361.200000 33.725000 -7.100000
v 360.908829 33.686667 -7.100000
v 360.637500 33.574279 -7.100000
v 360.404505 33.395495 -7.100000
v 360.225721 33.162500 -7.100000
v 360.113333 32.891171 -7.100000
v 193.500000 34.200000 -7.100000
v 193.534074 33.941181 -7.100000
v 193.633975 33.700000 -7.100000
v 193.792893 33.492893 -7.100000
v 194.000000 33.333975 -7.100000
v 194.241181 33.234074 -7.100000
v 194.500000 33.200000 -7.100000
v 194.758819 33.234074 -7.100000
v 195.000000 33.333975 -7.100000
v 195.207107 33.492893 -7.100000
v 195.366025 33.700000 -7.100000
v 195.465926 33.941181 -7.100000
v 195.500000 34.200000 -7.100000
v 195.465926 34.458819 -7.100000
v 195.366025 34.700000 -7.100000
v 195.207107 34.907107 -7.100000
v 195.000000 35.066025 -7.100000
v 194.758819 35.165926 -7.100000
v 194.500000 35.200000 -7.100000
v 194.241181 35.165926 -7.100000
v 194.000000 35.066025 -7.100000
v 193.792893 34.907107 -7.100000
v 193.633975 34.700000 -7.100000
v 193.534074 34.458819 -7.100000
v 363.250000 0.200000 -7.100000
v 363.207407 0.523524 -7.100000
v 363.082532 0.825000 -7.100000
v 362.883883 1.083883 -7.100000
v 362.625000 1.282532 -7.100000
v 362.323524 1.407407 -7.100000
v 362.000000 1.450000 -7.100000
v 361.676476 1.407407 -7.100000
v 361.375000 1.282532 -7.100000
v 361.116117 1.083883 -7.100000
v 360.917468 0.825000 -7.100000
v 360.792593 0.523524 -7.100000
v 360.750000 0.200000 -7.100000
v 360.792593 -0.123524 -7.100000
v 360.917468 -0.425000 -7.100000
v 361.116117 -0.683883 -7.100000
v 361.375000 -0.882532 -7.100000
v 361.676476 -1.007407 -7.100000
v 362.000000 -1.050000 -7.100000
v 362.323524 -1.007407 -7.100000
v 362.625000 -0.882532 -7.100000
v 362.883883 -0.683883 -7.100000
v 363.082532 -0.425000 -7.100000
v 363.207407 -0.123524 -7.100000
v 324.200000 0.000000 -7.100000
v 324.234074 -0.258819 -7.100000
v 324.333975 -0.500000 -7.100000
v 324.492893 -0.707107 -7.100000
v 324.700000 -0.866025 -7.100000
v 324.941181 -0.965926 -7.100000
v 325.200000 -1.000000 -7.100000
v 325.458819 -0.965926 -7.100000
v 325.700000 -0.866025 -7.100000
v 325.907107 -0.707107 -7.100000
v 326.066025 -0.500000 -7.100000
v 326.165926 -0.258819 -7.100000
v 326.200000 0.000000 -7.100000
v 326.165926 0.258819 -7.100000
v 326.066025 0.500000 -7.100000
v 325.907107 0.707107 -7.100000
v 325.700000 0.866025 -7.100000
v 325.458819 0.965926 -7.100000
v 325.200000 1.000000 -7.100000
v 324.941181 0.965926 -7.100000
v 324.700000 0.866025 -7.100000
v 324.492893 0.707107 -7.100000
v 324.333975 0.500000 -7.100000
v 324.234074 0.258819 -7.100000
v 350.500000 17.600000 -4.000000
v 350.500000 11.600000 -4.000000
v 344.500000 11.600000 -4.000000
v 190.500000 11.600000 -4.000000
v 190.500000 17.600000 -4.000000
v 196.500000 11.600000 -4.000000
v 284.500000 11.600000 -4.000000
v 278.500000 11.600000 -4.000000
v 284.500000 17.600000 -4.000000
v 306.500000 11.600000 -4.000000
v 300.500000 11.600000 -4.000000
v 306.500000 17.600000 -4.000000
v 212.500000 11.600000 -4.000000
v 212.500000 17.600000 -4.000000
v 218.500000 11.600000 -4.000000
v 256.500000 11.600000 -4.000000
v 256.500000 17.600000 -4.000000
v 262.500000 11.600000 -4.000000
v 322.500000 11.600000 -4.000000
v 322.500000 17.600000 -4.000000
v 328.500000 11.600000 -4.000000
v 234.500000 17.600000 -4.000000
v 240.500000 17.600000 -4.000000
v 234.500000 11.600000 -4.000000
v 278.500000 17.600000 -4.000000
v 328.500000 17.600000 -4.000000
v 300.500000 17.600000 -4.000000
v 344.500000 17.600000 -4.000000
v 240.500000 11.600000 -4.000000
v 262.500000 17.600000 -4.000000
v 218.500000 17.600000 -4.000000
v 196.500000 17.600000 -4.000000
v 350.075000 32.600000 -4.000000
v 350.113333 32.308829 -4.000000
v 350.225721 32.037500 -4.000000
v 350.404505 31.804505 -4.000000
v 350.637500 31.625721 -4.000000
v 350.908829 31.513333 -4.000000
v 351.200000 31.475000 -4.000000
v 351.491171 31.513333 -4.000000
v 351.762500 31.625721 -4.000000
v 351.995495 31.804505 -4.000000
v 352.174279 32.037500 -4.000000
v 352.286667 32.308829 -4.000000
v 352.325000 32.600000 -4.000000
v 352.286667 32.891171 -4.000000
v 352.174279 33.162500 -4.000000
v 351.995495 33.395495 -4.000000
v 351.762500 33.574279 -4.000000
v 351.491171 33.686667 -4.000000
v 351.200000 33.725000 -4.000000
v 350.908829 33.686667 -4.000000
v 350.637500 33.574279 -4.000000
v 350.404505 33.395495 -4.000000
v 350.225721 33.162500 -4.000000
v 350.113333 32.891171 -4.000000
v 360.075000 32.600000 -4.000000
v 360.113333 32.308829 -4.000000
v 360.225721 32.037500 -4.000000
v 360.404505 31.804505 -4.000000
v 360.637500 31.625721 -4.000000
v 360.908829 31.513333 -4.000000
v 361.200000 31.475000 -4.000000
v 361.491171 31.513333 -4.000000
v 361.762500 31.625721 -4.000000
v 361.995495 31.804505 -4.000000
v 362.174279 32.037500 -4.000000
v 362.286667 32.308829 -4.000000
v 362.325000 32.600000 -4.000000
v 362.286667 32.891171 -4.000000
v 362.174279 33.162500 -4.000000
v 361.995495 33.395495 -4.000000
v 361.762500 33.574279 -4.000000
v 361.491171 33.686667 -4.000000
v 361.200000 33.725000 -4.000000
v 360.908829 33.686667 -4.000000
v 360.637500 33.574279 -4.000000
v 360.404505 33.395495 -4.000000
v 360.225721 33.162500 -4.000000
v 360.113333 32.891171 -4.000000
v 363.250000 49.200000 -4.000000
v 363.207407 49.523524 -4.000000
v 363.082532 49.825000 -4.000000
v 362.883883 50.083883 -4.000000
v 362.625000 50.282532 -4.000000
v 362.323524 50.407407 -4.000000
v 362.000000 50.450000 -4.000000
v 361.676476 50.407407 -4.000000
v 361.375000 50.282532 -4.000000
v 361.116117 50.083883 -4.000000
v 360.917468 49.825000 -4.000000
v 360.792593 49.523524 -4.000000
v 360.750000 49.200000 -4.000000
v 360.792593 48.876476 -4.000000
v 360.917468 48.575000 -4.000000
v 361.116117 48.316117 -4.000000
v 361.375000 48.117468 -4.000000
v 361.676476 47.992593 -4.000000
v 362.000000 47.950000 -4.000000
v 362.323524 47.992593 -4.000000
v 362.625000 48.117468 -4.000000
v 362.883883 48.316117 -4.000000
v 363.082532 48.575000 -4.000000
v 363.207407 48.876476 -4.000000
v 351.036414 50.788235 -4.000000
v 317.000000 40.200000 -4.000000
v 320.616954 40.309119 -4.000000
v 324.220752 40.636079 -4.000000
v 327.798287 41.179690 -4.000000
v 331.336544 41.937976 -4.000000
v 334.822656 42.908177 -4.000000
v 338.243941 44.086767 -4.000000
v 341.587956 45.469456 -4.000000
v 344.842537 47.051217 -4.000000
v 347.995846 48.826295 -4.000000
v 352.077647 51.395227 -4.000000
v 353.198249 51.838910 -4.000000
v 354.372787 52.109212 -4.000000
v 355.574603 52.200000 -4.000000
v 366.200000 -4.000000 -4.000000
v 366.200000 49.200000 -4.000000
v 366.097777 49.976457 -4.000000
v 365.798076 50.700000 -4.000000
v 365.321320 51.321320 -4.000000
v 364.700000 51.798076 -4.000000
v 363.976457 52.097777 -4.000000
v 363.200000 52.200000 -4.000000
v 182.500000 40.200000 -4.000000
v 182.500000 -4.000000 -4.000000
v 363.250000 0.200000 -4.000000
v 363.207407 -0.123524 -4.000000
v 363.082532 -0.425000 -4.000000
v 362.883883 -0.683883 -4.000000
v 362.625000 -0.882532 -4.000000
v 362.323524 -1.007407 -4.000000
v 362.000000 -1.050000 -4.000000
v 361.676476 -1.007407 -4.000000
v 361.375000 -0.882532 -4.000000
v 361.116117 -0.683883 -4.000000
v 360.917468 -0.425000 -4.000000
v 360.792593 -0.123524 -4.000000
v 360.750000 0.200000 -4.000000
v 360.792593 0.523524 -4.000000
v 360.917468 0.825000 -4.000000
v 361.116117 1.083883 -4.000000
v 361.375000 1.282532 -4.000000
v 361.676476 1.407407 -4.000000
v 362.000000 1.450000 -4.000000
v 362.323524 1.407407 -4.000000
v 362.625000 1.282532 -4.000000
v 362.883883 1.083883 -4.000000
v 363.082532 0.825000 -4.000000
v 363.207407 0.523524 -4.000000
v 324.200000 0.000000 -4.000000
v 324.234074 0.258819 -4.000000
v 324.333975 0.500000 -4.000000
v 324.492893 0.707107 -4.000000
v 324.700000 0.866025 -4.000000
v 324.941181 0.965926 -4.000000
v 325.200000 1.000000 -4.000000
v 325.458819 0.965926 -4.000000
v 325.700000 0.866025 -4.000000
v 325.907107 0.707107 -4.000000
v 326.066025 0.500000 -4.000000
v 326.165926 0.258819 -4.000000
v 326.200000 0.000000 -4.000000
v 326.165926 -0.258819 -4.000000
v 326.066025 -0.500000 -4.000000
v 325.907107 -0.707107 -4.000000
v 325.700000 -0.866025 -4.000000
v 325.458819 -0.965926 -4.000000
v 325.200000 -1.000000 -4.000000
v 324.941181 -0.965926 -4.000000
v 324.700000 -0.866025 -4.000000
v 324.492893 -0.707107 -4.000000
v 324.333975 -0.500000 -4.000000
v 324.234074 -0.258819 -4.000000
v 193.500000 34.200000 -4.000000
v 193.534074 34.458819 -4.000000
v 193.633975 34.700000 -4.000000
v 193.792893 34.907107 -4.000000
v 194.000000 35.066025 -4.000000
v 194.241181 35.165926 -4.000000
v 194.500000 35.200000 -4.000000
v 194.758819 35.165926 -4.000000
v 195.000000 35.066025 -4.000000
v 195.207107 34.907107 -4.000000
v 195.366025 34.700000 -4.000000
v 195.465926 34.458819 -4.000000
v 195.500000 34.200000 -4.000000
v 195.465926 33.941181 -4.000000
v 195.366025 33.700000 -4.000000
v 195.207107 33.492893 -4.000000
v 195.000000 33.333975 -4.000000
v 194.758819 33.234074 -4.000000
v 194.500000 33.200000 -4.000000
v 194.241181 33.234074 -4.000000
v 194.000000 33.333975 -4.000000
v 193.792893 33.492893 -4.000000
v 193.633975 33.700000 -4.000000
v 193.534074 33.941181 -4.000000
v 204.000000 -4.000000 -4.100000
v 196.500000 -4.000000 -4.100000
vt -7.785000 -2.385000 0.000000
vt -7.785000 -3.385000 0.000000
vt -7.035000 -2.385000 0.000000
vt -7.035000 -3.535000 0.000000
vt -9.185000 -3.535000 0.000000
vt -9.185000 -3.385000 0.000000
vt 8.200000 -0.141421 0.000000
vt 8.200000 -0.070711 0.000000
vt 8.050000 -0.141421 0.000000
vt 8.050000 0.141421 0.000000
vt 8.800000 0.141421 0.000000
vt 8.800000 -0.070711 0.000000
vt 0.200000 0.000000 0.000000
vt 1.500000 0.000000 0.000000
vt 0.200000 0.150000 0.000000
vt 1.500000 0.150000 0.000000
vt 0.250000 0.150000 0.000000
vt 0.200000 0.200000 0.000000
vt -1.300000 0.150000 0.000000
vt -1.300000 1.500000 0.000000
vt 0.200000 1.500000 0.000000
vt -0.925000 0.925000 0.000000
vt -1.075000 0.925000 0.000000
vt -0.925000 -0.575000 0.000000
vt -1.075000 -0.725000 0.000000
vt 1.075000 -0.725000 0.000000
vt 1.075000 -0.575000 0.000000
vt -0.925000 -0.575000 0.000000
vt -0.325000 -0.575000 0.000000
vt -0.925000 0.975000 0.000000
vt -0.325000 0.975000 0.000000
vt -2.150000 -0.000000 0.000000
vt -0.000000 -0.000000 0.000000
vt -2.150000 1.500000 0.000000
vt -0.000000 1.500000 0.000000
vt -0.150000 0.000000 0.000000
vt -0.000000 -0.000000 0.000000
vt -0.150000 1.500000 0.000000
vt -0.000000 1.500000 0.000000
vt -0.000000 0.000000 0.000000
vt -0.000000 0.150000 0.000000
vt -1.400000 0.000000 0.000000
vt -1.400000 1.500000 0.000000
vt 0.600000 1.500000 0.000000
vt 0.600000 0.150000 0.000000
vt 16.100000 0.200000 0.000000
vt 10.850000 1.360000 0.000000
vt 16.100000 -0.200000 0.000000
vt 10.250000 1.360000 0.000000
vt 4.050711 0.129289 0.000000
vt 8.650000 1.360000 0.000000
vt 4.066603 0.150000 0.000000
vt 4.076593 0.174118 0.000000
vt 8.050000 1.360000 0.000000
vt 4.080000 0.200000 0.000000
vt 4.076593 0.225882 0.000000
vt 4.066603 0.250000 0.000000
vt 6.450000 1.360000 0.000000
vt 4.050711 0.270711 0.000000
vt 4.030000 0.286603 0.000000
vt 5.850000 1.360000 0.000000
vt 4.005882 0.296593 0.000000
vt 4.250000 1.360000 0.000000
vt 3.980000 0.300000 0.000000
vt 3.650000 1.360000 0.000000
vt 3.954118 0.296593 0.000000
vt 2.050000 1.360000 0.000000
vt 0.362500 0.328253 0.000000
vt 0.332352 0.340741 0.000000
vt 1.450000 1.360000 0.000000
vt 0.300000 0.345000 0.000000
vt 0.267648 0.340741 0.000000
vt 0.237500 0.328253 0.000000
vt 1.450000 1.960000 0.000000
vt 0.323750 3.362572 0.000000
vt 0.350883 3.351333 0.000000
vt 0.380000 3.347500 0.000000
vt 1.380000 3.347500 0.000000
vt 0.409117 3.351333 0.000000
vt 1.350883 3.351333 0.000000
vt 0.436250 3.362572 0.000000
vt 1.323750 3.362572 0.000000
vt 0.459550 3.380450 0.000000
vt 1.300450 3.380450 0.000000
vt 0.477428 3.403750 0.000000
vt 1.282572 3.403750 0.000000
vt 0.488667 3.430883 0.000000
vt 1.271333 3.430883 0.000000
vt 0.492500 3.460000 0.000000
vt 1.267500 3.460000 0.000000
vt 0.488667 3.489117 0.000000
vt 1.271333 3.489117 0.000000
vt 0.477428 3.516250 0.000000
vt 1.282572 3.516250 0.000000
vt 0.459550 3.539550 0.000000
vt 1.300450 3.539550 0.000000
vt 0.436250 3.557428 0.000000
vt 1.323750 3.557428 0.000000
vt 0.409117 3.568667 0.000000
vt 1.350883 3.568667 0.000000
vt 0.380000 3.572500 0.000000
vt 1.380000 3.572500 0.000000
vt 2.675606 4.608677 0.000000
vt 3.017734 4.490818 0.000000
vt 3.366346 4.393798 0.000000
vt 1.409117 3.568667 0.000000
vt 3.720171 4.317969 0.000000
vt 1.436250 3.557428 0.000000
vt 4.077925 4.263608 0.000000
vt 1.459550 3.539550 0.000000
vt 1.477428 3.516250 0.000000
vt 16.850000 0.200000 0.000000
vt 16.850000 1.360000 0.000000
vt 15.250000 1.360000 0.000000
vt 14.650000 1.360000 0.000000
vt 16.850000 -0.200000 0.000000
vt 18.250000 -0.200000 0.000000
vt 17.450000 1.360000 0.000000
vt 17.450000 1.960000 0.000000
vt 18.250000 4.220000 0.000000
vt 17.120711 3.549289 0.000000
vt 17.136603 3.570000 0.000000
vt 17.146593 3.594118 0.000000
vt 17.150000 3.620000 0.000000
vt 17.146593 3.645882 0.000000
vt 17.136603 3.670000 0.000000
vt 17.120711 3.690711 0.000000
vt 17.100000 3.706603 0.000000
vt 17.075882 3.716593 0.000000
vt 17.050000 3.720000 0.000000
vt 17.024118 3.716593 0.000000
vt 4.800000 4.220000 0.000000
vt 17.000000 3.706603 0.000000
vt 16.979289 3.690711 0.000000
vt 16.963397 3.670000 0.000000
vt 16.953407 3.645882 0.000000
vt 10.850000 1.960000 0.000000
vt 16.950000 3.620000 0.000000
vt 12.450000 1.960000 0.000000
vt 16.953407 3.594118 0.000000
vt 16.963397 3.570000 0.000000
vt 13.050000 1.960000 0.000000
vt 16.979289 3.549289 0.000000
vt 17.000000 3.533397 0.000000
vt 14.650000 1.960000 0.000000
vt 17.024118 3.523407 0.000000
vt 15.250000 1.960000 0.000000
vt 17.050000 3.520000 0.000000
vt 16.850000 1.960000 0.000000
vt 4.438305 4.230912 0.000000
vt 1.488667 3.430883 0.000000
vt 1.477428 3.403750 0.000000
vt 1.459550 3.380450 0.000000
vt 1.488667 3.489117 0.000000
vt 1.492500 3.460000 0.000000
vt 2.341204 4.746946 0.000000
vt 0.300000 4.995000 0.000000
vt 0.350883 3.568667 0.000000
vt 0.267648 4.999259 0.000000
vt -0.120000 5.120000 0.000000
vt 0.237500 5.011747 0.000000
vt 0.211612 5.031612 0.000000
vt 0.332352 4.999259 0.000000
vt 2.015746 4.905122 0.000000
vt 0.362500 5.011747 0.000000
vt 1.700415 5.082630 0.000000
vt 0.388388 5.031612 0.000000
vt 0.408253 5.057500 0.000000
vt 0.420741 5.087648 0.000000
vt 0.425000 5.120000 0.000000
vt 1.396359 5.278824 0.000000
vt 0.420741 5.152352 0.000000
vt 0.408253 5.182500 0.000000
vt 0.388388 5.208388 0.000000
vt 1.292235 5.339523 0.000000
vt 1.180175 5.383891 0.000000
vt 1.062721 5.410921 0.000000
vt 0.942540 5.420000 0.000000
vt 0.180000 5.420000 0.000000
vt 0.332352 5.240741 0.000000
vt 0.362500 5.228253 0.000000
vt 0.102354 5.409778 0.000000
vt 0.030000 5.379808 0.000000
vt 0.300000 5.245000 0.000000
vt -0.032132 5.332132 0.000000
vt 0.267648 5.240741 0.000000
vt -0.079808 5.270000 0.000000
vt 0.237500 5.228253 0.000000
vt 0.211612 5.208388 0.000000
vt -0.109778 5.197646 0.000000
vt 0.191747 5.182500 0.000000
vt 0.179259 5.152352 0.000000
vt 0.175000 5.120000 0.000000
vt 0.179259 5.087648 0.000000
vt 0.191747 5.057500 0.000000
vt -0.120000 -0.200000 0.000000
vt 0.267500 3.460000 0.000000
vt 0.271333 3.489117 0.000000
vt 0.282572 3.516250 0.000000
vt 3.980000 0.100000 0.000000
vt 3.954118 0.103407 0.000000
vt 0.332352 0.099259 0.000000
vt 0.362500 0.111747 0.000000
vt 3.930000 0.113397 0.000000
vt 3.909289 0.129289 0.000000
vt 13.050000 1.360000 0.000000
vt 12.450000 1.360000 0.000000
vt 10.250000 1.960000 0.000000
vt 8.650000 1.960000 0.000000
vt 2.050000 1.960000 0.000000
vt 3.650000 1.960000 0.000000
vt 1.409117 3.351333 0.000000
vt 1.436250 3.362572 0.000000
vt 4.250000 1.960000 0.000000
vt 6.450000 1.960000 0.000000
vt 8.050000 1.960000 0.000000
vt 5.850000 1.960000 0.000000
vt 0.300450 3.380450 0.000000
vt 0.211612 0.308388 0.000000
vt 0.282572 3.403750 0.000000
vt 0.191747 0.282500 0.000000
vt 0.179259 0.252352 0.000000
vt 0.175000 0.220000 0.000000
vt 0.179259 0.187648 0.000000
vt 0.191747 0.157500 0.000000
vt 0.211612 0.131612 0.000000
vt 0.237500 0.111747 0.000000
vt 0.267648 0.099259 0.000000
vt 0.300000 0.095000 0.000000
vt 0.271333 3.430883 0.000000
vt 0.300450 3.539550 0.000000
vt 0.323750 3.557428 0.000000
vt 17.100000 3.533397 0.000000
vt 17.075882 3.523407 0.000000
vt 3.930000 0.286603 0.000000
vt 0.388388 0.308388 0.000000
vt 3.909289 0.270711 0.000000
vt 0.408253 0.282500 0.000000
vt 3.893397 0.250000 0.000000
vt 0.420741 0.252352 0.000000
vt 3.883407 0.225882 0.000000
vt 0.425000 0.220000 0.000000
vt 3.880000 0.200000 0.000000
vt 0.420741 0.187648 0.000000
vt 3.883407 0.174118 0.000000
vt 0.408253 0.157500 0.000000
vt 3.893397 0.150000 0.000000
vt 0.388388 0.131612 0.000000
vt 4.030000 0.113397 0.000000
vt 4.005882 0.103407 0.000000
vt 0.000000 -0.190000 0.000000
vt 0.600000 -0.190000 0.000000
vt 0.000000 0.120000 0.000000
vt 0.600000 0.120000 0.000000
vt -0.000000 -0.190000 0.000000
vt 0.600000 -0.190000 0.000000
vt 0.000000 0.120000 0.000000
vt 0.600000 0.120000 0.000000
vt 0.600000 0.310000 0.000000
vt 0.000000 0.310000 0.000000
vt 0.600000 0.000000 0.000000
vt 0.000000 -0.000000 0.000000
vt 0.600000 0.310000 0.000000
vt 0.000000 0.310000 0.000000
vt 0.600000 0.000000 0.000000
vt 0.000000 -0.000000 0.000000
vt 0.600000 0.310000 0.000000
vt 0.000000 0.310000 0.000000
vt 0.600000 0.000000 0.000000
vt 0.000000 -0.000000 0.000000
vt 0.600000 0.310000 0.000000
vt 0.000000 0.310000 0.000000
vt 0.600000 0.000000 0.000000
vt 0.000000 0.000000 0.000000
vt 0.600000 0.310000 0.000000
vt 0.000000 0.310000 0.000000
vt 0.600000 -0.000000 0.000000
vt 0.000000 -0.000000 0.000000
vt 0.600000 0.310000 0.000000
vt 0.000000 0.310000 0.000000
vt 0.600000 0.000000 0.000000
vt 0.000000 0.000000 0.000000
vt 0.600000 0.310000 0.000000
vt 0.000000 0.310000 0.000000
vt 0.600000 0.000000 0.000000
vt 0.000000 -0.000000 0.000000
vt 0.600000 0.310000 0.000000
vt 0.000000 0.310000 0.000000
vt 0.600000 0.000000 0.000000
vt 0.000000 -0.000000 0.000000
vt 0.600000 0.310000 0.000000
vt 0.000000 0.310000 0.000000
vt 0.600000 0.000000 0.000000
vt 0.000000 -0.000000 0.000000
vt 0.600000 0.310000 0.000000
vt 0.000000 0.310000 0.000000
vt 0.600000 0.000000 0.000000
vt 0.000000 -0.000000 0.000000
vt 0.600000 0.310000 0.000000
vt 0.000000 0.310000 0.000000
vt 0.600000 0.000000 0.000000
vt 0.000000 -0.000000 0.000000
vt 0.600000 0.310000 0.000000
vt 0.000000 0.310000 0.000000
vt 0.600000 0.000000 0.000000
vt 0.000000 0.000000 0.000000
vt 0.600000 0.310000 0.000000
vt 0.000000 0.310000 0.000000
vt 0.600000 0.000000 0.000000
vt 0.000000 0.000000 0.000000
vt 0.600000 0.310000 0.000000
vt 0.000000 0.310000 0.000000
vt 0.600000 0.000000 0.000000
vt 0.000000 -0.000000 0.000000
vt 0.600000 0.310000 0.000000
vt 0.000000 0.310000 0.000000
vt 0.600000 0.000000 0.000000
vt 0.000000 -0.000000 0.000000
vt 0.600000 0.310000 0.000000
vt -0.000000 0.310000 0.000000
vt 0.600000 0.000000 0.000000
vt 0.000000 -0.000000 0.000000
vt 0.600000 0.310000 0.000000
vt 0.000000 0.310000 0.000000
vt 0.600000 0.000000 0.000000
vt 0.000000 0.000000 0.000000
vt 0.600000 0.310000 0.000000
vt 0.000000 0.310000 0.000000
vt 0.600000 -0.000000 0.000000
vt 0.000000 -0.000000 0.000000
vt 0.600000 0.310000 0.000000
vt 0.000000 0.310000 0.000000
vt 0.600000 0.000000 0.000000
vt 0.000000 -0.000000 0.000000
vt 0.600000 0.310000 0.000000
vt 0.000000 0.310000 0.000000
vt 0.600000 0.000000 0.000000
vt 0.000000 0.000000 0.000000
vt -0.000000 -0.190000 0.000000
vt 0.600000 -0.190000 0.000000
vt 0.000000 0.120000 0.000000
vt 0.600000 0.120000 0.000000
vt 0.000000 -0.190000 0.000000
vt 0.600000 -0.190000 0.000000
vt 0.000000 0.120000 0.000000
vt 0.600000 0.120000 0.000000
vt 0.600000 0.310000 0.000000
vt 0.000000 0.310000 0.000000
vt 0.600000 0.000000 0.000000
vt 0.000000 0.000000 0.000000
vt 0.600000 0.310000 0.000000
vt 0.000000 0.310000 0.000000
vt 0.600000 0.000000 0.000000
vt 0.000000 0.000000 0.000000
vt 0.600000 0.310000 0.000000
vt -0.000000 0.310000 0.000000
vt 0.600000 0.000000 0.000000
vt 0.000000 -0.000000 0.000000
vt 0.600000 0.310000 0.000000
vt 0.000000 0.310000 0.000000
vt 0.600000 -0.000000 0.000000
vt 0.000000 -0.000000 0.000000
vt 0.600000 0.310000 0.000000
vt -0.000000 0.310000 0.000000
vt 0.600000 0.000000 0.000000
vt 0.000000 -0.000000 0.000000
vt 0.600000 0.310000 0.000000
vt 0.000000 0.310000 0.000000
vt 0.600000 -0.000000 0.000000
vt 0.000000 -0.000000 0.000000
vt 0.600000 0.310000 0.000000
vt -0.000000 0.310000 0.000000
vt 0.600000 0.000000 0.000000
vt 0.000000 -0.000000 0.000000
vt 0.600000 0.310000 0.000000
vt 0.000000 0.310000 0.000000
vt 0.600000 -0.000000 0.000000
vt 0.000000 -0.000000 0.000000
vt -0.310000 0.323977 0.000000
vt 0.000000 0.323977 0.000000
vt -0.310000 0.353429 0.000000
vt 0.000000 0.353429 0.000000
vt -0.310000 -0.353429 0.000000
vt 0.000000 -0.353429 0.000000
vt -0.310000 -0.323977 0.000000
vt 0.000000 -0.323977 0.000000
vt -0.310000 -0.294524 0.000000
vt 0.000000 -0.294524 0.000000
vt -0.310000 -0.265072 0.000000
vt 0.000000 -0.265072 0.000000
vt -0.310000 -0.235619 0.000000
vt 0.000000 -0.235619 0.000000
vt -0.310000 -0.206167 0.000000
vt 0.000000 -0.206167 0.000000
vt -0.310000 -0.176715 0.000000
vt 0.000000 -0.176715 0.000000
vt -0.310000 -0.147262 0.000000
vt 0.000000 -0.147262 0.000000
vt -0.310000 -0.117810 0.000000
vt 0.000000 -0.117810 0.000000
vt -0.310000 -0.088357 0.000000
vt -0.000000 -0.088357 0.000000
vt -0.310000 -0.058905 0.000000
vt -0.000000 -0.058905 0.000000
vt -0.310000 -0.029452 0.000000
vt 0.000000 -0.029452 0.000000
vt -0.310000 0.000000 0.000000
vt 0.000000 0.000000 0.000000
vt -0.310000 0.029452 0.000000
vt 0.000000 0.029452 0.000000
vt -0.310000 0.058905 0.000000
vt 0.000000 0.058905 0.000000
vt -0.310000 0.088357 0.000000
vt 0.000000 0.088357 0.000000
vt -0.310000 0.117810 0.000000
vt 0.000000 0.117810 0.000000
vt -0.310000 0.147262 0.000000
vt 0.000000 0.147262 0.000000
vt -0.310000 0.176715 0.000000
vt 0.000000 0.176715 0.000000
vt -0.310000 0.206167 0.000000
vt 0.000000 0.206167 0.000000
vt -0.310000 0.235619 0.000000
vt 0.000000 0.235619 0.000000
vt -0.310000 0.265072 0.000000
vt 0.000000 0.265072 0.000000
vt -0.310000 0.294524 0.000000
vt 0.000000 0.294524 0.000000
vt -0.310000 0.323977 0.000000
vt 0.000000 0.323977 0.000000
vt -0.310000 0.353429 0.000000
vt 0.000000 0.353429 0.000000
vt -0.310000 -0.353429 0.000000
vt 0.000000 -0.353429 0.000000
vt -0.310000 -0.323977 0.000000
vt 0.000000 -0.323977 0.000000
vt -0.310000 -0.294524 0.000000
vt 0.000000 -0.294524 0.000000
vt -0.310000 -0.265072 0.000000
vt 0.000000 -0.265072 0.000000
vt -0.310000 -0.235619 0.000000
vt 0.000000 -0.235619 0.000000
vt -0.310000 -0.206167 0.000000
vt 0.000000 -0.206167 0.000000
vt -0.310000 -0.176715 0.000000
vt 0.000000 -0.176715 0.000000
vt -0.310000 -0.147262 0.000000
vt 0.000000 -0.147262 0.000000
vt -0.310000 -0.117810 0.000000
vt 0.000000 -0.117810 0.000000
vt -0.310000 -0.088357 0.000000
vt -0.000000 -0.088357 0.000000
vt -0.310000 -0.058905 0.000000
vt -0.000000 -0.058905 0.000000
vt -0.310000 -0.029452 0.000000
vt 0.000000 -0.029452 0.000000
vt -0.310000 0.000000 0.000000
vt 0.000000 0.000000 0.000000
vt -0.310000 0.029452 0.000000
vt 0.000000 0.029452 0.000000
vt -0.310000 0.058905 0.000000
vt 0.000000 0.058905 0.000000
vt -0.310000 0.088357 0.000000
vt 0.000000 0.088357 0.000000
vt -0.310000 0.117810 0.000000
vt 0.000000 0.117810 0.000000
vt -0.310000 0.147262 0.000000
vt 0.000000 0.147262 0.000000
vt -0.310000 0.176715 0.000000
vt 0.000000 0.176715 0.000000
vt -0.310000 0.206167 0.000000
vt 0.000000 0.206167 0.000000
vt -0.310000 0.235619 0.000000
vt 0.000000 0.235619 0.000000
vt -0.310000 0.265072 0.000000
vt 0.000000 0.265072 0.000000
vt -0.310000 0.294524 0.000000
vt 0.000000 0.294524 0.000000
vt -0.310000 0.359974 0.000000
vt 0.000000 0.359974 0.000000
vt -0.310000 0.392699 0.000000
vt -0.000000 0.392699 0.000000
vt -0.310000 -0.392699 0.000000
vt -0.000000 -0.392699 0.000000
vt -0.310000 -0.359974 0.000000
vt 0.000000 -0.359974 0.000000
vt -0.310000 -0.327249 0.000000
vt -0.000000 -0.327249 0.000000
vt -0.310000 -0.294524 0.000000
vt 0.000000 -0.294524 0.000000
vt -0.310000 -0.261799 0.000000
vt 0.000000 -0.261799 0.000000
vt -0.310000 -0.229074 0.000000
vt 0.000000 -0.229074 0.000000
vt -0.310000 -0.196350 0.000000
vt -0.000000 -0.196350 0.000000
vt -0.310000 -0.163625 0.000000
vt 0.000000 -0.163625 0.000000
vt -0.310000 -0.130900 0.000000
vt 0.000000 -0.130900 0.000000
vt -0.310000 -0.098175 0.000000
vt 0.000000 -0.098175 0.000000
vt -0.310000 -0.065450 0.000000
vt -0.000000 -0.065450 0.000000
vt -0.310000 -0.032725 0.000000
vt 0.000000 -0.032725 0.000000
vt -0.310000 0.000000 0.000000
vt -0.000000 0.000000 0.000000
vt -0.310000 0.032725 0.000000
vt 0.000000 0.032725 0.000000
vt -0.310000 0.065450 0.000000
vt -0.000000 0.065450 0.000000
vt -0.310000 0.098175 0.000000
vt 0.000000 0.098175 0.000000
vt -0.310000 0.130900 0.000000
vt 0.000000 0.130900 0.000000
vt -0.310000 0.163625 0.000000
vt 0.000000 0.163625 0.000000
vt -0.310000 0.196350 0.000000
vt -0.000000 0.196350 0.000000
vt -0.310000 0.229074 0.000000
vt 0.000000 0.229074 0.000000
vt -0.310000 0.261799 0.000000
vt 0.000000 0.261799 0.000000
vt -0.310000 0.294524 0.000000
vt 0.000000 0.294524 0.000000
vt -0.310000 0.327249 0.000000
vt -0.000000 0.327249 0.000000
vt -0.000000 0.241858 0.000000
vt 0.310000 0.241858 0.000000
vt -0.000000 0.603773 0.000000
vt 0.310000 0.603773 0.000000
vt 0.000000 0.965688 0.000000
vt 0.310000 0.965688 0.000000
vt 0.000000 1.327603 0.000000
vt 0.310000 1.327603 0.000000
vt 0.000000 1.689518 0.000000
vt 0.310000 1.689518 0.000000
vt 0.000000 2.051432 0.000000
vt 0.310000 2.051432 0.000000
vt 0.000000 2.413347 0.000000
vt 0.310000 2.413347 0.000000
vt 0.000000 2.775262 0.000000
vt 0.310000 2.775262 0.000000
vt 0.000000 3.137177 0.000000
vt 0.310000 3.137177 0.000000
vt 0.000000 3.499092 0.000000
vt 0.310000 3.499092 0.000000
vt 0.000000 3.861007 0.000000
vt 0.310000 3.861007 0.000000
vt -0.000000 -0.241277 0.000000
vt 0.310000 -0.241277 0.000000
vt -0.000000 -0.120638 0.000000
vt 0.310000 -0.120638 0.000000
vt -0.000000 0.000000 0.000000
vt 0.310000 0.000000 0.000000
vt -0.000000 0.120638 0.000000
vt 0.310000 0.120638 0.000000
vt -0.000000 0.241277 0.000000
vt 0.310000 0.241277 0.000000
vt 5.120000 -0.120000 0.000000
vt 3.460000 0.267500 0.000000
vt -0.200000 -0.120000 0.000000
vt 3.430883 0.271333 0.000000
vt 3.403750 0.282572 0.000000
vt 5.197646 -0.109778 0.000000
vt 5.152352 0.179259 0.000000
vt 5.120000 0.175000 0.000000
vt 5.087648 0.179259 0.000000
vt 5.270000 -0.079808 0.000000
vt 5.208388 0.211612 0.000000
vt 5.182500 0.191747 0.000000
vt 5.332132 -0.032132 0.000000
vt 5.240741 0.267648 0.000000
vt 5.228253 0.237500 0.000000
vt 5.245000 0.300000 0.000000
vt 5.379808 0.030000 0.000000
vt 5.420000 0.180000 0.000000
vt 5.409778 0.102354 0.000000
vt 5.240741 0.332352 0.000000
vt 5.420000 0.942540 0.000000
vt 5.228253 0.362500 0.000000
vt 5.208388 0.388388 0.000000
vt 5.383891 1.180175 0.000000
vt 5.339523 1.292235 0.000000
vt 5.410921 1.062721 0.000000
vt 5.278824 1.396359 0.000000
vt 5.182500 0.408253 0.000000
vt 5.152352 0.420741 0.000000
vt 5.120000 0.425000 0.000000
vt 5.082630 1.700415 0.000000
vt 5.087648 0.420741 0.000000
vt 5.057500 0.408253 0.000000
vt 5.031612 0.388388 0.000000
vt 5.011747 0.362500 0.000000
vt 4.905122 2.015746 0.000000
vt 4.999259 0.332352 0.000000
vt 4.746946 2.341204 0.000000
vt 4.995000 0.300000 0.000000
vt 3.572500 0.380000 0.000000
vt 3.568667 0.350883 0.000000
vt 4.608677 2.675606 0.000000
vt 3.572500 1.380000 0.000000
vt 3.568667 1.350883 0.000000
vt 4.490818 3.017734 0.000000
vt 4.393798 3.366346 0.000000
vt 3.568667 1.409117 0.000000
vt 4.317969 3.720171 0.000000
vt 3.557428 1.436250 0.000000
vt 4.263608 4.077925 0.000000
vt 3.539550 1.459550 0.000000
vt 3.516250 1.477428 0.000000
vt 4.230912 4.438305 0.000000
vt 3.489117 1.488667 0.000000
vt 3.460000 1.492500 0.000000
vt 3.430883 1.488667 0.000000
vt 4.220000 4.800000 0.000000
vt 3.403750 1.477428 0.000000
vt 3.380450 1.459550 0.000000
vt 1.960000 4.250000 0.000000
vt 3.362572 1.436250 0.000000
vt 1.960000 3.650000 0.000000
vt 3.351333 1.409117 0.000000
vt 1.960000 2.050000 0.000000
vt 3.347500 1.380000 0.000000
vt 1.960000 1.450000 0.000000
vt 3.347500 0.380000 0.000000
vt 3.351333 0.350883 0.000000
vt 3.362572 0.323750 0.000000
vt 0.328253 0.237500 0.000000
vt 3.380450 0.300450 0.000000
vt 0.308388 0.211612 0.000000
vt 0.282500 0.191747 0.000000
vt 0.252352 0.179259 0.000000
vt 0.220000 0.175000 0.000000
vt 4.220000 18.250000 0.000000
vt 3.716593 17.024118 0.000000
vt 3.706603 17.000000 0.000000
vt 3.690711 16.979289 0.000000
vt -0.200000 18.250000 0.000000
vt 1.960000 17.450000 0.000000
vt 3.549289 17.120711 0.000000
vt 3.570000 17.136603 0.000000
vt 0.100000 3.980000 0.000000
vt 0.103407 4.005882 0.000000
vt 0.113397 4.030000 0.000000
vt 1.960000 15.250000 0.000000
vt 1.360000 16.850000 0.000000
vt 1.360000 15.250000 0.000000
vt 1.360000 14.650000 0.000000
vt 1.360000 13.050000 0.000000
vt 1.960000 13.050000 0.000000
vt 1.960000 14.650000 0.000000
vt 3.523407 17.024118 0.000000
vt 3.520000 17.050000 0.000000
vt 1.960000 16.850000 0.000000
vt 3.523407 17.075882 0.000000
vt 3.533397 17.100000 0.000000
vt 3.533397 17.000000 0.000000
vt 1.960000 10.850000 0.000000
vt 1.360000 12.450000 0.000000
vt 1.360000 10.850000 0.000000
vt 1.960000 10.250000 0.000000
vt 3.645882 16.953407 0.000000
vt 3.620000 16.950000 0.000000
vt 1.960000 8.650000 0.000000
vt 1.360000 10.250000 0.000000
vt 1.360000 8.650000 0.000000
vt 0.129289 4.050711 0.000000
vt 0.150000 4.066603 0.000000
vt 1.360000 6.450000 0.000000
vt 0.286603 4.030000 0.000000
vt 1.360000 5.850000 0.000000
vt 0.296593 4.005882 0.000000
vt 1.360000 4.250000 0.000000
vt 0.300000 3.980000 0.000000
vt 1.360000 3.650000 0.000000
vt 0.296593 3.954118 0.000000
vt 1.360000 2.050000 0.000000
vt 0.328253 0.362500 0.000000
vt 0.340741 0.332352 0.000000
vt 1.960000 6.450000 0.000000
vt 1.360000 8.050000 0.000000
vt 0.250000 4.066603 0.000000
vt 0.270711 4.050711 0.000000
vt 1.960000 5.850000 0.000000
vt 1.960000 8.050000 0.000000
vt 1.360000 1.450000 0.000000
vt 0.340741 0.267648 0.000000
vt 0.345000 0.300000 0.000000
vt 0.174118 4.076593 0.000000
vt 0.200000 4.080000 0.000000
vt 0.225882 4.076593 0.000000
vt 1.960000 12.450000 0.000000
vt 3.570000 16.963397 0.000000
vt 3.549289 16.979289 0.000000
vt 3.594118 16.953407 0.000000
vt 1.360000 17.450000 0.000000
vt 0.187648 0.179259 0.000000
vt 0.157500 0.191747 0.000000
vt 0.131612 0.211612 0.000000
vt 0.111747 0.237500 0.000000
vt 0.099259 0.267648 0.000000
vt 0.095000 0.300000 0.000000
vt 0.099259 0.332352 0.000000
vt 0.103407 3.954118 0.000000
vt 0.111747 0.362500 0.000000
vt 0.113397 3.930000 0.000000
vt 0.129289 3.909289 0.000000
vt 0.131612 0.388388 0.000000
vt 0.150000 3.893397 0.000000
vt 0.157500 0.408253 0.000000
vt 0.174118 3.883407 0.000000
vt 0.187648 0.420741 0.000000
vt 0.200000 3.880000 0.000000
vt 0.220000 0.425000 0.000000
vt 0.225882 3.883407 0.000000
vt 0.252352 0.420741 0.000000
vt 0.250000 3.893397 0.000000
vt 0.282500 0.408253 0.000000
vt 0.270711 3.909289 0.000000
vt 0.308388 0.388388 0.000000
vt 0.286603 3.930000 0.000000
vt 5.057500 0.191747 0.000000
vt 5.031612 0.211612 0.000000
vt 5.011747 0.237500 0.000000
vt 4.999259 0.267648 0.000000
vt 3.557428 0.323750 0.000000
vt 3.489117 0.488667 0.000000
vt 3.460000 1.267500 0.000000
vt 3.460000 0.492500 0.000000
vt 3.430883 1.271333 0.000000
vt 3.430883 0.488667 0.000000
vt 3.403750 1.282572 0.000000
vt 3.403750 0.477428 0.000000
vt 3.380450 1.300450 0.000000
vt 3.380450 0.459550 0.000000
vt 3.362572 1.323750 0.000000
vt 3.362572 0.436250 0.000000
vt 3.351333 1.350883 0.000000
vt 3.351333 0.409117 0.000000
vt 3.489117 1.271333 0.000000
vt 3.516250 0.477428 0.000000
vt 3.516250 1.282572 0.000000
vt 3.539550 0.459550 0.000000
vt 3.539550 1.300450 0.000000
vt 3.557428 0.436250 0.000000
vt 3.557428 1.323750 0.000000
vt 3.568667 0.409117 0.000000
vt 3.539550 0.300450 0.000000
vt 3.516250 0.282572 0.000000
vt 3.489117 0.271333 0.000000
vt 3.594118 17.146593 0.000000
vt 3.620000 17.150000 0.000000
vt 3.645882 17.146593 0.000000
vt 3.670000 17.136603 0.000000
vt 3.690711 17.120711 0.000000
vt 3.706603 17.100000 0.000000
vt 3.716593 17.075882 0.000000
vt 3.720000 17.050000 0.000000
vt 3.670000 16.963397 0.000000
vt -0.300000 0.310000 0.000000
vt -1.062540 0.310000 0.000000
vt -0.300000 0.000000 0.000000
vt -1.062540 0.000000 0.000000
vt 0.100000 -0.235619 0.000000
vt 0.410000 -0.235619 0.000000
vt 0.100000 -0.157080 0.000000
vt 0.410000 -0.157080 0.000000
vt 0.100000 -0.078540 0.000000
vt 0.410000 -0.078540 0.000000
vt 0.100000 -0.000000 0.000000
vt 0.410000 -0.000000 0.000000
vt 0.100000 0.078540 0.000000
vt 0.410000 0.078540 0.000000
vt 0.100000 0.157080 0.000000
vt 0.410000 0.157080 0.000000
vt 0.100000 0.235619 0.000000
vt 0.410000 0.235619 0.000000
vt -1.450000 -0.300000 0.000000
vt -1.150000 0.000000 0.000000
vt -1.450000 0.000000 0.000000
vt -1.650000 0.200000 0.000000
vt -1.850000 0.000000 0.000000
vt -0.000000 0.000000 0.000000
vt -0.000000 1.500000 0.000000
vt -1.650000 1.500000 0.000000
vt 0.000000 -0.300000 0.000000
vt -0.000000 -0.000000 0.000000
vt -0.300000 0.000000 0.000000
vt 0.250000 0.150000 0.000000
vt -1.300000 0.150000 0.000000
vt 0.400000 -0.000000 0.000000
vt -1.300000 0.000000 0.000000
vt -7.512500 0.212132 0.000000
vt -8.262500 0.212132 0.000000
vt -7.512500 -0.212132 0.000000
vt -8.262500 -0.212132 0.000000
vt 0.310000 -0.287979 0.000000
vt 0.000000 -0.287979 0.000000
vt 0.310000 -0.314159 0.000000
vt 0.000000 -0.314159 0.000000
vt 0.310000 0.314159 0.000000
vt 0.000000 0.314159 0.000000
vt 0.310000 0.287979 0.000000
vt 0.000000 0.287979 0.000000
vt 0.310000 0.261799 0.000000
vt 0.000000 0.261799 0.000000
vt 0.310000 0.235619 0.000000
vt 0.000000 0.235619 0.000000
vt 0.310000 0.209440 0.000000
vt 0.000000 0.209440 0.000000
vt 0.310000 0.183260 0.000000
vt 0.000000 0.183260 0.000000
vt 0.310000 0.157080 0.000000
vt 0.000000 0.157080 0.000000
vt 0.310000 0.130900 0.000000
vt 0.000000 0.130900 0.000000
vt 0.310000 0.104720 0.000000
vt 0.000000 0.104720 0.000000
vt 0.310000 0.078540 0.000000
vt 0.000000 0.078540 0.000000
vt 0.310000 0.052360 0.000000
vt 0.000000 0.052360 0.000000
vt 0.310000 0.026180 0.000000
vt 0.000000 0.026180 0.000000
vt 0.310000 0.000000 0.000000
vt 0.000000 0.000000 0.000000
vt 0.310000 -0.026180 0.000000
vt 0.000000 -0.026180 0.000000
vt 0.310000 -0.052360 0.000000
vt 0.000000 -0.052360 0.000000
vt 0.310000 -0.078540 0.000000
vt 0.000000 -0.078540 0.000000
vt 0.310000 -0.104720 0.000000
vt 0.000000 -0.104720 0.000000
vt 0.310000 -0.130900 0.000000
vt 0.000000 -0.130900 0.000000
vt 0.310000 -0.157080 0.000000
vt 0.000000 -0.157080 0.000000
vt 0.310000 -0.183260 0.000000
vt 0.000000 -0.183260 0.000000
vt 0.310000 -0.209440 0.000000
vt 0.000000 -0.209440 0.000000
vt 0.310000 -0.235619 0.000000
vt 0.000000 -0.235619 0.000000
vt 0.310000 -0.261799 0.000000
vt 0.000000 -0.261799 0.000000
vt 0.310000 -0.287979 0.000000
vt 0.000000 -0.287979 0.000000
vt 0.310000 -0.314159 0.000000
vt 0.000000 -0.314159 0.000000
vt 0.310000 0.314159 0.000000
vt 0.000000 0.314159 0.000000
vt 0.310000 0.287979 0.000000
vt 0.000000 0.287979 0.000000
vt 0.310000 0.261799 0.000000
vt 0.000000 0.261799 0.000000
vt 0.310000 0.235619 0.000000
vt 0.000000 0.235619 0.000000
vt 0.310000 0.209440 0.000000
vt 0.000000 0.209440 0.000000
vt 0.310000 0.183260 0.000000
vt 0.000000 0.183260 0.000000
vt 0.310000 0.157080 0.000000
vt 0.000000 0.157080 0.000000
vt 0.310000 0.130900 0.000000
vt 0.000000 0.130900 0.000000
vt 0.310000 0.104720 0.000000
vt 0.000000 0.104720 0.000000
vt 0.310000 0.078540 0.000000
vt 0.000000 0.078540 0.000000
vt 0.310000 0.052360 0.000000
vt 0.000000 0.052360 0.000000
vt 0.310000 0.026180 0.000000
vt 0.000000 0.026180 0.000000
vt 0.310000 0.000000 0.000000
vt 0.000000 0.000000 0.000000
vt 0.310000 -0.026180 0.000000
vt 0.000000 -0.026180 0.000000
vt 0.310000 -0.052360 0.000000
vt 0.000000 -0.052360 0.000000
vt 0.310000 -0.078540 0.000000
vt 0.000000 -0.078540 0.000000
vt 0.310000 -0.104720 0.000000
vt 0.000000 -0.104720 0.000000
vt 0.310000 -0.130900 0.000000
vt 0.000000 -0.130900 0.000000
vt 0.310000 -0.157080 0.000000
vt 0.000000 -0.157080 0.000000
vt 0.310000 -0.183260 0.000000
vt 0.000000 -0.183260 0.000000
vt 0.310000 -0.209440 0.000000
vt 0.000000 -0.209440 0.000000
vt 0.310000 -0.235619 0.000000
vt 0.000000 -0.235619 0.000000
vt 0.310000 -0.261799 0.000000
vt 0.000000 -0.261799 0.000000
vt 0.000000 -0.359974 0.000000
vt -0.310000 -0.359974 0.000000
vt 0.000000 -0.392699 0.000000
vt -0.310000 -0.392699 0.000000
vt 0.000000 0.392699 0.000000
vt -0.310000 0.392699 0.000000
vt 0.000000 0.359974 0.000000
vt -0.310000 0.359974 0.000000
vt 0.000000 0.327249 0.000000
vt -0.310000 0.327249 0.000000
vt 0.000000 0.294524 0.000000
vt -0.310000 0.294524 0.000000
vt 0.000000 0.261799 0.000000
vt -0.310000 0.261799 0.000000
vt 0.000000 0.229074 0.000000
vt -0.310000 0.229074 0.000000
vt 0.000000 0.196350 0.000000
vt -0.310000 0.196350 0.000000
vt 0.000000 0.163625 0.000000
vt -0.310000 0.163625 0.000000
vt 0.000000 0.130900 0.000000
vt -0.310000 0.130900 0.000000
vt 0.000000 0.098175 0.000000
vt -0.310000 0.098175 0.000000
vt 0.000000 0.065450 0.000000
vt -0.310000 0.065450 0.000000
vt 0.000000 0.032725 0.000000
vt -0.310000 0.032725 0.000000
vt 0.000000 0.000000 0.000000
vt -0.310000 0.000000 0.000000
vt 0.000000 -0.032725 0.000000
vt -0.310000 -0.032725 0.000000
vt 0.000000 -0.065450 0.000000
vt -0.310000 -0.065450 0.000000
vt 0.000000 -0.098175 0.000000
vt -0.310000 -0.098175 0.000000
vt 0.000000 -0.130900 0.000000
vt -0.310000 -0.130900 0.000000
vt 0.000000 -0.163625 0.000000
vt -0.310000 -0.163625 0.000000
vt 0.000000 -0.196350 0.000000
vt -0.310000 -0.196350 0.000000
vt 0.000000 -0.229074 0.000000
vt -0.310000 -0.229074 0.000000
vt 0.000000 -0.261799 0.000000
vt -0.310000 -0.261799 0.000000
vt 0.000000 -0.294524 0.000000
vt -0.310000 -0.294524 0.000000
vt 0.000000 -0.327249 0.000000
vt -0.310000 -0.327249 0.000000
vt 2.200000 0.000000 0.000000
vt 2.510000 -0.000000 0.000000
vt 2.200000 4.420000 0.000000
vt 2.510000 4.420000 0.000000
vt 0.310000 18.250000 0.000000
vt -0.000000 18.250000 0.000000
vt 0.310000 4.800000 0.000000
vt -0.000000 4.800000 0.000000
vt -0.710000 16.100000 0.000000
vt -0.710000 -0.120000 0.000000
vt -0.410000 16.100000 0.000000
vt -0.400000 -0.120000 0.000000
vt -0.400000 18.250000 0.000000
vt -0.410000 16.850000 0.000000
vt -0.710000 18.250000 0.000000
vt -0.710000 16.850000 0.000000
vt 0.510000 3.520000 0.000000
vt 0.200000 3.520000 0.000000
vt 0.510000 -1.800000 0.000000
vt 0.200000 -1.800000 0.000000
vn 0.000000 0.000000 0.100000
vn 0.000000 0.000000 0.100000
vn 0.000000 0.000000 0.100000
vn 0.000000 0.000000 0.100000
vn 0.000000 0.000000 0.100000
vn 0.000000 0.000000 0.100000
vn 0.000000 0.070711 -0.070711
vn 0.000000 0.070711 -0.070711
vn 0.000000 0.070711 -0.070711
vn 0.000000 0.070711 -0.070711
vn 0.000000 0.070711 -0.070711
vn 0.000000 0.070711 -0.070711
vn 0.000000 0.100000 0.000000
vn 0.000000 0.100000 0.000000
vn 0.000000 0.100000 0.000000
vn 0.000000 0.100000 0.000000
vn -0.100000 0.000000 0.000000
vn -0.100000 0.000000 0.000000
vn -0.100000 0.000000 0.000000
vn -0.100000 0.000000 0.000000
vn -0.100000 0.000000 0.000000
vn 0.000000 0.000000 -0.100000
vn 0.000000 0.000000 -0.100000
vn 0.000000 0.000000 -0.100000
vn 0.000000 0.000000 -0.100000
vn 0.000000 0.000000 -0.100000
vn 0.000000 0.000000 -0.100000
vn 0.000000 0.000000 -0.100000
vn 0.000000 0.000000 -0.100000
vn 0.000000 0.000000 -0.100000
vn 0.000000 0.000000 -0.100000
vn 0.000000 -0.100000 0.000000
vn 0.000000 -0.100000 0.000000
vn 0.000000 -0.100000 0.000000
vn 0.000000 -0.100000 0.000000
vn -0.100000 0.000000 0.000000
vn -0.100000 0.000000 0.000000
vn -0.100000 0.000000 0.000000
vn -0.100000 0.000000 0.000000
vn 0.000000 0.100000 0.000000
vn 0.000000 0.100000 0.000000
vn 0.000000 0.100000 0.000000
vn 0.000000 0.100000 0.000000
vn 0.000000 0.100000 0.000000
vn 0.000000 0.100000 0.000000
vn 0.000000 0.000000 -0.100000
vn 0.000000 0.000000 -0.100000
vn 0.000000 0.000000 -0.100000
vn 0.000000 0.000000 -0.100000
vn 0.000000 0.000000 -0.100000
vn 0.000000 0.000000 -0.100000
vn 0.000000 0.000000 -0.100000
vn 0.000000 0.000000 -0.100000
vn 0.000000 0.000000 -0.100000
vn 0.000000 0.000000 -0.100000
vn 0.000000 0.000000 -0.100000
vn 0.000000 0.000000 -0.100000
vn 0.000000 0.000000 -0.100000
vn 0.000000 0.000000 -0.100000
vn 0.000000 0.000000 -0.100000
vn 0.000000 0.000000 -0.100000
vn 0.000000 0.000000 -0.100000
vn 0.000000 0.000000 -0.100000
vn 0.000000 0.000000 -0.100000
vn 0.000000 0.000000 -0.100000
vn 0.000000 0.000000 -0.100000
vn 0.000000 0.000000 -0.100000
vn 0.000000 0.000000 -0.100000
vn 0.000000 0.000000 -0.100000
vn 0.000000 0.000000 -0.100000
vn 0.000000 0.000000 -0.100000
vn 0.000000 0.000000 -0.100000
vn 0.000000 0.000000 -0.100000
vn 0.000000 0.000000 -0.100000
vn 0.000000 0.000000 -0.100000
vn 0.000000 0.000000 -0.100000
vn 0.000000 0.000000 -0.100000
vn 0.000000 0.000000 -0.100000
vn 0.000000 0.000000 -0.100000
vn 0.000000 0.000000 -0.100000
vn 0.000000 0.000000 -0.100000
vn 0.000000 0.000000 -0.100000
vn 0.000000 0.000000 -0.100000
vn 0.000000 0.000000 -0.100000
vn 0.000000 0.000000 -0.100000
vn 0.000000 0.000000 -0.100000
vn 0.000000 0.000000 -0.100000
vn 0.000000 0.000000 -0.100000
vn 0.000000 0.000000 -0.100000
vn 0.000000 0.000000 -0.100000
vn 0.000000 0.000000 -0.100000
vn 0.000000 0.000000 -0.100000
vn 0.000000 0.000000 -0.100000
vn 0.000000 0.000000 -0.100000
vn 0.000000 0.000000 -0.100000
vn 0.000000 0.000000 -0.100000
vn 0.000000 0.000000 -0.100000
vn 0.000000 0.000000 -0.100000
vn 0.000000 0.000000 -0.100000
vn 0.000000 0.000000 -0.100000
vn 0.000000 0.000000 -0.100000
vn 0.000000 0.000000 -0.100000
vn 0.000000 0.000000 -0.100000
vn 0.000000 0.000000 -0.100000
vn 0.000000 0.000000 -0.100000
vn 0.000000 0.000000 -0.100000
vn 0.000000 0.000000 -0.100000
vn 0.000000 0.000000 -0.100000
vn 0.000000 0.000000 -0.100000
vn 0.000000 0.000000 -0.100000
vn 0.000000 0.000000 -0.100000
vn 0.000000 0.000000 -0.100000
vn 0.000000 0.000000 -0.100000
vn 0.000000 0.000000 -0.100000
vn 0.000000 0.000000 -0.100000
vn 0.000000 0.000000 -0.100000
vn 0.000000 0.000000 -0.100000
vn 0.000000 0.000000 -0.100000
vn 0.000000 0.000000 -0.100000
vn 0.000000 0.000000 -0.100000
vn 0.000000 0.000000 -0.100000
vn 0.000000 0.000000 -0.100000
vn 0.000000 0.000000 -0.100000
vn 0.000000 0.000000 -0.100000
vn 0.000000 0.000000 -0.100000
vn 0.000000 0.000000 -0.100000
vn 0.000000 0.000000 -0.100000
vn 0.000000 0.000000 -0.100000
vn 0.000000 0.000000 -0.100000
vn 0.000000 0.000000 -0.100000
vn 0.000000 0.000000 -0.100000
vn 0.000000 0.000000 -0.100000
vn 0.000000 0.000000 -0.100000
vn 0.000000 0.000000 -0.100000
vn 0.000000 0.000000 -0.100000
vn 0.000000 0.000000 -0.100000
vn 0.000000 0.000000 -0.100000
vn 0.000000 0.000000 -0.100000
vn 0.000000 0.000000 -0.100000
vn 0.000000 0.000000 -0.100000
vn 0.000000 0.000000 -0.100000
vn 0.000000 0.000000 -0.100000
vn 0.000000 0.000000 -0.100000
vn 0.000000 0.000000 -0.100000
vn 0.000000 0.000000 -0.100000
vn 0.000000 0.000000 -0.100000
vn 0.000000 0.000000 -0.100000
vn 0.000000 0.000000 -0.100000
vn 0.000000 0.000000 -0.100000
vn 0.000000 0.000000 -0.100000
vn 0.000000 0.000000 -0.100000
vn 0.000000 0.000000 -0.100000
vn 0.000000 0.000000 -0.100000
vn 0.000000 0.000000 -0.100000
vn 0.000000 0.000000 -0.100000
vn 0.000000 0.000000 -0.100000
vn 0.000000 0.000000 -0.100000
vn 0.000000 0.000000 -0.100000
vn 0.000000 0.000000 -0.100000
vn 0.000000 0.000000 -0.100000
vn 0.000000 0.000000 -0.100000
vn 0.000000 0.000000 -0.100000
vn 0.000000 0.000000 -0.100000
vn 0.000000 0.000000 -0.100000
vn 0.000000 0.000000 -0.100000
vn 0.000000 0.000000 -0.100000
vn 0.000000 0.000000 -0.100000
vn 0.000000 0.000000 -0.100000
vn 0.000000 0.000000 -0.100000
vn 0.000000 0.000000 -0.100000
vn 0.000000 0.000000 -0.100000
vn 0.000000 0.000000 -0.100000
vn 0.000000 0.000000 -0.100000
vn 0.000000 0.000000 -0.100000
vn 0.000000 0.000000 -0.100000
vn 0.000000 0.000000 -0.100000
vn 0.000000 0.000000 -0.100000
vn 0.000000 0.000000 -0.100000
vn 0.000000 0.000000 -0.100000
vn 0.000000 0.000000 -0.100000
vn 0.000000 0.000000 -0.100000
vn 0.000000 0.000000 -0.100000
vn 0.000000 0.000000 -0.100000
vn 0.000000 0.000000 -0.100000
vn 0.000000 0.000000 -0.100000
vn 0.000000 0.000000 -0.100000
vn 0.000000 0.000000 -0.100000
vn 0.000000 0.000000 -0.100000
vn 0.000000 0.000000 -0.100000
vn 0.000000 0.000000 -0.100000
vn 0.000000 0.000000 -0.100000
vn 0.000000 0.000000 -0.100000
vn 0.000000 0.000000 -0.100000
vn 0.000000 0.000000 -0.100000
vn 0.000000 0.000000 -0.100000
vn 0.000000 0.000000 -0.100000
vn 0.000000 0.000000 -0.100000
vn 0.000000 0.000000 -0.100000
vn 0.000000 0.000000 -0.100000
vn 0.000000 0.000000 -0.100000
vn 0.000000 0.000000 -0.100000
vn 0.000000 0.000000 -0.100000
vn 0.000000 0.000000 -0.100000
vn 0.000000 0.000000 -0.100000
vn 0.000000 0.000000 -0.100000
vn 0.000000 0.000000 -0.100000
vn 0.000000 0.000000 -0.100000
vn 0.000000 0.000000 -0.100000
vn 0.000000 0.000000 -0.100000
vn 0.000000 0.000000 -0.100000
vn 0.000000 0.000000 -0.100000
vn 0.000000 0.000000 -0.100000
vn 0.000000 0.000000 -0.100000
vn 0.000000 0.000000 -0.100000
vn 0.000000 0.000000 -0.100000
vn 0.000000 0.000000 -0.100000
vn 0.000000 0.000000 -0.100000
vn 0.000000 0.000000 -0.100000
vn 0.000000 0.000000 -0.100000
vn 0.000000 0.000000 -0.100000
vn 0.000000 0.000000 -0.100000
vn 0.000000 0.000000 -0.100000
vn 0.000000 0.000000 -0.100000
vn 0.000000 0.000000 -0.100000
vn 0.000000 0.000000 -0.100000
vn 0.000000 0.000000 -0.100000
vn 0.000000 0.000000 -0.100000
vn 0.000000 0.000000 -0.100000
vn 0.000000 0.000000 -0.100000
vn 0.000000 0.000000 -0.100000
vn 0.000000 0.000000 -0.100000
vn 0.000000 0.000000 -0.100000
vn 0.000000 0.000000 -0.100000
vn 0.000000 0.000000 -0.100000
vn 0.000000 0.000000 -0.100000
vn 0.000000 0.000000 -0.100000
vn 0.000000 0.000000 -0.100000
vn 0.000000 0.000000 -0.100000
vn 0.000000 0.000000 -0.100000
vn 0.000000 0.000000 -0.100000
vn 0.000000 0.000000 -0.100000
vn 0.000000 0.000000 -0.100000
vn 0.000000 0.000000 -0.100000
vn 0.000000 0.000000 -0.100000
vn 0.000000 0.000000 -0.100000
vn 0.000000 0.000000 -0.100000
vn 0.000000 0.000000 -0.100000
vn 0.000000 0.000000 -0.100000
vn 0.000000 0.000000 -0.100000
vn 0.000000 0.000000 -0.100000
vn -0.100000 0.000000 0.000000
vn -0.100000 0.000000 0.000000
vn -0.100000 0.000000 0.000000
vn -0.100000 0.000000 0.000000
vn -0.000000 0.100000 -0.000000
vn -0.000000 0.100000 -0.000000
vn -0.000000 0.100000 -0.000000
vn -0.000000 0.100000 -0.000000
vn 0.100000 0.000000 0.000000
vn 0.100000 0.000000 0.000000
vn 0.100000 0.000000 0.000000
vn 0.100000 0.000000 0.000000
vn 0.000000 0.100000 0.000000
vn 0.000000 0.100000 0.000000
vn 0.000000 0.100000 0.000000
vn 0.000000 0.100000 0.000000
vn 0.000000 0.100000 0.000000
vn 0.000000 0.100000 0.000000
vn 0.000000 0.100000 0.000000
vn 0.000000 0.100000 0.000000
vn -0.100000 0.000000 0.000000
vn -0.100000 0.000000 0.000000
vn -0.100000 0.000000 0.000000
vn -0.100000 0.000000 0.000000
vn -0.000000 0.100000 -0.000000
vn -0.000000 0.100000 -0.000000
vn -0.000000 0.100000 -0.000000
vn -0.000000 0.100000 -0.000000
vn -0.100000 0.000000 0.000000
vn -0.100000 0.000000 0.000000
vn -0.100000 0.000000 0.000000
vn -0.100000 0.000000 0.000000
vn 0.100000 0.000000 0.000000
vn 0.100000 0.000000 0.000000
vn 0.100000 0.000000 0.000000
vn 0.100000 0.000000 0.000000
vn 0.000000 0.100000 0.000000
vn 0.000000 0.100000 0.000000
vn 0.000000 0.100000 0.000000
vn 0.000000 0.100000 0.000000
vn 0.100000 0.000000 0.000000
vn 0.100000 0.000000 0.000000
vn 0.100000 0.000000 0.000000
vn 0.100000 0.000000 0.000000
vn 0.000000 0.100000 0.000000
vn 0.000000 0.100000 0.000000
vn 0.000000 0.100000 0.000000
vn 0.000000 0.100000 0.000000
vn 0.100000 0.000000 0.000000
vn 0.100000 0.000000 0.000000
vn 0.100000 0.000000 0.000000
vn 0.100000 0.000000 0.000000
vn 0.000000 0.100000 0.000000
vn 0.000000 0.100000 0.000000
vn 0.000000 0.100000 0.000000
vn 0.000000 0.100000 0.000000
vn -0.000000 -0.100000 0.000000
vn -0.000000 -0.100000 0.000000
vn -0.000000 -0.100000 0.000000
vn -0.000000 -0.100000 0.000000
vn 0.100000 0.000000 0.000000
vn 0.100000 0.000000 0.000000
vn 0.100000 0.000000 0.000000
vn 0.100000 0.000000 0.000000
vn 0.100000 0.000000 0.000000
vn 0.100000 0.000000 0.000000
vn 0.100000 0.000000 0.000000
vn 0.100000 0.000000 0.000000
vn 0.000000 -0.100000 0.000000
vn 0.000000 -0.100000 0.000000
vn 0.000000 -0.100000 0.000000
vn 0.000000 -0.100000 0.000000
vn 0.000000 -0.100000 0.000000
vn 0.000000 -0.100000 0.000000
vn 0.000000 -0.100000 0.000000
vn 0.000000 -0.100000 0.000000
vn -0.100000 0.000000 0.000000
vn -0.100000 0.000000 0.000000
vn -0.100000 0.000000 0.000000
vn -0.100000 0.000000 0.000000
vn 0.100000 0.000000 0.000000
vn 0.100000 0.000000 0.000000
vn 0.100000 0.000000 0.000000
vn 0.100000 0.000000 0.000000
vn 0.000000 -0.100000 0.000000
vn 0.000000 -0.100000 0.000000
vn 0.000000 -0.100000 0.000000
vn 0.000000 -0.100000 0.000000
vn 0.100000 0.000000 0.000000
vn 0.100000 0.000000 0.000000
vn 0.100000 0.000000 0.000000
vn 0.100000 0.000000 0.000000
vn 0.000000 -0.100000 0.000000
vn 0.000000 -0.100000 0.000000
vn 0.000000 -0.100000 0.000000
vn 0.000000 -0.100000 0.000000
vn -0.100000 0.000000 0.000000
vn -0.100000 0.000000 0.000000
vn -0.100000 0.000000 0.000000
vn -0.100000 0.000000 0.000000
vn -0.000000 0.100000 0.000000
vn -0.000000 0.100000 0.000000
vn -0.000000 0.100000 0.000000
vn -0.000000 0.100000 0.000000
vn 0.000000 -0.100000 0.000000
vn 0.000000 -0.100000 0.000000
vn 0.000000 -0.100000 0.000000
vn 0.000000 -0.100000 0.000000
vn -0.100000 0.000000 0.000000
vn -0.100000 0.000000 0.000000
vn -0.100000 0.000000 0.000000
vn -0.100000 0.000000 0.000000
vn 0.000000 -0.100000 0.000000
vn 0.000000 -0.100000 0.000000
vn 0.000000 -0.100000 0.000000
vn 0.000000 -0.100000 0.000000
vn -0.100000 0.000000 0.000000
vn -0.100000 0.000000 0.000000
vn -0.100000 0.000000 0.000000
vn -0.100000 0.000000 0.000000
vn 0.000000 -0.100000 0.000000
vn 0.000000 -0.100000 0.000000
vn 0.000000 -0.100000 0.000000
vn 0.000000 -0.100000 0.000000
vn -0.100000 0.000000 0.000000
vn -0.100000 0.000000 0.000000
vn -0.100000 0.000000 0.000000
vn -0.100000 0.000000 0.000000
vn 0.096593 0.025882 0.000000
vn 0.096593 0.025882 0.000000
vn 0.100000 0.000000 0.000000
vn 0.100000 0.000000 0.000000
vn 0.096593 -0.025882 0.000000
vn 0.096593 -0.025882 0.000000
vn 0.086603 -0.050000 0.000000
vn 0.086603 -0.050000 0.000000
vn 0.070711 -0.070711 0.000000
vn 0.070711 -0.070711 0.000000
vn 0.050000 -0.086603 0.000000
vn 0.050000 -0.086603 0.000000
vn 0.025882 -0.096593 0.000000
vn 0.025882 -0.096593 0.000000
vn -0.000000 -0.100000 0.000000
vn -0.000000 -0.100000 0.000000
vn -0.025882 -0.096593 0.000000
vn -0.025882 -0.096593 0.000000
vn -0.050000 -0.086603 0.000000
vn -0.050000 -0.086603 0.000000
vn -0.070711 -0.070711 0.000000
vn -0.070711 -0.070711 0.000000
vn -0.086603 -0.050000 0.000000
vn -0.086603 -0.050000 0.000000
vn -0.096593 -0.025882 0.000000
vn -0.096593 -0.025882 0.000000
vn -0.100000 0.000000 0.000000
vn -0.100000 0.000000 0.000000
vn -0.096593 0.025882 -0.000000
vn -0.096593 0.025882 -0.000000
vn -0.086603 0.050000 -0.000000
vn -0.086603 0.050000 -0.000000
vn -0.070711 0.070711 -0.000000
vn -0.070711 0.070711 -0.000000
vn -0.050000 0.086603 -0.000000
vn -0.050000 0.086603 -0.000000
vn -0.025882 0.096593 -0.000000
vn -0.025882 0.096593 -0.000000
vn -0.000000 0.100000 -0.000000
vn -0.000000 0.100000 -0.000000
vn 0.025882 0.096593 0.000000
vn 0.025882 0.096593 0.000000
vn 0.050000 0.086603 0.000000
vn 0.050000 0.086603 0.000000
vn 0.070711 0.070711 0.000000
vn 0.070711 0.070711 0.000000
vn 0.086603 0.050000 0.000000
vn 0.086603 0.050000 0.000000
vn 0.096593 0.025882 0.000000
vn 0.096593 0.025882 0.000000
vn 0.100000 0.000000 0.000000
vn 0.100000 0.000000 0.000000
vn 0.096593 -0.025882 0.000000
vn 0.096593 -0.025882 0.000000
vn 0.086603 -0.050000 0.000000
vn 0.086603 -0.050000 0.000000
vn 0.070711 -0.070711 0.000000
vn 0.070711 -0.070711 0.000000
vn 0.050000 -0.086603 0.000000
vn 0.050000 -0.086603 0.000000
vn 0.025882 -0.096593 0.000000
vn 0.025882 -0.096593 0.000000
vn -0.000000 -0.100000 0.000000
vn -0.000000 -0.100000 0.000000
vn -0.025882 -0.096593 0.000000
vn -0.025882 -0.096593 0.000000
vn -0.050000 -0.086603 0.000000
vn -0.050000 -0.086603 0.000000
vn -0.070711 -0.070711 0.000000
vn -0.070711 -0.070711 0.000000
vn -0.086603 -0.050000 0.000000
vn -0.086603 -0.050000 0.000000
vn -0.096593 -0.025882 0.000000
vn -0.096593 -0.025882 0.000000
vn -0.100000 0.000000 0.000000
vn -0.100000 0.000000 0.000000
vn -0.096593 0.025882 -0.000000
vn -0.096593 0.025882 -0.000000
vn -0.086603 0.050000 -0.000000
vn -0.086603 0.050000 -0.000000
vn -0.070711 0.070711 -0.000000
vn -0.070711 0.070711 -0.000000
vn -0.050000 0.086603 -0.000000
vn -0.050000 0.086603 -0.000000
vn -0.025882 0.096593 -0.000000
vn -0.025882 0.096593 -0.000000
vn -0.000000 0.100000 -0.000000
vn -0.000000 0.100000 -0.000000
vn 0.025882 0.096593 0.000000
vn 0.025882 0.096593 0.000000
vn 0.050000 0.086603 0.000000
vn 0.050000 0.086603 0.000000
vn 0.070711 0.070711 0.000000
vn 0.070711 0.070711 0.000000
vn 0.086603 0.050000 0.000000
vn 0.086603 0.050000 0.000000
vn -0.096593 0.025882 -0.000000
vn -0.096593 0.025882 -0.000000
vn -0.100000 0.000000 -0.000000
vn -0.100000 0.000000 -0.000000
vn -0.096593 -0.025882 0.000000
vn -0.096593 -0.025882 0.000000
vn -0.086603 -0.050000 0.000000
vn -0.086603 -0.050000 0.000000
vn -0.070711 -0.070711 0.000000
vn -0.070711 -0.070711 0.000000
vn -0.050000 -0.086603 0.000000
vn -0.050000 -0.086603 0.000000
vn -0.025882 -0.096593 0.000000
vn -0.025882 -0.096593 0.000000
vn 0.000000 -0.100000 0.000000
vn 0.000000 -0.100000 0.000000
vn 0.025882 -0.096593 0.000000
vn 0.025882 -0.096593 0.000000
vn 0.050000 -0.086603 0.000000
vn 0.050000 -0.086603 0.000000
vn 0.070711 -0.070711 0.000000
vn 0.070711 -0.070711 0.000000
vn 0.086603 -0.050000 0.000000
vn 0.086603 -0.050000 0.000000
vn 0.096593 -0.025882 0.000000
vn 0.096593 -0.025882 0.000000
vn 0.100000 -0.000000 0.000000
vn 0.100000 -0.000000 0.000000
vn 0.096593 0.025882 0.000000
vn 0.096593 0.025882 0.000000
vn 0.086603 0.050000 0.000000
vn 0.086603 0.050000 0.000000
vn 0.070711 0.070711 0.000000
vn 0.070711 0.070711 0.000000
vn 0.050000 0.086603 0.000000
vn 0.050000 0.086603 0.000000
vn 0.025882 0.096593 0.000000
vn 0.025882 0.096593 0.000000
vn 0.000000 0.100000 0.000000
vn 0.000000 0.100000 0.000000
vn -0.025882 0.096593 -0.000000
vn -0.025882 0.096593 -0.000000
vn -0.050000 0.086603 -0.000000
vn -0.050000 0.086603 -0.000000
vn -0.070711 0.070711 -0.000000
vn -0.070711 0.070711 -0.000000
vn -0.086603 0.050000 -0.000000
vn -0.086603 0.050000 -0.000000
vn -0.056727 0.082353 -0.000000
vn -0.056727 0.082353 -0.000000
vn -0.051660 0.085623 -0.000000
vn -0.051660 0.085623 -0.000000
vn -0.046404 0.088581 -0.000000
vn -0.046404 0.088581 -0.000000
vn -0.040980 0.091218 -0.000000
vn -0.040980 0.091218 -0.000000
vn -0.035407 0.093522 -0.000000
vn -0.035407 0.093522 -0.000000
vn -0.029704 0.095486 -0.000000
vn -0.029704 0.095486 -0.000000
vn -0.023894 0.097103 -0.000000
vn -0.023894 0.097103 -0.000000
vn -0.017997 0.098367 -0.000000
vn -0.017997 0.098367 -0.000000
vn -0.012035 0.099273 -0.000000
vn -0.012035 0.099273 -0.000000
vn -0.006028 0.099818 -0.000000
vn -0.006028 0.099818 -0.000000
vn 0.000000 0.100000 0.000000
vn 0.000000 0.100000 0.000000
vn 0.000000 0.100000 0.000000
vn 0.000000 0.100000 0.000000
vn -0.015023 0.098865 0.000000
vn -0.015023 0.098865 0.000000
vn -0.029704 0.095486 0.000000
vn -0.029704 0.095486 0.000000
vn -0.043712 0.089940 0.000000
vn -0.043712 0.089940 0.000000
vn 0.000000 0.000000 0.100000
vn 0.000000 0.000000 0.100000
vn 0.000000 0.000000 0.100000
vn 0.000000 0.000000 0.100000
vn 0.000000 0.000000 0.100000
vn 0.000000 0.000000 0.100000
vn 0.000000 0.000000 0.100000
vn 0.000000 0.000000 0.100000
vn 0.000000 0.000000 0.100000
vn 0.000000 0.000000 0.100000
vn 0.000000 0.000000 0.100000
vn 0.000000 0.000000 0.100000
vn 0.000000 0.000000 0.100000
vn 0.000000 0.000000 0.100000
vn 0.000000 0.000000 0.100000
vn 0.000000 0.000000 0.100000
vn 0.000000 0.000000 0.100000
vn 0.000000 0.000000 0.100000
vn 0.000000 0.000000 0.100000
vn 0.000000 0.000000 0.100000
vn 0.000000 0.000000 0.100000
vn 0.000000 0.000000 0.100000
vn 0.000000 0.000000 0.100000
vn 0.000000 0.000000 0.100000
vn 0.000000 0.000000 0.100000
vn 0.000000 0.000000 0.100000
vn 0.000000 0.000000 0.100000
vn 0.000000 0.000000 0.100000
vn 0.000000 0.000000 0.100000
vn 0.000000 0.000000 0.100000
vn 0.000000 0.000000 0.100000
vn 0.000000 0.000000 0.100000
vn 0.000000 0.000000 0.100000
vn 0.000000 0.000000 0.100000
vn 0.000000 0.000000 0.100000
vn 0.000000 0.000000 0.100000
vn 0.000000 0.000000 0.100000
vn 0.000000 0.000000 0.100000
vn 0.000000 0.000000 0.100000
vn 0.000000 0.000000 0.100000
vn 0.000000 0.000000 0.100000
vn 0.000000 0.000000 0.100000
vn 0.000000 0.000000 0.100000
vn 0.000000 0.000000 0.100000
vn 0.000000 0.000000 0.100000
vn 0.000000 0.000000 0.100000
vn 0.000000 0.000000 0.100000
vn 0.000000 0.000000 0.100000
vn 0.000000 0.000000 0.100000
vn 0.000000 0.000000 0.100000
vn 0.000000 0.000000 0.100000
vn 0.000000 0.000000 0.100000
vn 0.000000 0.000000 0.100000
vn 0.000000 0.000000 0.100000
vn 0.000000 0.000000 0.100000
vn 0.000000 0.000000 0.100000
vn 0.000000 0.000000 0.100000
vn 0.000000 0.000000 0.100000
vn 0.000000 0.000000 0.100000
vn 0.000000 0.000000 0.100000
vn 0.000000 0.000000 0.100000
vn 0.000000 0.000000 0.100000
vn 0.000000 0.000000 0.100000
vn 0.000000 0.000000 0.100000
vn 0.000000 0.000000 0.100000
vn 0.000000 0.000000 0.100000
vn 0.000000 0.000000 0.100000
vn 0.000000 0.000000 0.100000
vn 0.000000 0.000000 0.100000
vn 0.000000 0.000000 0.100000
vn 0.000000 0.000000 0.100000
vn 0.000000 0.000000 0.100000
vn 0.000000 0.000000 0.100000
vn 0.000000 0.000000 0.100000
vn 0.000000 0.000000 0.100000
vn 0.000000 0.000000 0.100000
vn 0.000000 0.000000 0.100000
vn 0.000000 0.000000 0.100000
vn 0.000000 0.000000 0.100000
vn 0.000000 0.000000 0.100000
vn 0.000000 0.000000 0.100000
vn 0.000000 0.000000 0.100000
vn 0.000000 0.000000 0.100000
vn 0.000000 0.000000 0.100000
vn 0.000000 0.000000 0.100000
vn 0.000000 0.000000 0.100000
vn 0.000000 0.000000 0.100000
vn 0.000000 0.000000 0.100000
vn 0.000000 0.000000 0.100000
vn 0.000000 0.000000 0.100000
vn 0.000000 0.000000 0.100000
vn 0.000000 0.000000 0.100000
vn 0.000000 0.000000 0.100000
vn 0.000000 0.000000 0.100000
vn 0.000000 0.000000 0.100000
vn 0.000000 0.000000 0.100000
vn 0.000000 0.000000 0.100000
vn 0.000000 0.000000 0.100000
vn 0.000000 0.000000 0.100000
vn 0.000000 0.000000 0.100000
vn 0.000000 0.000000 0.100000
vn 0.000000 0.000000 0.100000
vn 0.000000 0.000000 0.100000
vn 0.000000 0.000000 0.100000
vn 0.000000 0.000000 0.100000
vn 0.000000 0.000000 0.100000
vn 0.000000 0.000000 0.100000
vn 0.000000 0.000000 0.100000
vn 0.000000 0.000000 0.100000
vn 0.000000 0.000000 0.100000
vn 0.000000 0.000000 0.100000
vn 0.000000 0.000000 0.100000
vn 0.000000 0.000000 0.100000
vn 0.000000 0.000000 0.100000
vn 0.000000 0.000000 0.100000
vn 0.000000 0.000000 0.100000
vn 0.000000 0.000000 0.100000
vn 0.000000 0.000000 0.100000
vn 0.000000 0.000000 0.100000
vn 0.000000 0.000000 0.100000
vn 0.000000 0.000000 0.100000
vn 0.000000 0.000000 0.100000
vn 0.000000 0.000000 0.100000
vn 0.000000 0.000000 0.100000
vn 0.000000 0.000000 0.100000
vn 0.000000 0.000000 0.100000
vn 0.000000 0.000000 0.100000
vn 0.000000 0.000000 0.100000
vn 0.000000 0.000000 0.100000
vn 0.000000 0.000000 0.100000
vn 0.000000 0.000000 0.100000
vn 0.000000 0.000000 0.100000
vn 0.000000 0.000000 0.100000
vn 0.000000 0.000000 0.100000
vn 0.000000 0.000000 0.100000
vn 0.000000 0.000000 0.100000
vn 0.000000 0.000000 0.100000
vn 0.000000 0.000000 0.100000
vn 0.000000 0.000000 0.100000
vn 0.000000 0.000000 0.100000
vn 0.000000 0.000000 0.100000
vn 0.000000 0.000000 0.100000
vn 0.000000 0.000000 0.100000
vn 0.000000 0.000000 0.100000
vn 0.000000 0.000000 0.100000
vn 0.000000 0.000000 0.100000
vn 0.000000 0.000000 0.100000
vn 0.000000 0.000000 0.100000
vn 0.000000 0.000000 0.100000
vn 0.000000 0.000000 0.100000
vn 0.000000 0.000000 0.100000
vn 0.000000 0.000000 0.100000
vn 0.000000 0.000000 0.100000
vn 0.000000 0.000000 0.100000
vn 0.000000 0.000000 0.100000
vn 0.000000 0.000000 0.100000
vn 0.000000 0.000000 0.100000
vn 0.000000 0.000000 0.100000
vn 0.000000 0.000000 0.100000
vn 0.000000 0.000000 0.100000
vn 0.000000 0.000000 0.100000
vn 0.000000 0.000000 0.100000
vn 0.000000 0.000000 0.100000
vn 0.000000 0.000000 0.100000
vn 0.000000 0.000000 0.100000
vn 0.000000 0.000000 0.100000
vn 0.000000 0.000000 0.100000
vn 0.000000 0.000000 0.100000
vn 0.000000 0.000000 0.100000
vn 0.000000 0.000000 0.100000
vn 0.000000 0.000000 0.100000
vn 0.000000 0.000000 0.100000
vn 0.000000 0.000000 0.100000
vn 0.000000 0.000000 0.100000
vn 0.000000 0.000000 0.100000
vn 0.000000 0.000000 0.100000
vn 0.000000 0.000000 0.100000
vn 0.000000 0.000000 0.100000
vn 0.000000 0.000000 0.100000
vn 0.000000 0.000000 0.100000
vn 0.000000 0.000000 0.100000
vn 0.000000 0.000000 0.100000
vn 0.000000 0.000000 0.100000
vn 0.000000 0.000000 0.100000
vn 0.000000 0.000000 0.100000
vn 0.000000 0.000000 0.100000
vn 0.000000 0.000000 0.100000
vn 0.000000 0.000000 0.100000
vn 0.000000 0.000000 0.100000
vn 0.000000 0.000000 0.100000
vn 0.000000 0.000000 0.100000
vn 0.000000 0.000000 0.100000
vn 0.000000 0.000000 0.100000
vn 0.000000 0.000000 0.100000
vn 0.000000 0.000000 0.100000
vn 0.000000 0.000000 0.100000
vn 0.000000 0.000000 0.100000
vn 0.000000 0.000000 0.100000
vn 0.000000 0.000000 0.100000
vn 0.000000 0.000000 0.100000
vn 0.000000 0.000000 0.100000
vn 0.000000 0.100000 0.000000
vn 0.000000 0.100000 0.000000
vn 0.100000 -0.000000 0.000000
vn 0.100000 -0.000000 0.000000
vn 0.096593 0.025882 0.000000
vn 0.096593 0.025882 0.000000
vn 0.086603 0.050000 0.000000
vn 0.086603 0.050000 0.000000
vn 0.070711 0.070711 0.000000
vn 0.070711 0.070711 0.000000
vn 0.050000 0.086603 0.000000
vn 0.050000 0.086603 0.000000
vn 0.025882 0.096593 0.000000
vn 0.025882 0.096593 0.000000
vn 0.100000 0.000000 0.000000
vn 0.100000 0.000000 0.000000
vn 0.100000 0.000000 0.000000
vn 0.100000 0.000000 0.000000
vn 0.100000 0.000000 0.000000
vn 0.100000 0.000000 0.000000
vn 0.100000 0.000000 0.000000
vn 0.100000 0.000000 0.000000
vn -0.100000 0.000000 0.000000
vn -0.100000 0.000000 0.000000
vn -0.100000 0.000000 0.000000
vn -0.100000 0.000000 0.000000
vn -0.100000 0.000000 0.000000
vn -0.100000 0.000000 0.000000
vn -0.100000 0.000000 0.000000
vn 0.000000 -0.070711 0.070711
vn 0.000000 -0.070711 0.070711
vn 0.000000 -0.070711 0.070711
vn 0.000000 -0.070711 0.070711
vn 0.096593 0.025882 0.000000
vn 0.096593 0.025882 0.000000
vn 0.100000 0.000000 0.000000
vn 0.100000 0.000000 0.000000
vn 0.096593 -0.025882 0.000000
vn 0.096593 -0.025882 0.000000
vn 0.086603 -0.050000 0.000000
vn 0.086603 -0.050000 0.000000
vn 0.070711 -0.070711 0.000000
vn 0.070711 -0.070711 0.000000
vn 0.050000 -0.086603 0.000000
vn 0.050000 -0.086603 0.000000
vn 0.025882 -0.096593 0.000000
vn 0.025882 -0.096593 0.000000
vn -0.000000 -0.100000 0.000000
vn -0.000000 -0.100000 0.000000
vn -0.025882 -0.096593 0.000000
vn -0.025882 -0.096593 0.000000
vn -0.050000 -0.086603 0.000000
vn -0.050000 -0.086603 0.000000
vn -0.070711 -0.070711 0.000000
vn -0.070711 -0.070711 0.000000
vn -0.086603 -0.050000 0.000000
vn -0.086603 -0.050000 0.000000
vn -0.096593 -0.025882 0.000000
vn -0.096593 -0.025882 0.000000
vn -0.100000 0.000000 0.000000
vn -0.100000 0.000000 0.000000
vn -0.096593 0.025882 -0.000000
vn -0.096593 0.025882 -0.000000
vn -0.086603 0.050000 -0.000000
vn -0.086603 0.050000 -0.000000
vn -0.070711 0.070711 -0.000000
vn -0.070711 0.070711 -0.000000
vn -0.050000 0.086603 -0.000000
vn -0.050000 0.086603 -0.000000
vn -0.025882 0.096593 -0.000000
vn -0.025882 0.096593 -0.000000
vn -0.000000 0.100000 -0.000000
vn -0.000000 0.100000 -0.000000
vn 0.025882 0.096593 0.000000
vn 0.025882 0.096593 0.000000
vn 0.050000 0.086603 0.000000
vn 0.050000 0.086603 0.000000
vn 0.070711 0.070711 0.000000
vn 0.070711 0.070711 0.000000
vn 0.086603 0.050000 0.000000
vn 0.086603 0.050000 0.000000
vn 0.096593 0.025882 0.000000
vn 0.096593 0.025882 0.000000
vn 0.100000 0.000000 0.000000
vn 0.100000 0.000000 0.000000
vn 0.096593 -0.025882 0.000000
vn 0.096593 -0.025882 0.000000
vn 0.086603 -0.050000 0.000000
vn 0.086603 -0.050000 0.000000
vn 0.070711 -0.070711 0.000000
vn 0.070711 -0.070711 0.000000
vn 0.050000 -0.086603 0.000000
vn 0.050000 -0.086603 0.000000
vn 0.025882 -0.096593 0.000000
vn 0.025882 -0.096593 0.000000
vn -0.000000 -0.100000 0.000000
vn -0.000000 -0.100000 0.000000
vn -0.025882 -0.096593 0.000000
vn -0.025882 -0.096593 0.000000
vn -0.050000 -0.086603 0.000000
vn -0.050000 -0.086603 0.000000
vn -0.070711 -0.070711 0.000000
vn -0.070711 -0.070711 0.000000
vn -0.086603 -0.050000 0.000000
vn -0.086603 -0.050000 0.000000
vn -0.096593 -0.025882 0.000000
vn -0.096593 -0.025882 0.000000
vn -0.100000 0.000000 0.000000
vn -0.100000 0.000000 0.000000
vn -0.096593 0.025882 -0.000000
vn -0.096593 0.025882 -0.000000
vn -0.086603 0.050000 -0.000000
vn -0.086603 0.050000 -0.000000
vn -0.070711 0.070711 -0.000000
vn -0.070711 0.070711 -0.000000
vn -0.050000 0.086603 -0.000000
vn -0.050000 0.086603 -0.000000
vn -0.025882 0.096593 -0.000000
vn -0.025882 0.096593 -0.000000
vn -0.000000 0.100000 -0.000000
vn -0.000000 0.100000 -0.000000
vn 0.025882 0.096593 0.000000
vn 0.025882 0.096593 0.000000
vn 0.050000 0.086603 0.000000
vn 0.050000 0.086603 0.000000
vn 0.070711 0.070711 0.000000
vn 0.070711 0.070711 0.000000
vn 0.086603 0.050000 0.000000
vn 0.086603 0.050000 0.000000
vn -0.096593 -0.025882 0.000000
vn -0.096593 -0.025882 0.000000
vn -0.100000 -0.000000 0.000000
vn -0.100000 -0.000000 0.000000
vn -0.096593 0.025882 -0.000000
vn -0.096593 0.025882 -0.000000
vn -0.086603 0.050000 -0.000000
vn -0.086603 0.050000 -0.000000
vn -0.070711 0.070711 -0.000000
vn -0.070711 0.070711 -0.000000
vn -0.050000 0.086603 -0.000000
vn -0.050000 0.086603 -0.000000
vn -0.025882 0.096593 -0.000000
vn -0.025882 0.096593 -0.000000
vn 0.000000 0.100000 0.000000
vn 0.000000 0.100000 0.000000
vn 0.025882 0.096593 0.000000
vn 0.025882 0.096593 0.000000
vn 0.050000 0.086603 0.000000
vn 0.050000 0.086603 0.000000
vn 0.070711 0.070711 0.000000
vn 0.070711 0.070711 0.000000
vn 0.086603 0.050000 0.000000
vn 0.086603 0.050000 0.000000
vn 0.096593 0.025882 0.000000
vn 0.096593 0.025882 0.000000
vn 0.100000 -0.000000 0.000000
vn 0.100000 -0.000000 0.000000
vn 0.096593 -0.025882 0.000000
vn 0.096593 -0.025882 0.000000
vn 0.086603 -0.050000 0.000000
vn 0.086603 -0.050000 0.000000
vn 0.070711 -0.070711 0.000000
vn 0.070711 -0.070711 0.000000
vn 0.050000 -0.086603 0.000000
vn 0.050000 -0.086603 0.000000
vn 0.025882 -0.096593 0.000000
vn 0.025882 -0.096593 0.000000
vn 0.000000 -0.100000 0.000000
vn 0.000000 -0.100000 0.000000
vn -0.025882 -0.096593 0.000000
vn -0.025882 -0.096593 0.000000
vn -0.050000 -0.086603 0.000000
vn -0.050000 -0.086603 0.000000
vn -0.070711 -0.070711 0.000000
vn -0.070711 -0.070711 0.000000
vn -0.086603 -0.050000 0.000000
vn -0.086603 -0.050000 0.000000
vn -0.100000 0.000000 0.000000
vn -0.100000 0.000000 0.000000
vn -0.100000 0.000000 0.000000
vn -0.100000 0.000000 0.000000
vn 0.000000 0.100000 0.000000
vn 0.000000 0.100000 0.000000
vn 0.000000 -0.100000 0.000000
vn 0.000000 -0.100000 0.000000
vn 0.000000 -0.100000 0.000000
vn 0.000000 -0.100000 0.000000
vn 0.000000 -0.100000 0.000000
vn 0.000000 -0.100000 0.000000
vn 0.000000 -0.100000 0.000000
vn 0.000000 -0.100000 0.000000
vn 0.100000 0.000000 0.000000
vn 0.100000 0.000000 0.000000
usemtl Steel_-_Satin
f 2/1/1 3/2/2 1/3/3
f 1/3/3 3/2/2 6/4/4
f 6/4/4 3/2/2 5/5/5
f 5/5/5 3/2/2 4/6/6
f 7/7/7 8/8/8 12/9/9
f 12/9/9 8/8/8 11/10/10
f 11/10/10 8/8/8 10/11/11
f 10/11/11 8/8/8 9/12/12
f 12/13/13 13/14/14 7/15/15
f 7/15/15 13/14/14 14/16/16
f 8/17/17 7/18/18 15/19/19
f 15/19/19 7/18/18 16/20/20
f 16/20/20 7/18/18 14/21/21
f 14/22/22 13/23/23 16/24/24
f 16/24/24 13/23/23 17/25/25
f 16/24/24 17/25/25 18/26/26
f 18/26/26 19/27/27 16/24/24
f 15/28/28 20/29/29 8/30/30
f 8/30/30 20/29/29 9/31/31
f 6/32/32 5/33/33 17/34/34
f 17/34/34 5/33/33 18/35/35
f 5/36/36 4/37/37 18/38/38
f 18/38/38 4/37/37 19/39/39
f 3/40/40 20/41/41 4/42/42
f 4/42/42 20/41/41 19/43/43
f 19/43/43 20/41/41 16/44/44
f 16/44/44 20/41/41 15/45/45
f 11/46/46 58/47/47 21/48/48
f 21/48/48 58/47/47 59/49/49
f 21/48/48 59/49/49 203/50/50
f 203/50/50 59/49/49 77/51/51
f 203/50/50 77/51/51 202/52/52
f 202/52/52 77/51/51 201/53/53
f 201/53/53 77/51/51 78/54/54
f 201/53/53 78/54/54 200/55/55
f 200/55/55 78/54/54 223/56/56
f 223/56/56 78/54/54 222/57/57
f 222/57/57 78/54/54 69/58/58
f 222/57/57 69/58/58 221/59/59
f 221/59/59 69/58/58 220/60/60
f 220/60/60 69/58/58 70/61/61
f 220/60/60 70/61/61 219/62/62
f 219/62/62 70/61/61 74/63/63
f 219/62/62 74/63/63 218/64/64
f 218/64/64 74/63/63 75/65/65
f 218/64/64 75/65/65 217/66/66
f 217/66/66 75/65/65 65/67/67
f 217/66/66 65/67/67 184/68/68
f 184/68/68 65/67/67 183/69/69
f 183/69/69 65/67/67 66/70/70
f 183/69/69 66/70/70 182/71/71
f 182/71/71 66/70/70 181/72/72
f 181/72/72 66/70/70 180/73/73
f 180/73/73 66/70/70 67/74/74
f 180/73/73 67/74/74 136/75/75
f 136/75/75 67/74/74 135/76/76
f 135/76/76 67/74/74 134/77/77
f 134/77/77 67/74/74 110/78/78
f 134/77/77 110/78/78 133/79/79
f 133/79/79 110/78/78 111/80/80
f 133/79/79 111/80/80 132/81/81
f 132/81/81 111/80/80 112/82/82
f 132/81/81 112/82/82 131/83/83
f 131/83/83 112/82/82 113/84/84
f 131/83/83 113/84/84 130/85/85
f 130/85/85 113/84/84 114/86/86
f 130/85/85 114/86/86 129/87/87
f 129/87/87 114/86/86 115/88/88
f 129/87/87 115/88/88 128/89/89
f 128/89/89 115/88/88 116/90/90
f 128/89/89 116/90/90 151/91/91
f 151/91/91 116/90/90 117/92/92
f 151/91/91 117/92/92 150/93/93
f 150/93/93 117/92/92 118/94/94
f 150/93/93 118/94/94 149/95/95
f 149/95/95 118/94/94 119/96/96
f 149/95/95 119/96/96 148/97/97
f 148/97/97 119/96/96 120/98/98
f 148/97/97 120/98/98 147/99/99
f 147/99/99 120/98/98 121/100/100
f 147/99/99 121/100/100 146/101/101
f 146/101/101 121/100/100 122/102/102
f 146/101/101 122/102/102 31/103/103
f 31/103/103 122/102/102 30/104/104
f 30/104/104 122/102/102 29/105/105
f 29/105/105 122/102/102 123/106/106
f 29/105/105 123/106/106 28/107/107
f 28/107/107 123/106/106 124/108/108
f 28/107/107 124/108/108 27/109/109
f 27/109/109 124/108/108 125/110/110
f 27/109/109 125/110/110 126/111/111
f 10/112/112 51/113/113 11/46/46
f 11/46/46 51/113/113 54/114/114
f 11/46/46 54/114/114 55/115/115
f 22/116/116 23/117/117 10/112/112
f 10/112/112 23/117/117 50/118/118
f 10/112/112 50/118/118 51/113/113
f 50/118/118 23/117/117 49/119/119
f 49/119/119 23/117/117 24/120/120
f 49/119/119 24/120/120 155/121/121
f 155/121/121 24/120/120 154/122/122
f 154/122/122 24/120/120 153/123/123
f 153/123/123 24/120/120 152/124/124
f 152/124/124 24/120/120 175/125/125
f 175/125/125 24/120/120 174/126/126
f 174/126/126 24/120/120 173/127/127
f 173/127/127 24/120/120 172/128/128
f 172/128/128 24/120/120 171/129/129
f 171/129/129 24/120/120 170/130/130
f 170/130/130 24/120/120 169/131/131
f 169/131/131 24/120/120 25/132/132
f 169/131/131 25/132/132 168/133/133
f 168/133/133 25/132/132 167/134/134
f 167/134/134 25/132/132 166/135/135
f 166/135/135 25/132/132 165/136/136
f 165/136/136 25/132/132 57/137/137
f 165/136/136 57/137/137 164/138/138
f 164/138/138 57/137/137 61/139/139
f 164/138/138 61/139/139 163/140/140
f 163/140/140 61/139/139 162/141/141
f 162/141/141 61/139/139 62/142/142
f 162/141/141 62/142/142 161/143/143
f 161/143/143 62/142/142 160/144/144
f 160/144/144 62/142/142 52/145/145
f 160/144/144 52/145/145 159/146/146
f 159/146/146 52/145/145 53/147/147
f 159/146/146 53/147/147 158/148/148
f 158/148/148 53/147/147 48/149/149
f 158/148/148 48/149/149 49/119/119
f 26/150/150 105/151/151 25/132/132
f 25/132/132 105/151/151 106/152/152
f 25/132/132 106/152/152 107/153/153
f 27/109/109 126/111/111 26/150/150
f 26/150/150 126/111/111 127/154/154
f 26/150/150 127/154/154 104/155/155
f 31/103/103 32/156/156 146/101/101
f 146/101/101 32/156/156 98/157/157
f 146/101/101 98/157/157 145/158/158
f 145/158/158 98/157/157 99/159/159
f 145/158/158 99/159/159 46/160/160
f 46/160/160 99/159/159 100/161/161
f 46/160/160 100/161/161 101/162/162
f 98/157/157 32/156/156 97/163/163
f 97/163/163 32/156/156 33/164/164
f 97/163/163 33/164/164 96/165/165
f 96/165/165 33/164/164 34/166/166
f 96/165/165 34/166/166 95/167/167
f 95/167/167 34/166/166 94/168/168
f 94/168/168 34/166/166 93/169/169
f 93/169/169 34/166/166 92/170/170
f 92/170/170 34/166/166 35/171/171
f 92/170/170 35/171/171 91/172/172
f 91/172/172 35/171/171 90/173/173
f 90/173/173 35/171/171 89/174/174
f 89/174/174 35/171/171 36/175/175
f 89/174/174 36/175/175 37/176/176
f 38/177/177 39/178/178 37/176/176
f 37/176/176 39/178/178 89/174/174
f 40/179/179 87/180/180 39/178/178
f 39/178/178 87/180/180 88/181/181
f 39/178/178 88/181/181 89/174/174
f 41/182/182 42/183/183 40/179/179
f 40/179/179 42/183/183 86/184/184
f 40/179/179 86/184/184 87/180/180
f 42/183/183 43/185/185 86/184/184
f 86/184/184 43/185/185 85/186/186
f 85/186/186 43/185/185 44/187/187
f 85/186/186 44/187/187 84/188/188
f 84/188/188 44/187/187 83/189/189
f 83/189/189 44/187/187 45/190/190
f 83/189/189 45/190/190 82/191/191
f 82/191/191 45/190/190 81/192/192
f 81/192/192 45/190/190 46/160/160
f 81/192/192 46/160/160 80/193/193
f 80/193/193 46/160/160 103/194/194
f 103/194/194 46/160/160 102/195/195
f 102/195/195 46/160/160 101/162/162
f 47/196/196 140/197/197 46/160/160
f 46/160/160 140/197/197 141/198/198
f 46/160/160 141/198/198 142/199/199
f 21/48/48 206/200/200 47/196/196
f 47/196/196 206/200/200 207/201/201
f 47/196/196 207/201/201 193/202/202
f 193/202/202 207/201/201 192/203/203
f 192/203/203 207/201/201 208/204/204
f 192/203/203 208/204/204 209/205/205
f 54/114/114 51/113/113 53/147/147
f 53/147/147 51/113/113 48/149/149
f 52/145/145 62/142/142 55/115/115
f 55/115/115 62/142/142 63/206/206
f 55/115/115 63/206/206 11/46/46
f 11/46/46 63/206/206 60/207/207
f 11/46/46 60/207/207 58/47/47
f 58/47/47 60/207/207 57/137/137
f 57/137/137 60/207/207 61/139/139
f 57/137/137 25/132/132 56/208/208
f 56/208/208 25/132/132 76/209/209
f 56/208/208 76/209/209 59/49/49
f 59/49/49 76/209/209 77/51/51
f 65/67/67 75/65/65 64/210/210
f 64/210/210 75/65/65 72/211/211
f 64/210/210 72/211/211 109/212/212
f 109/212/212 72/211/211 108/213/213
f 108/213/213 72/211/211 73/214/214
f 108/213/213 73/214/214 107/153/153
f 107/153/153 73/214/214 25/132/132
f 67/74/74 64/210/210 110/78/78
f 110/78/78 64/210/210 109/212/212
f 69/58/58 78/54/54 68/215/215
f 68/215/215 78/54/54 79/216/216
f 68/215/215 79/216/216 25/132/132
f 25/132/132 79/216/216 76/209/209
f 74/63/63 70/61/61 73/214/214
f 73/214/214 70/61/61 71/217/217
f 73/214/214 71/217/217 25/132/132
f 25/132/132 71/217/217 68/215/215
f 104/155/155 105/151/151 26/150/150
f 136/75/75 137/218/218 180/73/73
f 180/73/73 137/218/218 179/219/219
f 179/219/219 137/218/218 138/220/220
f 179/219/219 138/220/220 178/221/221
f 178/221/221 138/220/220 47/196/196
f 178/221/221 47/196/196 177/222/222
f 177/222/222 47/196/196 176/223/223
f 176/223/223 47/196/196 199/224/224
f 199/224/224 47/196/196 198/225/225
f 198/225/225 47/196/196 197/226/226
f 197/226/226 47/196/196 196/227/227
f 196/227/227 47/196/196 195/228/228
f 195/228/228 47/196/196 194/229/229
f 194/229/229 47/196/196 193/202/202
f 138/220/220 139/230/230 47/196/196
f 47/196/196 139/230/230 140/197/197
f 142/199/199 143/231/231 46/160/160
f 46/160/160 143/231/231 144/232/232
f 46/160/160 144/232/232 145/158/158
f 155/121/121 156/233/233 49/119/119
f 49/119/119 156/233/233 157/234/234
f 49/119/119 157/234/234 158/148/148
f 217/66/66 184/68/68 216/235/235
f 216/235/235 184/68/68 185/236/236
f 216/235/235 185/236/236 215/237/237
f 215/237/237 185/236/236 186/238/238
f 215/237/237 186/238/238 214/239/239
f 214/239/239 186/238/238 187/240/240
f 214/239/239 187/240/240 213/241/241
f 213/241/241 187/240/240 188/242/242
f 213/241/241 188/242/242 212/243/243
f 212/243/243 188/242/242 189/244/244
f 212/243/243 189/244/244 211/245/245
f 211/245/245 189/244/244 190/246/246
f 211/245/245 190/246/246 210/247/247
f 210/247/247 190/246/246 191/248/248
f 210/247/247 191/248/248 209/205/205
f 209/205/205 191/248/248 192/203/203
f 203/50/50 204/249/249 21/48/48
f 21/48/48 204/249/249 205/250/250
f 21/48/48 205/250/250 206/200/200
f 67/251/251 66/252/252 224/253/253
f 224/253/253 66/252/252 225/254/254
f 66/255/255 65/256/256 225/257/257
f 225/257/257 65/256/256 226/258/258
f 50/259/259 49/260/260 227/261/261
f 227/261/261 49/260/260 228/262/262
f 51/263/263 50/264/264 229/265/265
f 229/265/265 50/264/264 227/266/266
f 78/267/267 77/268/268 230/269/269
f 230/269/269 77/268/268 231/270/270
f 79/271/271 78/272/272 232/273/273
f 232/273/273 78/272/272 230/274/274
f 70/275/275 69/276/276 233/277/277
f 233/277/277 69/276/276 234/278/278
f 71/279/279 70/280/280 235/281/281
f 235/281/281 70/280/280 233/282/282
f 54/283/283 53/284/284 236/285/285
f 236/285/285 53/284/284 237/286/286
f 55/287/287 54/288/288 238/289/289
f 238/289/289 54/288/288 236/290/290
f 58/291/291 57/292/292 239/293/293
f 239/293/293 57/292/292 240/294/294
f 59/295/295 58/296/296 241/297/297
f 241/297/297 58/296/296 239/298/298
f 74/299/299 73/300/300 242/301/301
f 242/301/301 73/300/300 243/302/302
f 75/303/303 74/304/304 244/305/305
f 244/305/305 74/304/304 242/306/306
f 62/307/307 61/308/308 245/309/309
f 245/309/309 61/308/308 246/310/310
f 63/311/311 62/312/312 247/313/313
f 247/313/313 62/312/312 245/314/314
f 77/315/315 76/316/316 231/317/317
f 231/317/317 76/316/316 248/318/318
f 76/319/319 79/320/320 248/321/321
f 248/321/321 79/320/320 232/322/322
f 73/323/323 72/324/324 243/325/325
f 243/325/325 72/324/324 249/326/326
f 72/327/327 75/328/328 249/329/329
f 249/329/329 75/328/328 244/330/330
f 69/331/331 68/332/332 234/333/333
f 234/333/333 68/332/332 250/334/334
f 68/335/335 71/336/336 250/337/337
f 250/337/337 71/336/336 235/338/338
f 65/339/339 64/340/340 226/341/341
f 226/341/341 64/340/340 251/342/342
f 64/343/343 67/344/344 251/345/345
f 251/345/345 67/344/344 224/346/346
f 61/347/347 60/348/348 246/349/349
f 246/349/349 60/348/348 252/350/350
f 60/351/351 63/352/352 252/353/353
f 252/353/353 63/352/352 247/354/354
f 57/355/355 56/356/356 240/357/357
f 240/357/357 56/356/356 253/358/358
f 56/359/359 59/360/360 253/361/361
f 253/361/361 59/360/360 241/362/362
f 53/363/363 52/364/364 237/365/365
f 237/365/365 52/364/364 254/366/366
f 52/367/367 55/368/368 254/369/369
f 254/369/369 55/368/368 238/370/370
f 49/371/371 48/372/372 228/373/373
f 228/373/373 48/372/372 255/374/374
f 48/375/375 51/376/376 255/377/377
f 255/377/377 51/376/376 229/378/378
f 257/379/379 105/380/380 256/381/381
f 256/381/381 105/380/380 104/382/382
f 256/383/381 104/384/382 279/385/383
f 279/385/383 104/384/382 127/386/384
f 279/385/383 127/386/384 278/387/385
f 278/387/385 127/386/384 126/388/386
f 278/387/385 126/388/386 277/389/387
f 277/389/387 126/388/386 125/390/388
f 277/389/387 125/390/388 276/391/389
f 276/391/389 125/390/388 124/392/390
f 276/391/389 124/392/390 275/393/391
f 275/393/391 124/392/390 123/394/392
f 275/393/391 123/394/392 274/395/393
f 274/395/393 123/394/392 122/396/394
f 274/395/393 122/396/394 273/397/395
f 273/397/395 122/396/394 121/398/396
f 273/397/395 121/398/396 272/399/397
f 272/399/397 121/398/396 120/400/398
f 272/399/397 120/400/398 271/401/399
f 271/401/399 120/400/398 119/402/400
f 271/401/399 119/402/400 270/403/401
f 270/403/401 119/402/400 118/404/402
f 270/403/401 118/404/402 269/405/403
f 269/405/403 118/404/402 117/406/404
f 269/405/403 117/406/404 268/407/405
f 268/407/405 117/406/404 116/408/406
f 268/407/405 116/408/406 267/409/407
f 267/409/407 116/408/406 115/410/408
f 267/409/407 115/410/408 266/411/409
f 266/411/409 115/410/408 114/412/410
f 266/411/409 114/412/410 265/413/411
f 265/413/411 114/412/410 113/414/412
f 265/413/411 113/414/412 264/415/413
f 264/415/413 113/414/412 112/416/414
f 264/415/413 112/416/414 263/417/415
f 263/417/415 112/416/414 111/418/416
f 263/417/415 111/418/416 262/419/417
f 262/419/417 111/418/416 110/420/418
f 262/419/417 110/420/418 261/421/419
f 261/421/419 110/420/418 109/422/420
f 261/421/419 109/422/420 260/423/421
f 260/423/421 109/422/420 108/424/422
f 260/423/421 108/424/422 259/425/423
f 259/425/423 108/424/422 107/426/424
f 259/425/423 107/426/424 258/427/425
f 258/427/425 107/426/424 106/428/426
f 258/427/425 106/428/426 257/379/379
f 257/379/379 106/428/426 105/380/380
f 281/429/427 129/430/428 280/431/429
f 280/431/429 129/430/428 128/432/430
f 280/433/429 128/434/430 303/435/431
f 303/435/431 128/434/430 151/436/432
f 303/435/431 151/436/432 302/437/433
f 302/437/433 151/436/432 150/438/434
f 302/437/433 150/438/434 301/439/435
f 301/439/435 150/438/434 149/440/436
f 301/439/435 149/440/436 300/441/437
f 300/441/437 149/440/436 148/442/438
f 300/441/437 148/442/438 299/443/439
f 299/443/439 148/442/438 147/444/440
f 299/443/439 147/444/440 298/445/441
f 298/445/441 147/444/440 146/446/442
f 298/445/441 146/446/442 297/447/443
f 297/447/443 146/446/442 145/448/444
f 297/447/443 145/448/444 296/449/445
f 296/449/445 145/448/444 144/450/446
f 296/449/445 144/450/446 295/451/447
f 295/451/447 144/450/446 143/452/448
f 295/451/447 143/452/448 294/453/449
f 294/453/449 143/452/448 142/454/450
f 294/453/449 142/454/450 293/455/451
f 293/455/451 142/454/450 141/456/452
f 293/455/451 141/456/452 292/457/453
f 292/457/453 141/456/452 140/458/454
f 292/457/453 140/458/454 291/459/455
f 291/459/455 140/458/454 139/460/456
f 291/459/455 139/460/456 290/461/457
f 290/461/457 139/460/456 138/462/458
f 290/461/457 138/462/458 289/463/459
f 289/463/459 138/462/458 137/464/460
f 289/463/459 137/464/460 288/465/461
f 288/465/461 137/464/460 136/466/462
f 288/465/461 136/466/462 287/467/463
f 287/467/463 136/466/462 135/468/464
f 287/467/463 135/468/464 286/469/465
f 286/469/465 135/468/464 134/470/466
f 286/469/465 134/470/466 285/471/467
f 285/471/467 134/470/466 133/472/468
f 285/471/467 133/472/468 284/473/469
f 284/473/469 133/472/468 132/474/470
f 284/473/469 132/474/470 283/475/471
f 283/475/471 132/474/470 131/476/472
f 283/475/471 131/476/472 282/477/473
f 282/477/473 131/476/472 130/478/474
f 282/477/473 130/478/474 281/429/427
f 281/429/427 130/478/474 129/430/428
f 103/479/475 327/480/476 80/481/477
f 80/481/477 327/480/476 304/482/478
f 80/483/477 304/484/478 81/485/479
f 81/485/479 304/484/478 305/486/480
f 81/485/479 305/486/480 82/487/481
f 82/487/481 305/486/480 306/488/482
f 82/487/481 306/488/482 83/489/483
f 83/489/483 306/488/482 307/490/484
f 83/489/483 307/490/484 84/491/485
f 84/491/485 307/490/484 308/492/486
f 84/491/485 308/492/486 85/493/487
f 85/493/487 308/492/486 309/494/488
f 85/493/487 309/494/488 86/495/489
f 86/495/489 309/494/488 310/496/490
f 86/495/489 310/496/490 87/497/491
f 87/497/491 310/496/490 311/498/492
f 87/497/491 311/498/492 88/499/493
f 88/499/493 311/498/492 312/500/494
f 88/499/493 312/500/494 89/501/495
f 89/501/495 312/500/494 313/502/496
f 89/501/495 313/502/496 90/503/497
f 90/503/497 313/502/496 314/504/498
f 90/503/497 314/504/498 91/505/499
f 91/505/499 314/504/498 315/506/500
f 91/505/499 315/506/500 92/507/501
f 92/507/501 315/506/500 316/508/502
f 92/507/501 316/508/502 93/509/503
f 93/509/503 316/508/502 317/510/504
f 93/509/503 317/510/504 94/511/505
f 94/511/505 317/510/504 318/512/506
f 94/511/505 318/512/506 95/513/507
f 95/513/507 318/512/506 319/514/508
f 95/513/507 319/514/508 96/515/509
f 96/515/509 319/514/508 320/516/510
f 96/515/509 320/516/510 97/517/511
f 97/517/511 320/516/510 321/518/512
f 97/517/511 321/518/512 98/519/513
f 98/519/513 321/518/512 322/520/514
f 98/519/513 322/520/514 99/521/515
f 99/521/515 322/520/514 323/522/516
f 99/521/515 323/522/516 100/523/517
f 100/523/517 323/522/516 324/524/518
f 100/523/517 324/524/518 101/525/519
f 101/525/519 324/524/518 325/526/520
f 101/525/519 325/526/520 102/527/521
f 102/527/521 325/526/520 326/528/522
f 102/527/521 326/528/522 103/479/475
f 103/479/475 326/528/522 327/480/476
f 328/529/523 35/530/524 338/531/525
f 338/531/525 35/530/524 34/532/526
f 338/531/525 34/532/526 337/533/527
f 337/533/527 34/532/526 33/534/528
f 337/533/527 33/534/528 336/535/529
f 336/535/529 33/534/528 32/536/530
f 336/535/529 32/536/530 335/537/531
f 335/537/531 32/536/530 31/538/532
f 335/537/531 31/538/532 334/539/533
f 334/539/533 31/538/532 30/540/534
f 334/539/533 30/540/534 333/541/535
f 333/541/535 30/540/534 29/542/536
f 333/541/535 29/542/536 332/543/537
f 332/543/537 29/542/536 28/544/538
f 332/543/537 28/544/538 331/545/539
f 331/545/539 28/544/538 27/546/540
f 331/545/539 27/546/540 330/547/541
f 330/547/541 27/546/540 26/548/542
f 330/547/541 26/548/542 329/549/543
f 329/549/543 26/548/542 25/550/544
f 342/551/545 39/552/546 341/553/547
f 341/553/547 39/552/546 38/554/548
f 341/553/547 38/554/548 340/555/549
f 340/555/549 38/554/548 37/556/550
f 340/555/549 37/556/550 339/557/551
f 339/557/551 37/556/550 36/558/552
f 339/557/551 36/558/552 328/559/523
f 328/559/523 36/558/552 35/560/524
f 344/561/553 292/562/554 343/563/555
f 343/563/555 292/562/554 291/564/556
f 343/563/555 291/564/556 290/565/557
f 345/566/558 305/567/559 344/561/553
f 344/561/553 305/567/559 304/568/560
f 344/561/553 304/568/560 327/569/561
f 346/570/562 307/571/563 345/566/558
f 345/566/558 307/571/563 306/572/564
f 345/566/558 306/572/564 305/567/559
f 347/573/565 309/574/566 346/570/562
f 346/570/562 309/574/566 308/575/567
f 346/570/562 308/575/567 307/571/563
f 309/574/566 347/573/565 310/576/568
f 310/576/568 347/573/565 348/577/569
f 310/576/568 348/577/569 350/578/570
f 350/578/570 348/577/569 349/579/571
f 310/576/568 350/578/570 311/580/572
f 311/580/572 350/578/570 342/581/573
f 311/580/572 342/581/573 312/582/574
f 312/582/574 342/581/573 313/583/575
f 313/583/575 342/581/573 340/584/576
f 313/583/575 340/584/576 339/585/577
f 342/581/573 341/586/578 340/584/576
f 339/585/577 328/587/579 313/583/575
f 313/583/575 328/587/579 314/588/580
f 314/588/580 328/587/579 315/589/581
f 315/589/581 328/587/579 316/590/582
f 316/590/582 328/587/579 338/591/583
f 316/590/582 338/591/583 317/592/584
f 317/592/584 338/591/583 318/593/585
f 318/593/585 338/591/583 319/594/586
f 319/594/586 338/591/583 320/595/587
f 320/595/587 338/591/583 337/596/588
f 320/595/587 337/596/588 321/597/589
f 321/597/589 337/596/588 336/598/590
f 321/597/589 336/598/590 322/599/591
f 322/599/591 336/598/590 298/600/592
f 322/599/591 298/600/592 297/601/593
f 336/598/590 335/602/594 298/600/592
f 298/600/592 335/602/594 274/603/595
f 298/600/592 274/603/595 273/604/596
f 335/602/594 334/605/597 274/603/595
f 274/603/595 334/605/597 333/606/598
f 274/603/595 333/606/598 275/607/599
f 275/607/599 333/606/598 332/608/600
f 275/607/599 332/608/600 276/609/601
f 276/609/601 332/608/600 331/610/602
f 276/609/601 331/610/602 277/611/603
f 277/611/603 331/610/602 278/612/604
f 278/612/604 331/610/602 330/613/605
f 278/612/604 330/613/605 279/614/606
f 279/614/606 330/613/605 256/615/607
f 256/615/607 330/613/605 257/616/608
f 257/616/608 330/613/605 329/617/609
f 257/616/608 329/617/609 258/618/610
f 258/618/610 329/617/609 259/619/611
f 259/619/611 329/617/609 243/620/612
f 259/619/611 243/620/612 260/621/613
f 260/621/613 243/620/612 249/622/614
f 260/621/613 249/622/614 261/623/615
f 261/623/615 249/622/614 251/624/616
f 261/623/615 251/624/616 262/625/617
f 262/625/617 251/624/616 224/626/618
f 262/625/617 224/626/618 286/627/619
f 286/627/619 224/626/618 287/628/620
f 287/628/620 224/626/618 288/629/621
f 288/629/621 224/626/618 373/630/622
f 288/629/621 373/630/622 289/631/623
f 289/631/623 373/630/622 374/632/624
f 289/631/623 374/632/624 290/565/557
f 290/565/557 374/632/624 375/633/625
f 290/565/557 375/633/625 343/563/555
f 343/563/555 375/633/625 376/634/626
f 343/563/555 376/634/626 353/635/627
f 351/636/628 408/637/629 329/617/609
f 329/617/609 408/637/629 409/638/630
f 329/617/609 409/638/630 410/639/631
f 352/640/632 228/641/633 351/636/628
f 351/636/628 228/641/633 422/642/634
f 351/636/628 422/642/634 423/643/635
f 343/563/555 395/644/636 352/640/632
f 352/640/632 395/644/636 396/645/637
f 352/640/632 396/645/637 397/646/638
f 237/647/639 229/648/640 236/649/641
f 236/649/641 229/648/640 352/640/632
f 236/649/641 352/640/632 238/650/642
f 238/650/642 352/640/632 247/651/643
f 238/650/642 247/651/643 245/652/644
f 254/653/645 418/654/646 237/647/639
f 237/647/639 418/654/646 419/655/647
f 237/647/639 419/655/647 255/656/648
f 255/656/648 419/655/647 228/641/633
f 228/641/633 419/655/647 420/657/649
f 228/641/633 420/657/649 421/658/650
f 238/650/642 245/652/644 254/653/645
f 254/653/645 245/652/644 417/659/651
f 254/653/645 417/659/651 418/654/646
f 240/660/652 252/661/653 239/662/654
f 239/662/654 252/661/653 352/640/632
f 239/662/654 352/640/632 397/646/638
f 253/663/655 329/617/609 240/660/652
f 240/660/652 329/617/609 412/664/656
f 240/660/652 412/664/656 413/665/657
f 329/617/609 253/663/655 248/666/658
f 248/666/658 253/663/655 241/667/659
f 248/666/658 241/667/659 231/668/660
f 231/668/660 241/667/659 398/669/661
f 231/668/660 398/669/661 399/670/662
f 398/669/661 241/667/659 397/646/638
f 397/646/638 241/667/659 239/662/654
f 234/671/663 381/672/664 233/673/665
f 233/673/665 381/672/664 382/674/666
f 233/673/665 382/674/666 242/675/667
f 242/675/667 382/674/666 383/676/668
f 242/675/667 383/676/668 244/677/669
f 244/677/669 383/676/668 384/678/670
f 244/677/669 384/678/670 226/679/671
f 226/679/671 384/678/670 369/680/672
f 226/679/671 369/680/672 370/681/673
f 250/682/674 230/683/675 234/671/663
f 234/671/663 230/683/675 379/684/676
f 234/671/663 379/684/676 380/685/677
f 235/686/678 329/617/609 250/682/674
f 250/682/674 329/617/609 232/687/679
f 250/682/674 232/687/679 230/683/675
f 329/617/609 235/686/678 243/620/612
f 243/620/612 235/686/678 233/673/665
f 243/620/612 233/673/665 242/675/667
f 224/626/618 225/688/680 373/630/622
f 373/630/622 225/688/680 372/689/681
f 372/689/681 225/688/680 371/690/682
f 371/690/682 225/688/680 370/681/673
f 370/681/673 225/688/680 226/679/671
f 226/679/671 251/624/616 244/677/669
f 244/677/669 251/624/616 249/622/614
f 231/668/660 400/691/683 230/683/675
f 230/683/675 400/691/683 377/692/684
f 230/683/675 377/692/684 378/693/685
f 248/666/658 232/687/679 329/617/609
f 246/694/686 415/695/687 245/652/644
f 245/652/644 415/695/687 416/696/688
f 245/652/644 416/696/688 417/659/651
f 252/661/653 240/660/652 246/694/686
f 246/694/686 240/660/652 413/665/657
f 246/694/686 413/665/657 414/697/689
f 252/661/653 247/651/643 352/640/632
f 229/648/640 227/698/690 352/640/632
f 352/640/632 227/698/690 228/641/633
f 255/656/648 229/648/640 237/647/639
f 353/635/627 354/699/691 343/563/555
f 343/563/555 354/699/691 355/700/692
f 343/563/555 355/700/692 356/701/693
f 356/701/693 357/702/694 343/563/555
f 343/563/555 357/702/694 358/703/695
f 343/563/555 358/703/695 359/704/696
f 359/704/696 360/705/697 343/563/555
f 343/563/555 360/705/697 394/706/698
f 343/563/555 394/706/698 395/644/636
f 360/705/697 361/707/699 394/706/698
f 394/706/698 361/707/699 393/708/700
f 393/708/700 361/707/699 392/709/701
f 392/709/701 361/707/699 362/710/702
f 392/709/701 362/710/702 391/711/703
f 391/711/703 362/710/702 363/712/704
f 391/711/703 363/712/704 390/713/705
f 390/713/705 363/712/704 364/714/706
f 390/713/705 364/714/706 389/715/707
f 389/715/707 364/714/706 365/716/708
f 389/715/707 365/716/708 388/717/709
f 388/717/709 365/716/708 366/718/710
f 388/717/709 366/718/710 387/719/711
f 387/719/711 366/718/710 367/720/712
f 387/719/711 367/720/712 386/721/713
f 386/721/713 367/720/712 368/722/714
f 386/721/713 368/722/714 385/723/715
f 385/723/715 368/722/714 369/680/672
f 385/723/715 369/680/672 384/678/670
f 327/569/561 326/724/716 344/561/553
f 344/561/553 326/724/716 325/725/717
f 344/561/553 325/725/717 324/726/718
f 324/726/718 323/727/719 344/561/553
f 344/561/553 323/727/719 297/601/593
f 344/561/553 297/601/593 296/728/720
f 323/727/719 322/599/591 297/601/593
f 303/729/721 268/730/722 280/731/723
f 280/731/723 268/730/722 267/732/724
f 280/731/723 267/732/724 281/733/725
f 281/733/725 267/732/724 266/734/726
f 281/733/725 266/734/726 282/735/727
f 282/735/727 266/734/726 265/736/728
f 282/735/727 265/736/728 283/737/729
f 283/737/729 265/736/728 264/738/730
f 283/737/729 264/738/730 284/739/731
f 284/739/731 264/738/730 263/740/732
f 284/739/731 263/740/732 285/741/733
f 285/741/733 263/740/732 262/625/617
f 285/741/733 262/625/617 286/627/619
f 268/730/722 303/729/721 269/742/734
f 269/742/734 303/729/721 302/743/735
f 269/742/734 302/743/735 270/744/736
f 270/744/736 302/743/735 301/745/737
f 270/744/736 301/745/737 271/746/738
f 271/746/738 301/745/737 300/747/739
f 271/746/738 300/747/739 272/748/740
f 272/748/740 300/747/739 299/749/741
f 272/748/740 299/749/741 273/604/596
f 273/604/596 299/749/741 298/600/592
f 296/728/720 295/750/742 344/561/553
f 344/561/553 295/750/742 294/751/743
f 344/561/553 294/751/743 293/752/744
f 293/752/744 292/562/554 344/561/553
f 378/693/685 379/684/676 230/683/675
f 380/685/677 381/672/664 234/671/663
f 399/670/662 400/691/683 231/668/660
f 424/753/745 401/754/746 351/636/628
f 351/636/628 401/754/746 402/755/747
f 351/636/628 402/755/747 403/756/748
f 403/756/748 404/757/749 351/636/628
f 351/636/628 404/757/749 405/758/750
f 351/636/628 405/758/750 406/759/751
f 406/759/751 407/760/752 351/636/628
f 351/636/628 407/760/752 408/637/629
f 410/639/631 411/761/753 329/617/609
f 329/617/609 411/761/753 412/664/656
f 414/697/689 415/695/687 246/694/686
f 421/658/650 422/642/634 228/641/633
f 423/643/635 424/753/745 351/636/628
f 40/762/754 39/763/546 350/764/755
f 350/764/755 39/763/546 342/765/545
f 344/766/756 46/767/757 345/768/758
f 345/768/758 46/767/757 45/769/759
f 345/768/758 45/769/759 346/770/760
f 346/770/760 45/769/759 44/771/761
f 346/770/760 44/771/761 347/772/762
f 347/772/762 44/771/761 43/773/763
f 347/772/762 43/773/763 348/774/764
f 348/774/764 43/773/763 42/775/765
f 348/774/764 42/775/765 349/776/766
f 349/776/766 42/775/765 41/777/767
f 349/776/766 41/777/767 350/778/755
f 350/778/755 41/777/767 40/779/754
f 425/780/768 1/781/769 21/782/770
f 21/782/770 1/781/769 12/783/771
f 21/782/770 12/783/771 11/784/772
f 6/785/773 17/786/774 1/781/769
f 1/781/769 17/786/774 13/787/775
f 1/781/769 13/787/775 12/783/771
f 426/788/776 22/789/777 2/790/778
f 2/790/778 22/789/777 9/791/779
f 2/790/778 9/791/779 20/792/780
f 22/789/777 10/793/781 9/791/779
f 20/792/780 3/794/782 2/790/778
f 425/795/783 426/796/784 1/797/785
f 1/797/785 426/796/784 2/798/786
f 424/799/787 153/800/788 401/801/789
f 401/801/789 153/800/788 152/802/790
f 401/803/789 152/804/790 402/805/791
f 402/805/791 152/804/790 175/806/792
f 402/805/791 175/806/792 403/807/793
f 403/807/793 175/806/792 174/808/794
f 403/807/793 174/808/794 404/809/795
f 404/809/795 174/808/794 173/810/796
f 404/809/795 173/810/796 405/811/797
f 405/811/797 173/810/796 172/812/798
f 405/811/797 172/812/798 406/813/799
f 406/813/799 172/812/798 171/814/800
f 406/813/799 171/814/800 407/815/801
f 407/815/801 171/814/800 170/816/802
f 407/815/801 170/816/802 408/817/803
f 408/817/803 170/816/802 169/818/804
f 408/817/803 169/818/804 409/819/805
f 409/819/805 169/818/804 168/820/806
f 409/819/805 168/820/806 410/821/807
f 410/821/807 168/820/806 167/822/808
f 410/821/807 167/822/808 411/823/809
f 411/823/809 167/822/808 166/824/810
f 411/823/809 166/824/810 412/825/811
f 412/825/811 166/824/810 165/826/812
f 412/825/811 165/826/812 413/827/813
f 413/827/813 165/826/812 164/828/814
f 413/827/813 164/828/814 414/829/815
f 414/829/815 164/828/814 163/830/816
f 414/829/815 163/830/816 415/831/817
f 415/831/817 163/830/816 162/832/818
f 415/831/817 162/832/818 416/833/819
f 416/833/819 162/832/818 161/834/820
f 416/833/819 161/834/820 417/835/821
f 417/835/821 161/834/820 160/836/822
f 417/835/821 160/836/822 418/837/823
f 418/837/823 160/836/822 159/838/824
f 418/837/823 159/838/824 419/839/825
f 419/839/825 159/838/824 158/840/826
f 419/839/825 158/840/826 420/841/827
f 420/841/827 158/840/826 157/842/828
f 420/841/827 157/842/828 421/843/829
f 421/843/829 157/842/828 156/844/830
f 421/843/829 156/844/830 422/845/831
f 422/845/831 156/844/830 155/846/832
f 422/845/831 155/846/832 423/847/833
f 423/847/833 155/846/832 154/848/834
f 423/847/833 154/848/834 424/799/787
f 424/799/787 154/848/834 153/800/788
f 400/849/835 201/850/836 377/851/837
f 377/851/837 201/850/836 200/852/838
f 377/853/837 200/854/838 378/855/839
f 378/855/839 200/854/838 223/856/840
f 378/855/839 223/856/840 379/857/841
f 379/857/841 223/856/840 222/858/842
f 379/857/841 222/858/842 380/859/843
f 380/859/843 222/858/842 221/860/844
f 380/859/843 221/860/844 381/861/845
f 381/861/845 221/860/844 220/862/846
f 381/861/845 220/862/846 382/863/847
f 382/863/847 220/862/846 219/864/848
f 382/863/847 219/864/848 383/865/849
f 383/865/849 219/864/848 218/866/850
f 383/865/849 218/866/850 384/867/851
f 384/867/851 218/866/850 217/868/852
f 384/867/851 217/868/852 385/869/853
f 385/869/853 217/868/852 216/870/854
f 385/869/853 216/870/854 386/871/855
f 386/871/855 216/870/854 215/872/856
f 386/871/855 215/872/856 387/873/857
f 387/873/857 215/872/856 214/874/858
f 387/873/857 214/874/858 388/875/859
f 388/875/859 214/874/858 213/876/860
f 388/875/859 213/876/860 389/877/861
f 389/877/861 213/876/860 212/878/862
f 389/877/861 212/878/862 390/879/863
f 390/879/863 212/878/862 211/880/864
f 390/879/863 211/880/864 391/881/865
f 391/881/865 211/880/864 210/882/866
f 391/881/865 210/882/866 392/883/867
f 392/883/867 210/882/866 209/884/868
f 392/883/867 209/884/868 393/885/869
f 393/885/869 209/884/868 208/886/870
f 393/885/869 208/886/870 394/887/871
f 394/887/871 208/886/870 207/888/872
f 394/887/871 207/888/872 395/889/873
f 395/889/873 207/888/872 206/890/874
f 395/889/873 206/890/874 396/891/875
f 396/891/875 206/890/874 205/892/876
f 396/891/875 205/892/876 397/893/877
f 397/893/877 205/892/876 204/894/878
f 397/893/877 204/894/878 398/895/879
f 398/895/879 204/894/878 203/896/880
f 398/895/879 203/896/880 399/897/881
f 399/897/881 203/896/880 202/898/882
f 399/897/881 202/898/882 400/849/835
f 400/849/835 202/898/882 201/850/836
f 376/899/883 177/900/884 353/901/885
f 353/901/885 177/900/884 176/902/886
f 353/903/885 176/904/886 354/905/887
f 354/905/887 176/904/886 199/906/888
f 354/905/887 199/906/888 355/907/889
f 355/907/889 199/906/888 198/908/890
f 355/907/889 198/908/890 356/909/891
f 356/909/891 198/908/890 197/910/892
f 356/909/891 197/910/892 357/911/893
f 357/911/893 197/910/892 196/912/894
f 357/911/893 196/912/894 358/913/895
f 358/913/895 196/912/894 195/914/896
f 358/913/895 195/914/896 359/915/897
f 359/915/897 195/914/896 194/916/898
f 359/915/897 194/916/898 360/917/899
f 360/917/899 194/916/898 193/918/900
f 360/917/899 193/918/900 361/919/901
f 361/919/901 193/918/900 192/920/902
f 361/919/901 192/920/902 362/921/903
f 362/921/903 192/920/902 191/922/904
f 362/921/903 191/922/904 363/923/905
f 363/923/905 191/922/904 190/924/906
f 363/923/905 190/924/906 364/925/907
f 364/925/907 190/924/906 189/926/908
f 364/925/907 189/926/908 365/927/909
f 365/927/909 189/926/908 188/928/910
f 365/927/909 188/928/910 366/929/911
f 366/929/911 188/928/910 187/930/912
f 366/929/911 187/930/912 367/931/913
f 367/931/913 187/930/912 186/932/914
f 367/931/913 186/932/914 368/933/915
f 368/933/915 186/932/914 185/934/916
f 368/933/915 185/934/916 369/935/917
f 369/935/917 185/934/916 184/936/918
f 369/935/917 184/936/918 370/937/919
f 370/937/919 184/936/918 183/938/920
f 370/937/919 183/938/920 371/939/921
f 371/939/921 183/938/920 182/940/922
f 371/939/921 182/940/922 372/941/923
f 372/941/923 182/940/922 181/942/924
f 372/941/923 181/942/924 373/943/925
f 373/943/925 181/942/924 180/944/926
f 373/943/925 180/944/926 374/945/927
f 374/945/927 180/944/926 179/946/928
f 374/945/927 179/946/928 375/947/929
f 375/947/929 179/946/928 178/948/930
f 375/947/929 178/948/930 376/899/883
f 376/899/883 178/948/930 177/900/884
f 23/949/931 352/950/932 24/951/933
f 24/951/933 352/950/932 351/952/934
f 24/953/935 351/954/936 25/955/544
f 25/955/544 351/954/936 329/956/543
f 21/957/937 47/958/938 425/959/939
f 425/959/939 47/958/938 343/960/940
f 425/959/939 343/960/940 352/961/941
f 425/959/939 352/961/941 426/962/942
f 426/962/942 352/961/941 23/963/943
f 426/962/942 23/963/943 22/964/944
f 46/965/757 344/966/756 47/967/945
f 47/967/945 344/966/756 343/968/946
# 426 vertices
# 968 texture params
# 946 normals
# 904 facets

# 1 groups
