# WaveFront *.obj file (generated by Autodesk ATF)

mtllib front-L.mtl

g front-L

v 168.500000 -7.000000 -7.100000
v 161.000000 -7.000000 -7.100000
v 161.000000 -18.500000 -7.100000
v 182.500000 -18.500000 -7.100000
v 182.500000 -17.000000 -7.100000
v 168.500000 -17.000000 -7.100000
v 166.000000 -17.000000 -12.600000
v 169.000000 -17.000000 -12.600000
v 169.000000 -4.000000 -12.600000
v 166.000000 -4.000000 -12.600000
v 169.000000 -17.000000 -22.100000
v 169.000000 -4.000000 -22.100000
v 166.000000 -4.000000 -22.100000
v 166.000000 -17.000000 -22.100000
v 162.500000 -1.500000 -8.600000
v 162.500000 -2.000000 -9.100000
v 161.000000 -2.000000 -9.100000
v 161.000000 -0.000000 -7.100000
v 168.500000 -0.000000 -7.100000
v 168.500000 -1.500000 -8.600000
v 162.500000 -2.000000 -22.100000
v 161.000000 -2.000000 -22.100000
v 162.500000 -17.000000 -8.600000
v 162.500000 -17.000000 -22.100000
v 161.000000 -18.500000 -22.100000
v 182.500000 -17.000000 -22.100000
v 182.500000 -18.500000 -22.100000
v 168.500000 -17.000000 -8.600000
v 168.500000 -4.000000 -7.100000
v 161.000000 -4.000000 -7.100000
v -1.200000 -4.000000 -7.100000
v -1.200000 49.200000 -7.100000
v -1.097777 49.976457 -7.100000
v -0.798076 50.700000 -7.100000
v -0.321320 51.321320 -7.100000
v 0.300000 51.798076 -7.100000
v 1.023543 52.097777 -7.100000
v 1.800000 52.200000 -7.100000
v 9.425397 52.200000 -7.100000
v 10.627213 52.109212 -7.100000
v 11.801751 51.838910 -7.100000
v 12.922353 51.395227 -7.100000
v 13.963586 50.788235 -7.100000
v 17.004154 48.826295 -7.100000
v 20.157463 47.051217 -7.100000
v 23.412044 45.469456 -7.100000
v 26.756059 44.086767 -7.100000
v 30.177344 42.908177 -7.100000
v 33.663456 41.937976 -7.100000
v 37.201713 41.179690 -7.100000
v 40.779248 40.636079 -7.100000
v 44.383046 40.309119 -7.100000
v 48.000000 40.200000 -7.100000
v 182.500000 40.200000 -7.100000
v 182.500000 -4.000000 -7.100000
v 174.500000 17.600000 -7.100000
v 168.500000 17.600000 -7.100000
v 168.500000 11.600000 -7.100000
v 174.500000 11.600000 -7.100000
v 152.500000 17.600000 -7.100000
v 146.500000 17.600000 -7.100000
v 146.500000 11.600000 -7.100000
v 152.500000 11.600000 -7.100000
v 108.500000 17.600000 -7.100000
v 102.500000 17.600000 -7.100000
v 102.500000 11.600000 -7.100000
v 108.500000 11.600000 -7.100000
v 124.500000 17.600000 -7.100000
v 124.500000 11.600000 -7.100000
v 130.500000 11.600000 -7.100000
v 130.500000 17.600000 -7.100000
v 20.500000 11.600000 -7.100000
v 20.500000 17.600000 -7.100000
v 14.500000 17.600000 -7.100000
v 14.500000 11.600000 -7.100000
v 64.500000 11.600000 -7.100000
v 64.500000 17.600000 -7.100000
v 58.500000 17.600000 -7.100000
v 58.500000 11.600000 -7.100000
v 42.500000 17.600000 -7.100000
v 36.500000 17.600000 -7.100000
v 36.500000 11.600000 -7.100000
v 42.500000 11.600000 -7.100000
v 86.500000 11.600000 -7.100000
v 86.500000 17.600000 -7.100000
v 80.500000 17.600000 -7.100000
v 80.500000 11.600000 -7.100000
v 1.750000 49.200000 -7.100000
v 1.792593 48.876476 -7.100000
v 1.917468 48.575000 -7.100000
v 2.116117 48.316117 -7.100000
v 2.375000 48.117468 -7.100000
v 2.676476 47.992593 -7.100000
v 3.000000 47.950000 -7.100000
v 3.323524 47.992593 -7.100000
v 3.625000 48.117468 -7.100000
v 3.883883 48.316117 -7.100000
v 4.082532 48.575000 -7.100000
v 4.207407 48.876476 -7.100000
v 4.250000 49.200000 -7.100000
v 4.207407 49.523524 -7.100000
v 4.082532 49.825000 -7.100000
v 3.883883 50.083883 -7.100000
v 3.625000 50.282532 -7.100000
v 3.323524 50.407407 -7.100000
v 3.000000 50.450000 -7.100000
v 2.676476 50.407407 -7.100000
v 2.375000 50.282532 -7.100000
v 2.116117 50.083883 -7.100000
v 1.917468 49.825000 -7.100000
v 1.792593 49.523524 -7.100000
v 14.925000 32.600000 -7.100000
v 14.886667 32.891171 -7.100000
v 14.774279 33.162500 -7.100000
v 14.595495 33.395495 -7.100000
v 14.362500 33.574279 -7.100000
v 14.091171 33.686667 -7.100000
v 13.800000 33.725000 -7.100000
v 13.508829 33.686667 -7.100000
v 13.237500 33.574279 -7.100000
v 13.004505 33.395495 -7.100000
v 12.825721 33.162500 -7.100000
v 12.713333 32.891171 -7.100000
v 12.675000 32.600000 -7.100000
v 12.713333 32.308829 -7.100000
v 12.825721 32.037500 -7.100000
v 13.004505 31.804505 -7.100000
v 13.237500 31.625721 -7.100000
v 13.508829 31.513333 -7.100000
v 13.800000 31.475000 -7.100000
v 14.091171 31.513333 -7.100000
v 14.362500 31.625721 -7.100000
v 14.595495 31.804505 -7.100000
v 14.774279 32.037500 -7.100000
v 14.886667 32.308829 -7.100000
v 4.925000 32.600000 -7.100000
v 4.886667 32.891171 -7.100000
v 4.774279 33.162500 -7.100000
v 4.595495 33.395495 -7.100000
v 4.362500 33.574279 -7.100000
v 4.091171 33.686667 -7.100000
v 3.800000 33.725000 -7.100000
v 3.508829 33.686667 -7.100000
v 3.237500 33.574279 -7.100000
v 3.004505 33.395495 -7.100000
v 2.825721 33.162500 -7.100000
v 2.713333 32.891171 -7.100000
v 2.675000 32.600000 -7.100000
v 2.713333 32.308829 -7.100000
v 2.825721 32.037500 -7.100000
v 3.004505 31.804505 -7.100000
v 3.237500 31.625721 -7.100000
v 3.508829 31.513333 -7.100000
v 3.800000 31.475000 -7.100000
v 4.091171 31.513333 -7.100000
v 4.362500 31.625721 -7.100000
v 4.595495 31.804505 -7.100000
v 4.774279 32.037500 -7.100000
v 4.886667 32.308829 -7.100000
v 1.750000 0.200000 -7.100000
v 1.792593 -0.123524 -7.100000
v 1.917468 -0.425000 -7.100000
v 2.116117 -0.683883 -7.100000
v 2.375000 -0.882532 -7.100000
v 2.676476 -1.007407 -7.100000
v 3.000000 -1.050000 -7.100000
v 3.323524 -1.007407 -7.100000
v 3.625000 -0.882532 -7.100000
v 3.883883 -0.683883 -7.100000
v 4.082532 -0.425000 -7.100000
v 4.207407 -0.123524 -7.100000
v 4.250000 0.200000 -7.100000
v 4.207407 0.523524 -7.100000
v 4.082532 0.825000 -7.100000
v 3.883883 1.083883 -7.100000
v 3.625000 1.282532 -7.100000
v 3.323524 1.407407 -7.100000
v 3.000000 1.450000 -7.100000
v 2.676476 1.407407 -7.100000
v 2.375000 1.282532 -7.100000
v 2.116117 1.083883 -7.100000
v 1.917468 0.825000 -7.100000
v 1.792593 0.523524 -7.100000
v 40.800000 0.000000 -7.100000
v 40.765926 0.258819 -7.100000
v 40.666025 0.500000 -7.100000
v 40.507107 0.707107 -7.100000
v 40.300000 0.866025 -7.100000
v 40.058819 0.965926 -7.100000
v 39.800000 1.000000 -7.100000
v 39.541181 0.965926 -7.100000
v 39.300000 0.866025 -7.100000
v 39.092893 0.707107 -7.100000
v 38.933975 0.500000 -7.100000
v 38.834074 0.258819 -7.100000
v 38.800000 0.000000 -7.100000
v 38.834074 -0.258819 -7.100000
v 38.933975 -0.500000 -7.100000
v 39.092893 -0.707107 -7.100000
v 39.300000 -0.866025 -7.100000
v 39.541181 -0.965926 -7.100000
v 39.800000 -1.000000 -7.100000
v 40.058819 -0.965926 -7.100000
v 40.300000 -0.866025 -7.100000
v 40.507107 -0.707107 -7.100000
v 40.666025 -0.500000 -7.100000
v 40.765926 -0.258819 -7.100000
v 171.500000 34.200000 -7.100000
v 171.465926 34.458819 -7.100000
v 171.366025 34.700000 -7.100000
v 171.207107 34.907107 -7.100000
v 171.000000 35.066025 -7.100000
v 170.758819 35.165926 -7.100000
v 170.500000 35.200000 -7.100000
v 170.241181 35.165926 -7.100000
v 170.000000 35.066025 -7.100000
v 169.792893 34.907107 -7.100000
v 169.633975 34.700000 -7.100000
v 169.534074 34.458819 -7.100000
v 169.500000 34.200000 -7.100000
v 169.534074 33.941181 -7.100000
v 169.633975 33.700000 -7.100000
v 169.792893 33.492893 -7.100000
v 170.000000 33.333975 -7.100000
v 170.241181 33.234074 -7.100000
v 170.500000 33.200000 -7.100000
v 170.758819 33.234074 -7.100000
v 171.000000 33.333975 -7.100000
v 171.207107 33.492893 -7.100000
v 171.366025 33.700000 -7.100000
v 171.465926 33.941181 -7.100000
v 14.500000 17.600000 -4.000000
v 14.500000 11.600000 -4.000000
v 20.500000 11.600000 -4.000000
v 174.500000 11.600000 -4.000000
v 174.500000 17.600000 -4.000000
v 168.500000 11.600000 -4.000000
v 80.500000 11.600000 -4.000000
v 86.500000 11.600000 -4.000000
v 80.500000 17.600000 -4.000000
v 58.500000 11.600000 -4.000000
v 64.500000 11.600000 -4.000000
v 58.500000 17.600000 -4.000000
v 152.500000 11.600000 -4.000000
v 152.500000 17.600000 -4.000000
v 146.500000 11.600000 -4.000000
v 108.500000 11.600000 -4.000000
v 108.500000 17.600000 -4.000000
v 102.500000 11.600000 -4.000000
v 42.500000 11.600000 -4.000000
v 42.500000 17.600000 -4.000000
v 36.500000 11.600000 -4.000000
v 130.500000 17.600000 -4.000000
v 124.500000 17.600000 -4.000000
v 130.500000 11.600000 -4.000000
v 86.500000 17.600000 -4.000000
v 36.500000 17.600000 -4.000000
v 64.500000 17.600000 -4.000000
v 20.500000 17.600000 -4.000000
v 124.500000 11.600000 -4.000000
v 102.500000 17.600000 -4.000000
v 146.500000 17.600000 -4.000000
v 168.500000 17.600000 -4.000000
v 14.925000 32.600000 -4.000000
v 14.886667 32.891171 -4.000000
v 14.774279 33.162500 -4.000000
v 14.595495 33.395495 -4.000000
v 14.362500 33.574279 -4.000000
v 14.091171 33.686667 -4.000000
v 13.800000 33.725000 -4.000000
v 13.508829 33.686667 -4.000000
v 13.237500 33.574279 -4.000000
v 13.004505 33.395495 -4.000000
v 12.825721 33.162500 -4.000000
v 12.713333 32.891171 -4.000000
v 12.675000 32.600000 -4.000000
v 12.713333 32.308829 -4.000000
v 12.825721 32.037500 -4.000000
v 13.004505 31.804505 -4.000000
v 13.237500 31.625721 -4.000000
v 13.508829 31.513333 -4.000000
v 13.800000 31.475000 -4.000000
v 14.091171 31.513333 -4.000000
v 14.362500 31.625721 -4.000000
v 14.595495 31.804505 -4.000000
v 14.774279 32.037500 -4.000000
v 14.886667 32.308829 -4.000000
v 4.925000 32.600000 -4.000000
v 4.886667 32.891171 -4.000000
v 4.774279 33.162500 -4.000000
v 4.595495 33.395495 -4.000000
v 4.362500 33.574279 -4.000000
v 4.091171 33.686667 -4.000000
v 3.800000 33.725000 -4.000000
v 3.508829 33.686667 -4.000000
v 3.237500 33.574279 -4.000000
v 3.004505 33.395495 -4.000000
v 2.825721 33.162500 -4.000000
v 2.713333 32.891171 -4.000000
v 2.675000 32.600000 -4.000000
v 2.713333 32.308829 -4.000000
v 2.825721 32.037500 -4.000000
v 3.004505 31.804505 -4.000000
v 3.237500 31.625721 -4.000000
v 3.508829 31.513333 -4.000000
v 3.800000 31.475000 -4.000000
v 4.091171 31.513333 -4.000000
v 4.362500 31.625721 -4.000000
v 4.595495 31.804505 -4.000000
v 4.774279 32.037500 -4.000000
v 4.886667 32.308829 -4.000000
v 1.750000 49.200000 -4.000000
v 1.792593 48.876476 -4.000000
v 1.917468 48.575000 -4.000000
v 2.116117 48.316117 -4.000000
v 2.375000 48.117468 -4.000000
v 2.676476 47.992593 -4.000000
v 3.000000 47.950000 -4.000000
v 3.323524 47.992593 -4.000000
v 3.625000 48.117468 -4.000000
v 3.883883 48.316117 -4.000000
v 4.082532 48.575000 -4.000000
v 4.207407 48.876476 -4.000000
v 4.250000 49.200000 -4.000000
v 4.207407 49.523524 -4.000000
v 4.082532 49.825000 -4.000000
v 3.883883 50.083883 -4.000000
v 3.625000 50.282532 -4.000000
v 3.323524 50.407407 -4.000000
v 3.000000 50.450000 -4.000000
v 2.676476 50.407407 -4.000000
v 2.375000 50.282532 -4.000000
v 2.116117 50.083883 -4.000000
v 1.917468 49.825000 -4.000000
v 1.792593 49.523524 -4.000000
v 13.963586 50.788235 -4.000000
v 17.004154 48.826295 -4.000000
v 20.157463 47.051217 -4.000000
v 23.412044 45.469456 -4.000000
v 26.756059 44.086767 -4.000000
v 30.177344 42.908177 -4.000000
v 33.663456 41.937976 -4.000000
v 37.201713 41.179690 -4.000000
v 40.779248 40.636079 -4.000000
v 44.383046 40.309119 -4.000000
v 48.000000 40.200000 -4.000000
v 9.425397 52.200000 -4.000000
v 10.627213 52.109212 -4.000000
v 11.801751 51.838910 -4.000000
v 12.922353 51.395227 -4.000000
v -1.200000 -4.000000 -4.000000
v 182.500000 -4.000000 -4.000000
v 182.500000 40.200000 -4.000000
v 1.800000 52.200000 -4.000000
v 1.023543 52.097777 -4.000000
v 0.300000 51.798076 -4.000000
v -0.321320 51.321320 -4.000000
v -0.798076 50.700000 -4.000000
v -1.097777 49.976457 -4.000000
v -1.200000 49.200000 -4.000000
v 1.750000 0.200000 -4.000000
v 1.792593 0.523524 -4.000000
v 1.917468 0.825000 -4.000000
v 2.116117 1.083883 -4.000000
v 2.375000 1.282532 -4.000000
v 2.676476 1.407407 -4.000000
v 3.000000 1.450000 -4.000000
v 3.323524 1.407407 -4.000000
v 3.625000 1.282532 -4.000000
v 3.883883 1.083883 -4.000000
v 4.082532 0.825000 -4.000000
v 4.207407 0.523524 -4.000000
v 4.250000 0.200000 -4.000000
v 4.207407 -0.123524 -4.000000
v 4.082532 -0.425000 -4.000000
v 3.883883 -0.683883 -4.000000
v 3.625000 -0.882532 -4.000000
v 3.323524 -1.007407 -4.000000
v 3.000000 -1.050000 -4.000000
v 2.676476 -1.007407 -4.000000
v 2.375000 -0.882532 -4.000000
v 2.116117 -0.683883 -4.000000
v 1.917468 -0.425000 -4.000000
v 1.792593 -0.123524 -4.000000
v 40.800000 0.000000 -4.000000
v 40.765926 -0.258819 -4.000000
v 40.666025 -0.500000 -4.000000
v 40.507107 -0.707107 -4.000000
v 40.300000 -0.866025 -4.000000
v 40.058819 -0.965926 -4.000000
v 39.800000 -1.000000 -4.000000
v 39.541181 -0.965926 -4.000000
v 39.300000 -0.866025 -4.000000
v 39.092893 -0.707107 -4.000000
v 38.933975 -0.500000 -4.000000
v 38.834074 -0.258819 -4.000000
v 38.800000 0.000000 -4.000000
v 38.834074 0.258819 -4.000000
v 38.933975 0.500000 -4.000000
v 39.092893 0.707107 -4.000000
v 39.300000 0.866025 -4.000000
v 39.541181 0.965926 -4.000000
v 39.800000 1.000000 -4.000000
v 40.058819 0.965926 -4.000000
v 40.300000 0.866025 -4.000000
v 40.507107 0.707107 -4.000000
v 40.666025 0.500000 -4.000000
v 40.765926 0.258819 -4.000000
v 171.500000 34.200000 -4.000000
v 171.465926 33.941181 -4.000000
v 171.366025 33.700000 -4.000000
v 171.207107 33.492893 -4.000000
v 171.000000 33.333975 -4.000000
v 170.758819 33.234074 -4.000000
v 170.500000 33.200000 -4.000000
v 170.241181 33.234074 -4.000000
v 170.000000 33.333975 -4.000000
v 169.792893 33.492893 -4.000000
v 169.633975 33.700000 -4.000000
v 169.534074 33.941181 -4.000000
v 169.500000 34.200000 -4.000000
v 169.534074 34.458819 -4.000000
v 169.633975 34.700000 -4.000000
v 169.792893 34.907107 -4.000000
v 170.000000 35.066025 -4.000000
v 170.241181 35.165926 -4.000000
v 170.500000 35.200000 -4.000000
v 170.758819 35.165926 -4.000000
v 171.000000 35.066025 -4.000000
v 171.207107 34.907107 -4.000000
v 171.366025 34.700000 -4.000000
v 171.465926 34.458819 -4.000000
v 161.000000 -4.000000 -4.100000
v 168.500000 -4.000000 -4.100000
vt -0.325000 0.425000 0.000000
vt -1.075000 0.425000 0.000000
vt -0.325000 -0.575000 0.000000
vt -1.075000 -0.725000 0.000000
vt 1.075000 -0.725000 0.000000
vt 1.075000 -0.575000 0.000000
vt -0.150000 -0.650000 0.000000
vt 0.150000 -0.650000 0.000000
vt -0.150000 0.650000 0.000000
vt 0.150000 0.650000 0.000000
vt 0.000000 0.550000 0.000000
vt 1.300000 0.550000 0.000000
vt 0.000000 1.500000 0.000000
vt 1.300000 1.500000 0.000000
vt 0.000000 0.550000 0.000000
vt 0.300000 0.550000 0.000000
vt 0.000000 1.500000 0.000000
vt 0.300000 1.500000 0.000000
vt 0.000000 0.550000 0.000000
vt 1.300000 0.550000 0.000000
vt 0.000000 1.500000 0.000000
vt 1.300000 1.500000 0.000000
vt -8.200000 -0.141421 0.000000
vt -8.050000 -0.141421 0.000000
vt -8.200000 -0.070711 0.000000
vt -8.050000 0.141421 0.000000
vt -8.800000 0.141421 0.000000
vt -8.800000 -0.070711 0.000000
vt -0.200000 0.150000 0.000000
vt -1.500000 0.150000 0.000000
vt -0.200000 0.000000 0.000000
vt -1.500000 0.000000 0.000000
vt -0.250000 0.150000 0.000000
vt 1.300000 0.150000 0.000000
vt -0.200000 0.200000 0.000000
vt 1.300000 1.500000 0.000000
vt -0.200000 1.500000 0.000000
vt 1.075000 0.925000 0.000000
vt 0.925000 -0.575000 0.000000
vt 1.075000 -0.725000 0.000000
vt 0.575000 -0.575000 0.000000
vt 0.275000 -0.575000 0.000000
vt 0.275000 0.725000 0.000000
vt 0.575000 0.725000 0.000000
vt 0.925000 0.925000 0.000000
vt -1.075000 -0.575000 0.000000
vt -1.075000 -0.725000 0.000000
vt 0.325000 -0.575000 0.000000
vt 0.925000 -0.575000 0.000000
vt 0.325000 0.975000 0.000000
vt 0.925000 0.975000 0.000000
vt -0.000000 0.000000 0.000000
vt 2.150000 0.000000 0.000000
vt 0.000000 1.500000 0.000000
vt 2.150000 1.500000 0.000000
vt 0.000000 0.000000 0.000000
vt 0.150000 0.000000 0.000000
vt 0.000000 1.500000 0.000000
vt 0.150000 1.500000 0.000000
vt -0.250000 1.500000 0.000000
vt -0.600000 1.500000 0.000000
vt -0.250000 0.550000 0.000000
vt -0.600000 0.150000 0.000000
vt 0.000000 0.150000 0.000000
vt 0.000000 0.000000 0.000000
vt 1.400000 0.000000 0.000000
vt 0.050000 0.550000 0.000000
vt 1.400000 1.500000 0.000000
vt 0.050000 1.500000 0.000000
vt -16.850000 -0.200000 0.000000
vt -16.850000 0.200000 0.000000
vt -18.250000 -0.200000 0.000000
vt -17.450000 1.360000 0.000000
vt -17.450000 1.960000 0.000000
vt -16.850000 1.360000 0.000000
vt -16.100000 0.200000 0.000000
vt -15.250000 1.360000 0.000000
vt -14.650000 1.360000 0.000000
vt -13.050000 1.360000 0.000000
vt -14.650000 1.960000 0.000000
vt -13.050000 1.960000 0.000000
vt -17.000000 3.533397 0.000000
vt -16.979289 3.549289 0.000000
vt -16.963397 3.570000 0.000000
vt -12.450000 1.960000 0.000000
vt -16.953407 3.594118 0.000000
vt -16.950000 3.620000 0.000000
vt -10.850000 1.960000 0.000000
vt -16.953407 3.645882 0.000000
vt -4.800000 4.220000 0.000000
vt -16.963397 3.670000 0.000000
vt -16.979289 3.690711 0.000000
vt -17.000000 3.706603 0.000000
vt -17.024118 3.716593 0.000000
vt -18.250000 4.220000 0.000000
vt -17.050000 3.720000 0.000000
vt -17.075882 3.716593 0.000000
vt -17.100000 3.706603 0.000000
vt -17.120711 3.690711 0.000000
vt -17.136603 3.670000 0.000000
vt -17.146593 3.645882 0.000000
vt -17.150000 3.620000 0.000000
vt -17.146593 3.594118 0.000000
vt -17.136603 3.570000 0.000000
vt -17.120711 3.549289 0.000000
vt -17.100000 3.533397 0.000000
vt -17.075882 3.523407 0.000000
vt -17.050000 3.520000 0.000000
vt -16.850000 1.960000 0.000000
vt -15.250000 1.960000 0.000000
vt -16.100000 -0.200000 0.000000
vt -10.850000 1.360000 0.000000
vt -12.450000 1.360000 0.000000
vt 0.120000 -0.200000 0.000000
vt -3.980000 0.100000 0.000000
vt -4.005882 0.103407 0.000000
vt -4.030000 0.113397 0.000000
vt 0.120000 5.120000 0.000000
vt -0.267500 3.460000 0.000000
vt -0.271333 3.430883 0.000000
vt -0.282572 3.403750 0.000000
vt 0.109778 5.197646 0.000000
vt -0.179259 5.152352 0.000000
vt -0.175000 5.120000 0.000000
vt -0.179259 5.087648 0.000000
vt 0.079808 5.270000 0.000000
vt -0.211612 5.208388 0.000000
vt -0.191747 5.182500 0.000000
vt 0.032132 5.332132 0.000000
vt -0.267648 5.240741 0.000000
vt -0.237500 5.228253 0.000000
vt -0.300000 5.245000 0.000000
vt -0.030000 5.379808 0.000000
vt -0.180000 5.420000 0.000000
vt -0.102354 5.409778 0.000000
vt -0.332352 5.240741 0.000000
vt -0.942540 5.420000 0.000000
vt -0.362500 5.228253 0.000000
vt -0.388388 5.208388 0.000000
vt -1.180175 5.383891 0.000000
vt -1.292235 5.339523 0.000000
vt -1.062721 5.410921 0.000000
vt -1.396359 5.278824 0.000000
vt -0.408253 5.182500 0.000000
vt -0.420741 5.152352 0.000000
vt -0.425000 5.120000 0.000000
vt -1.700415 5.082630 0.000000
vt -0.420741 5.087648 0.000000
vt -0.408253 5.057500 0.000000
vt -0.388388 5.031612 0.000000
vt -0.362500 5.011747 0.000000
vt -2.015746 4.905122 0.000000
vt -0.332352 4.999259 0.000000
vt -2.341204 4.746946 0.000000
vt -0.300000 4.995000 0.000000
vt -0.380000 3.572500 0.000000
vt -0.350883 3.568667 0.000000
vt -2.675606 4.608677 0.000000
vt -1.380000 3.572500 0.000000
vt -0.409117 3.568667 0.000000
vt -1.350883 3.568667 0.000000
vt -0.436250 3.557428 0.000000
vt -1.323750 3.557428 0.000000
vt -0.459550 3.539550 0.000000
vt -1.300450 3.539550 0.000000
vt -0.477428 3.516250 0.000000
vt -1.282572 3.516250 0.000000
vt -0.488667 3.489117 0.000000
vt -1.271333 3.489117 0.000000
vt -0.492500 3.460000 0.000000
vt -1.267500 3.460000 0.000000
vt -0.488667 3.430883 0.000000
vt -1.271333 3.430883 0.000000
vt -0.477428 3.403750 0.000000
vt -1.282572 3.403750 0.000000
vt -0.459550 3.380450 0.000000
vt -1.300450 3.380450 0.000000
vt -0.436250 3.362572 0.000000
vt -1.323750 3.362572 0.000000
vt -0.409117 3.351333 0.000000
vt -1.350883 3.351333 0.000000
vt -0.380000 3.347500 0.000000
vt -1.380000 3.347500 0.000000
vt -1.450000 1.960000 0.000000
vt -2.050000 1.960000 0.000000
vt -1.409117 3.351333 0.000000
vt -3.650000 1.960000 0.000000
vt -1.436250 3.362572 0.000000
vt -4.250000 1.960000 0.000000
vt -1.459550 3.380450 0.000000
vt -1.477428 3.403750 0.000000
vt -1.488667 3.430883 0.000000
vt -3.017734 4.490818 0.000000
vt -3.366346 4.393798 0.000000
vt -1.409117 3.568667 0.000000
vt -3.720171 4.317969 0.000000
vt -1.436250 3.557428 0.000000
vt -4.077925 4.263608 0.000000
vt -1.459550 3.539550 0.000000
vt -1.477428 3.516250 0.000000
vt -4.438305 4.230912 0.000000
vt -1.488667 3.489117 0.000000
vt -1.492500 3.460000 0.000000
vt -17.024118 3.523407 0.000000
vt -10.250000 1.960000 0.000000
vt -8.650000 1.960000 0.000000
vt -8.050000 1.960000 0.000000
vt -8.650000 1.360000 0.000000
vt -10.250000 1.360000 0.000000
vt -4.050711 0.129289 0.000000
vt -2.050000 1.360000 0.000000
vt -3.650000 1.360000 0.000000
vt -3.954118 0.296593 0.000000
vt -3.980000 0.300000 0.000000
vt -4.250000 1.360000 0.000000
vt -4.005882 0.296593 0.000000
vt -5.850000 1.360000 0.000000
vt -4.030000 0.286603 0.000000
vt -6.450000 1.360000 0.000000
vt -4.050711 0.270711 0.000000
vt -4.066603 0.250000 0.000000
vt -8.050000 1.360000 0.000000
vt -4.076593 0.225882 0.000000
vt -4.080000 0.200000 0.000000
vt -4.076593 0.174118 0.000000
vt -4.066603 0.150000 0.000000
vt -1.450000 1.360000 0.000000
vt -0.237500 0.328253 0.000000
vt -0.323750 3.362572 0.000000
vt -0.350883 3.351333 0.000000
vt -0.332352 0.340741 0.000000
vt -0.300000 0.345000 0.000000
vt -0.267648 0.340741 0.000000
vt -6.450000 1.960000 0.000000
vt -5.850000 1.960000 0.000000
vt -0.191747 5.057500 0.000000
vt -0.211612 5.031612 0.000000
vt -0.237500 5.011747 0.000000
vt -0.267648 4.999259 0.000000
vt -0.323750 3.557428 0.000000
vt -0.300450 3.539550 0.000000
vt -0.282572 3.516250 0.000000
vt -0.271333 3.489117 0.000000
vt -0.300450 3.380450 0.000000
vt -0.211612 0.308388 0.000000
vt -0.191747 0.282500 0.000000
vt -0.179259 0.252352 0.000000
vt -0.175000 0.220000 0.000000
vt -0.179259 0.187648 0.000000
vt -0.191747 0.157500 0.000000
vt -0.211612 0.131612 0.000000
vt -0.237500 0.111747 0.000000
vt -0.267648 0.099259 0.000000
vt -0.300000 0.095000 0.000000
vt -0.332352 0.099259 0.000000
vt -3.954118 0.103407 0.000000
vt -0.362500 0.111747 0.000000
vt -3.930000 0.113397 0.000000
vt -3.909289 0.129289 0.000000
vt -0.388388 0.131612 0.000000
vt -3.893397 0.150000 0.000000
vt -0.408253 0.157500 0.000000
vt -3.883407 0.174118 0.000000
vt -0.420741 0.187648 0.000000
vt -3.880000 0.200000 0.000000
vt -0.425000 0.220000 0.000000
vt -3.883407 0.225882 0.000000
vt -0.420741 0.252352 0.000000
vt -3.893397 0.250000 0.000000
vt -0.408253 0.282500 0.000000
vt -3.909289 0.270711 0.000000
vt -0.388388 0.308388 0.000000
vt -3.930000 0.286603 0.000000
vt -0.362500 0.328253 0.000000
vt 0.000000 0.120000 0.000000
vt -0.600000 0.120000 0.000000
vt -0.000000 -0.190000 0.000000
vt -0.600000 -0.190000 0.000000
vt -0.000000 0.120000 0.000000
vt -0.600000 0.120000 0.000000
vt 0.000000 -0.190000 0.000000
vt -0.600000 -0.190000 0.000000
vt -0.600000 0.000000 0.000000
vt -0.000000 0.000000 0.000000
vt -0.600000 0.310000 0.000000
vt -0.000000 0.310000 0.000000
vt -0.600000 0.000000 0.000000
vt -0.000000 0.000000 0.000000
vt -0.600000 0.310000 0.000000
vt 0.000000 0.310000 0.000000
vt -0.600000 -0.000000 0.000000
vt 0.000000 0.000000 0.000000
vt -0.600000 0.310000 0.000000
vt -0.000000 0.310000 0.000000
vt -0.600000 0.000000 0.000000
vt -0.000000 0.000000 0.000000
vt -0.600000 0.310000 0.000000
vt -0.000000 0.310000 0.000000
vt -0.600000 0.000000 0.000000
vt 0.000000 0.000000 0.000000
vt -0.600000 0.310000 0.000000
vt -0.000000 0.310000 0.000000
vt -0.600000 0.000000 0.000000
vt -0.000000 0.000000 0.000000
vt -0.600000 0.310000 0.000000
vt -0.000000 0.310000 0.000000
vt -0.600000 0.000000 0.000000
vt -0.000000 0.000000 0.000000
vt -0.600000 0.310000 0.000000
vt -0.000000 0.310000 0.000000
vt -0.600000 0.000000 0.000000
vt -0.000000 0.000000 0.000000
vt -0.600000 0.310000 0.000000
vt 0.000000 0.310000 0.000000
vt -0.600000 0.000000 0.000000
vt -0.000000 0.000000 0.000000
vt -0.600000 0.310000 0.000000
vt -0.000000 0.310000 0.000000
vt -0.600000 0.000000 0.000000
vt -0.000000 0.000000 0.000000
vt -0.600000 0.310000 0.000000
vt 0.000000 0.310000 0.000000
vt -0.600000 0.000000 0.000000
vt -0.000000 0.000000 0.000000
vt -0.600000 0.310000 0.000000
vt -0.000000 0.310000 0.000000
vt -0.600000 0.000000 0.000000
vt -0.000000 0.000000 0.000000
vt -0.600000 0.310000 0.000000
vt -0.000000 0.310000 0.000000
vt -0.600000 0.000000 0.000000
vt -0.000000 0.000000 0.000000
vt -0.600000 0.310000 0.000000
vt -0.000000 0.310000 0.000000
vt -0.600000 0.000000 0.000000
vt 0.000000 0.000000 0.000000
vt -0.600000 0.310000 0.000000
vt -0.000000 0.310000 0.000000
vt -0.600000 0.000000 0.000000
vt 0.000000 0.000000 0.000000
vt -0.600000 0.310000 0.000000
vt -0.000000 0.310000 0.000000
vt -0.600000 0.000000 0.000000
vt -0.000000 0.000000 0.000000
vt -0.600000 0.310000 0.000000
vt -0.000000 0.310000 0.000000
vt -0.600000 0.000000 0.000000
vt -0.000000 0.000000 0.000000
vt -0.600000 0.310000 0.000000
vt -0.000000 0.310000 0.000000
vt -0.600000 0.000000 0.000000
vt -0.000000 0.000000 0.000000
vt -0.600000 0.310000 0.000000
vt -0.000000 0.310000 0.000000
vt -0.600000 -0.000000 0.000000
vt 0.000000 0.000000 0.000000
vt -0.600000 0.310000 0.000000
vt -0.000000 0.310000 0.000000
vt -0.600000 0.000000 0.000000
vt -0.000000 0.000000 0.000000
vt -0.600000 0.310000 0.000000
vt -0.000000 0.310000 0.000000
vt -0.000000 0.120000 0.000000
vt -0.600000 0.120000 0.000000
vt 0.000000 -0.190000 0.000000
vt -0.600000 -0.190000 0.000000
vt 0.000000 0.120000 0.000000
vt -0.600000 0.120000 0.000000
vt -0.000000 -0.190000 0.000000
vt -0.600000 -0.190000 0.000000
vt -0.600000 0.000000 0.000000
vt -0.000000 0.000000 0.000000
vt -0.600000 0.310000 0.000000
vt -0.000000 0.310000 0.000000
vt -0.600000 0.000000 0.000000
vt -0.000000 0.000000 0.000000
vt -0.600000 0.310000 0.000000
vt -0.000000 0.310000 0.000000
vt -0.600000 0.000000 0.000000
vt -0.000000 0.000000 0.000000
vt -0.600000 0.310000 0.000000
vt -0.000000 0.310000 0.000000
vt -0.600000 0.000000 0.000000
vt -0.000000 0.000000 0.000000
vt -0.600000 0.310000 0.000000
vt -0.000000 0.310000 0.000000
vt -0.600000 0.000000 0.000000
vt -0.000000 0.000000 0.000000
vt -0.600000 0.310000 0.000000
vt -0.000000 0.310000 0.000000
vt -0.600000 0.000000 0.000000
vt -0.000000 0.000000 0.000000
vt -0.600000 0.310000 0.000000
vt -0.000000 0.310000 0.000000
vt -0.600000 0.000000 0.000000
vt -0.000000 0.000000 0.000000
vt -0.600000 0.310000 0.000000
vt -0.000000 0.310000 0.000000
vt -0.600000 0.000000 0.000000
vt -0.000000 0.000000 0.000000
vt -0.600000 0.310000 0.000000
vt -0.000000 0.310000 0.000000
vt 0.310000 -0.323977 0.000000
vt 0.000000 -0.323977 0.000000
vt 0.310000 -0.353429 0.000000
vt 0.000000 -0.353429 0.000000
vt 0.310000 0.353429 0.000000
vt 0.000000 0.353429 0.000000
vt 0.310000 0.323977 0.000000
vt 0.000000 0.323977 0.000000
vt 0.310000 0.294524 0.000000
vt 0.000000 0.294524 0.000000
vt 0.310000 0.265072 0.000000
vt 0.000000 0.265072 0.000000
vt 0.310000 0.235619 0.000000
vt 0.000000 0.235619 0.000000
vt 0.310000 0.206167 0.000000
vt 0.000000 0.206167 0.000000
vt 0.310000 0.176715 0.000000
vt 0.000000 0.176715 0.000000
vt 0.310000 0.147262 0.000000
vt 0.000000 0.147262 0.000000
vt 0.310000 0.117810 0.000000
vt 0.000000 0.117810 0.000000
vt 0.310000 0.088357 0.000000
vt 0.000000 0.088357 0.000000
vt 0.310000 0.058905 0.000000
vt 0.000000 0.058905 0.000000
vt 0.310000 0.029452 0.000000
vt 0.000000 0.029452 0.000000
vt 0.310000 0.000000 0.000000
vt 0.000000 0.000000 0.000000
vt 0.310000 -0.029452 0.000000
vt 0.000000 -0.029452 0.000000
vt 0.310000 -0.058905 0.000000
vt 0.000000 -0.058905 0.000000
vt 0.310000 -0.088357 0.000000
vt 0.000000 -0.088357 0.000000
vt 0.310000 -0.117810 0.000000
vt 0.000000 -0.117810 0.000000
vt 0.310000 -0.147262 0.000000
vt 0.000000 -0.147262 0.000000
vt 0.310000 -0.176715 0.000000
vt 0.000000 -0.176715 0.000000
vt 0.310000 -0.206167 0.000000
vt 0.000000 -0.206167 0.000000
vt 0.310000 -0.235619 0.000000
vt 0.000000 -0.235619 0.000000
vt 0.310000 -0.265072 0.000000
vt 0.000000 -0.265072 0.000000
vt 0.310000 -0.294524 0.000000
vt 0.000000 -0.294524 0.000000
vt 0.310000 -0.323977 0.000000
vt 0.000000 -0.323977 0.000000
vt 0.310000 -0.353429 0.000000
vt 0.000000 -0.353429 0.000000
vt 0.310000 0.353429 0.000000
vt 0.000000 0.353429 0.000000
vt 0.310000 0.323977 0.000000
vt 0.000000 0.323977 0.000000
vt 0.310000 0.294524 0.000000
vt 0.000000 0.294524 0.000000
vt 0.310000 0.265072 0.000000
vt 0.000000 0.265072 0.000000
vt 0.310000 0.235619 0.000000
vt 0.000000 0.235619 0.000000
vt 0.310000 0.206167 0.000000
vt 0.000000 0.206167 0.000000
vt 0.310000 0.176715 0.000000
vt 0.000000 0.176715 0.000000
vt 0.310000 0.147262 0.000000
vt 0.000000 0.147262 0.000000
vt 0.310000 0.117810 0.000000
vt 0.000000 0.117810 0.000000
vt 0.310000 0.088357 0.000000
vt 0.000000 0.088357 0.000000
vt 0.310000 0.058905 0.000000
vt 0.000000 0.058905 0.000000
vt 0.310000 0.029452 0.000000
vt 0.000000 0.029452 0.000000
vt 0.310000 0.000000 0.000000
vt 0.000000 0.000000 0.000000
vt 0.310000 -0.029452 0.000000
vt 0.000000 -0.029452 0.000000
vt 0.310000 -0.058905 0.000000
vt 0.000000 -0.058905 0.000000
vt 0.310000 -0.088357 0.000000
vt 0.000000 -0.088357 0.000000
vt 0.310000 -0.117810 0.000000
vt 0.000000 -0.117810 0.000000
vt 0.310000 -0.147262 0.000000
vt 0.000000 -0.147262 0.000000
vt 0.310000 -0.176715 0.000000
vt 0.000000 -0.176715 0.000000
vt 0.310000 -0.206167 0.000000
vt 0.000000 -0.206167 0.000000
vt 0.310000 -0.235619 0.000000
vt 0.000000 -0.235619 0.000000
vt 0.310000 -0.265072 0.000000
vt 0.000000 -0.265072 0.000000
vt 0.310000 -0.294524 0.000000
vt 0.000000 -0.294524 0.000000
vt 0.310000 -0.359974 0.000000
vt 0.000000 -0.359974 0.000000
vt 0.310000 -0.392699 0.000000
vt 0.000000 -0.392699 0.000000
vt 0.310000 0.392699 0.000000
vt 0.000000 0.392699 0.000000
vt 0.310000 0.359974 0.000000
vt -0.000000 0.359974 0.000000
vt 0.310000 0.327249 0.000000
vt -0.000000 0.327249 0.000000
vt 0.310000 0.294524 0.000000
vt -0.000000 0.294524 0.000000
vt 0.310000 0.261799 0.000000
vt -0.000000 0.261799 0.000000
vt 0.310000 0.229074 0.000000
vt -0.000000 0.229074 0.000000
vt 0.310000 0.196350 0.000000
vt 0.000000 0.196350 0.000000
vt 0.310000 0.163625 0.000000
vt 0.000000 0.163625 0.000000
vt 0.310000 0.130900 0.000000
vt -0.000000 0.130900 0.000000
vt 0.310000 0.098175 0.000000
vt 0.000000 0.098175 0.000000
vt 0.310000 0.065450 0.000000
vt -0.000000 0.065450 0.000000
vt 0.310000 0.032725 0.000000
vt 0.000000 0.032725 0.000000
vt 0.310000 0.000000 0.000000
vt 0.000000 0.000000 0.000000
vt 0.310000 -0.032725 0.000000
vt 0.000000 -0.032725 0.000000
vt 0.310000 -0.065450 0.000000
vt 0.000000 -0.065450 0.000000
vt 0.310000 -0.098175 0.000000
vt 0.000000 -0.098175 0.000000
vt 0.310000 -0.130900 0.000000
vt -0.000000 -0.130900 0.000000
vt 0.310000 -0.163625 0.000000
vt 0.000000 -0.163625 0.000000
vt 0.310000 -0.196350 0.000000
vt 0.000000 -0.196350 0.000000
vt 0.310000 -0.229074 0.000000
vt 0.000000 -0.229074 0.000000
vt 0.310000 -0.261799 0.000000
vt -0.000000 -0.261799 0.000000
vt 0.310000 -0.294524 0.000000
vt 0.000000 -0.294524 0.000000
vt 0.310000 -0.327249 0.000000
vt -0.000000 -0.327249 0.000000
vt -0.310000 0.241858 0.000000
vt 0.000000 0.241858 0.000000
vt -0.310000 0.603773 0.000000
vt -0.000000 0.603773 0.000000
vt -0.310000 0.965688 0.000000
vt 0.000000 0.965688 0.000000
vt -0.310000 1.327603 0.000000
vt 0.000000 1.327603 0.000000
vt -0.310000 1.689518 0.000000
vt -0.000000 1.689518 0.000000
vt -0.310000 2.051432 0.000000
vt 0.000000 2.051432 0.000000
vt -0.310000 2.413347 0.000000
vt -0.000000 2.413347 0.000000
vt -0.310000 2.775262 0.000000
vt -0.000000 2.775262 0.000000
vt -0.310000 3.137177 0.000000
vt -0.000000 3.137177 0.000000
vt -0.310000 3.499092 0.000000
vt -0.000000 3.499092 0.000000
vt -0.310000 3.861007 0.000000
vt -0.000000 3.861007 0.000000
vt -0.000000 0.241277 0.000000
vt -0.310000 0.241277 0.000000
vt -0.000000 0.120638 0.000000
vt -0.310000 0.120638 0.000000
vt -0.000000 -0.000000 0.000000
vt -0.310000 -0.000000 0.000000
vt -0.000000 -0.120638 0.000000
vt -0.310000 -0.120638 0.000000
vt -0.000000 -0.241277 0.000000
vt -0.310000 -0.241277 0.000000
vt 0.200000 18.250000 0.000000
vt -0.100000 3.980000 0.000000
vt 0.200000 -0.120000 0.000000
vt -0.103407 3.954118 0.000000
vt -0.099259 0.332352 0.000000
vt -0.111747 0.362500 0.000000
vt -0.113397 3.930000 0.000000
vt -0.129289 3.909289 0.000000
vt -4.220000 18.250000 0.000000
vt -1.960000 17.450000 0.000000
vt -1.360000 17.450000 0.000000
vt -1.360000 16.850000 0.000000
vt -4.220000 4.800000 0.000000
vt -3.716593 17.024118 0.000000
vt -3.720000 17.050000 0.000000
vt -3.716593 17.075882 0.000000
vt -4.230912 4.438305 0.000000
vt -3.430883 1.488667 0.000000
vt -3.403750 1.477428 0.000000
vt -3.380450 1.459550 0.000000
vt -4.263608 4.077925 0.000000
vt -3.516250 1.477428 0.000000
vt -3.489117 1.488667 0.000000
vt -3.460000 1.492500 0.000000
vt -4.317969 3.720171 0.000000
vt -3.557428 1.436250 0.000000
vt -3.539550 1.459550 0.000000
vt -3.568667 1.409117 0.000000
vt -4.393798 3.366346 0.000000
vt -3.572500 1.380000 0.000000
vt -4.490818 3.017734 0.000000
vt -4.608677 2.675606 0.000000
vt -3.572500 0.380000 0.000000
vt -4.746946 2.341204 0.000000
vt -4.995000 0.300000 0.000000
vt -4.999259 0.332352 0.000000
vt -4.905122 2.015746 0.000000
vt -5.011747 0.362500 0.000000
vt -5.082630 1.700415 0.000000
vt -5.031612 0.388388 0.000000
vt -5.057500 0.408253 0.000000
vt -5.087648 0.420741 0.000000
vt -5.120000 0.425000 0.000000
vt -5.278824 1.396359 0.000000
vt -5.152352 0.420741 0.000000
vt -5.182500 0.408253 0.000000
vt -5.208388 0.388388 0.000000
vt -5.339523 1.292235 0.000000
vt -5.383891 1.180175 0.000000
vt -5.410921 1.062721 0.000000
vt -5.420000 0.942540 0.000000
vt -5.420000 0.180000 0.000000
vt -5.240741 0.332352 0.000000
vt -5.228253 0.362500 0.000000
vt -5.409778 0.102354 0.000000
vt -5.379808 0.030000 0.000000
vt -5.245000 0.300000 0.000000
vt -5.332132 -0.032132 0.000000
vt -5.240741 0.267648 0.000000
vt -5.270000 -0.079808 0.000000
vt -5.228253 0.237500 0.000000
vt -5.208388 0.211612 0.000000
vt -5.197646 -0.109778 0.000000
vt -5.182500 0.191747 0.000000
vt -5.152352 0.179259 0.000000
vt -5.120000 -0.120000 0.000000
vt -5.120000 0.175000 0.000000
vt -5.087648 0.179259 0.000000
vt -5.057500 0.191747 0.000000
vt -5.031612 0.211612 0.000000
vt -5.011747 0.237500 0.000000
vt -4.999259 0.267648 0.000000
vt -3.568667 0.350883 0.000000
vt -3.460000 0.267500 0.000000
vt -3.489117 0.271333 0.000000
vt -3.516250 0.282572 0.000000
vt -1.360000 15.250000 0.000000
vt -1.960000 16.850000 0.000000
vt -1.960000 15.250000 0.000000
vt -3.520000 17.050000 0.000000
vt -3.523407 17.024118 0.000000
vt -1.360000 14.650000 0.000000
vt -1.360000 13.050000 0.000000
vt -1.960000 14.650000 0.000000
vt -1.960000 13.050000 0.000000
vt -3.533397 17.000000 0.000000
vt -3.549289 16.979289 0.000000
vt -1.360000 10.850000 0.000000
vt -1.960000 12.450000 0.000000
vt -1.960000 10.850000 0.000000
vt -3.620000 16.950000 0.000000
vt -3.645882 16.953407 0.000000
vt -1.360000 10.250000 0.000000
vt -0.113397 4.030000 0.000000
vt -1.360000 12.450000 0.000000
vt -1.960000 10.250000 0.000000
vt -1.360000 8.650000 0.000000
vt -0.129289 4.050711 0.000000
vt -1.960000 8.650000 0.000000
vt -1.360000 5.850000 0.000000
vt -0.286603 4.030000 0.000000
vt -1.360000 6.450000 0.000000
vt -0.270711 4.050711 0.000000
vt -0.250000 4.066603 0.000000
vt -1.960000 5.850000 0.000000
vt -1.360000 4.250000 0.000000
vt -0.296593 4.005882 0.000000
vt -1.960000 6.450000 0.000000
vt -1.960000 4.250000 0.000000
vt -1.960000 8.050000 0.000000
vt -1.360000 8.050000 0.000000
vt -0.225882 4.076593 0.000000
vt -1.960000 2.050000 0.000000
vt -3.347500 1.380000 0.000000
vt -1.960000 1.450000 0.000000
vt -3.347500 0.380000 0.000000
vt -3.351333 0.350883 0.000000
vt -1.360000 2.050000 0.000000
vt -1.960000 3.650000 0.000000
vt -3.351333 1.409117 0.000000
vt -1.360000 1.450000 0.000000
vt -0.340741 0.332352 0.000000
vt -0.328253 0.362500 0.000000
vt -0.296593 3.954118 0.000000
vt -0.286603 3.930000 0.000000
vt -0.308388 0.388388 0.000000
vt -0.270711 3.909289 0.000000
vt -0.282500 0.408253 0.000000
vt -0.250000 3.893397 0.000000
vt -0.252352 0.420741 0.000000
vt -0.225882 3.883407 0.000000
vt -0.220000 0.425000 0.000000
vt -0.200000 3.880000 0.000000
vt -0.187648 0.420741 0.000000
vt -0.174118 3.883407 0.000000
vt -0.157500 0.408253 0.000000
vt -0.150000 3.893397 0.000000
vt -0.131612 0.388388 0.000000
vt -0.328253 0.237500 0.000000
vt -0.340741 0.267648 0.000000
vt -0.345000 0.300000 0.000000
vt -0.300000 3.980000 0.000000
vt -1.360000 3.650000 0.000000
vt -3.362572 1.436250 0.000000
vt -0.174118 4.076593 0.000000
vt -0.150000 4.066603 0.000000
vt -3.570000 16.963397 0.000000
vt -3.594118 16.953407 0.000000
vt -3.523407 17.075882 0.000000
vt -3.533397 17.100000 0.000000
vt -3.549289 17.120711 0.000000
vt -3.570000 17.136603 0.000000
vt -3.594118 17.146593 0.000000
vt -3.620000 17.150000 0.000000
vt -3.645882 17.146593 0.000000
vt -3.670000 17.136603 0.000000
vt -3.690711 17.120711 0.000000
vt -3.706603 17.100000 0.000000
vt -0.187648 0.179259 0.000000
vt -0.220000 0.175000 0.000000
vt -0.252352 0.179259 0.000000
vt -0.282500 0.191747 0.000000
vt -3.403750 0.282572 0.000000
vt -0.308388 0.211612 0.000000
vt -3.380450 0.300450 0.000000
vt -3.362572 0.323750 0.000000
vt -0.095000 0.300000 0.000000
vt -0.099259 0.267648 0.000000
vt -0.111747 0.237500 0.000000
vt -0.131612 0.211612 0.000000
vt -0.157500 0.191747 0.000000
vt -3.430883 0.488667 0.000000
vt -3.430883 1.271333 0.000000
vt -3.460000 0.492500 0.000000
vt -3.460000 1.267500 0.000000
vt -3.489117 0.488667 0.000000
vt -3.489117 1.271333 0.000000
vt -3.516250 0.477428 0.000000
vt -3.516250 1.282572 0.000000
vt -3.539550 0.459550 0.000000
vt -3.539550 1.300450 0.000000
vt -3.557428 0.436250 0.000000
vt -3.557428 1.323750 0.000000
vt -3.568667 0.409117 0.000000
vt -3.568667 1.350883 0.000000
vt -3.403750 1.282572 0.000000
vt -3.403750 0.477428 0.000000
vt -3.380450 1.300450 0.000000
vt -3.380450 0.459550 0.000000
vt -3.362572 1.323750 0.000000
vt -3.362572 0.436250 0.000000
vt -3.351333 1.350883 0.000000
vt -3.351333 0.409117 0.000000
vt -3.430883 0.271333 0.000000
vt -3.539550 0.300450 0.000000
vt -3.557428 0.323750 0.000000
vt -0.200000 4.080000 0.000000
vt -0.103407 4.005882 0.000000
vt -3.670000 16.963397 0.000000
vt -3.690711 16.979289 0.000000
vt -3.706603 17.000000 0.000000
vt 0.300000 0.000000 0.000000
vt 1.062540 0.000000 0.000000
vt 0.300000 0.310000 0.000000
vt 1.062540 0.310000 0.000000
vt -0.100000 0.235619 0.000000
vt -0.410000 0.235619 0.000000
vt -0.100000 0.157080 0.000000
vt -0.410000 0.157080 0.000000
vt -0.100000 0.078540 0.000000
vt -0.410000 0.078540 0.000000
vt -0.100000 0.000000 0.000000
vt -0.410000 0.000000 0.000000
vt -0.100000 -0.078540 0.000000
vt -0.410000 -0.078540 0.000000
vt -0.100000 -0.157080 0.000000
vt -0.410000 -0.157080 0.000000
vt -0.100000 -0.235619 0.000000
vt -0.410000 -0.235619 0.000000
vt -0.510000 -1.800000 0.000000
vt -0.200000 -1.800000 0.000000
vt -0.510000 3.520000 0.000000
vt -0.200000 3.520000 0.000000
vt 1.450000 -0.300000 0.000000
vt 1.450000 0.000000 0.000000
vt 1.150000 0.000000 0.000000
vt 1.650000 0.200000 0.000000
vt 1.650000 1.500000 0.000000
vt 1.850000 0.000000 0.000000
vt 0.000000 1.500000 0.000000
vt 0.000000 0.000000 0.000000
vt -0.000000 -0.300000 0.000000
vt 0.300000 0.000000 0.000000
vt -0.000000 0.000000 0.000000
vt -0.250000 0.150000 0.000000
vt -0.400000 0.000000 0.000000
vt 1.300000 0.000000 0.000000
vt 1.300000 0.150000 0.000000
vt 0.710000 16.100000 0.000000
vt 0.410000 16.100000 0.000000
vt 0.710000 -0.120000 0.000000
vt 0.400000 -0.120000 0.000000
vt 0.400000 18.250000 0.000000
vt 0.410000 16.850000 0.000000
vt 0.710000 18.250000 0.000000
vt 0.710000 16.850000 0.000000
vt 7.512500 -0.212132 0.000000
vt 8.262500 -0.212132 0.000000
vt 7.512500 0.212132 0.000000
vt 8.262500 0.212132 0.000000
vt -0.310000 0.287979 0.000000
vt -0.000000 0.287979 0.000000
vt -0.310000 0.314159 0.000000
vt -0.000000 0.314159 0.000000
vt -0.310000 -0.314159 0.000000
vt -0.000000 -0.314159 0.000000
vt -0.310000 -0.287979 0.000000
vt -0.000000 -0.287979 0.000000
vt -0.310000 -0.261799 0.000000
vt -0.000000 -0.261799 0.000000
vt -0.310000 -0.235619 0.000000
vt -0.000000 -0.235619 0.000000
vt -0.310000 -0.209440 0.000000
vt -0.000000 -0.209440 0.000000
vt -0.310000 -0.183260 0.000000
vt -0.000000 -0.183260 0.000000
vt -0.310000 -0.157080 0.000000
vt -0.000000 -0.157080 0.000000
vt -0.310000 -0.130900 0.000000
vt -0.000000 -0.130900 0.000000
vt -0.310000 -0.104720 0.000000
vt -0.000000 -0.104720 0.000000
vt -0.310000 -0.078540 0.000000
vt -0.000000 -0.078540 0.000000
vt -0.310000 -0.052360 0.000000
vt -0.000000 -0.052360 0.000000
vt -0.310000 -0.026180 0.000000
vt -0.000000 -0.026180 0.000000
vt -0.310000 0.000000 0.000000
vt -0.000000 0.000000 0.000000
vt -0.310000 0.026180 0.000000
vt -0.000000 0.026180 0.000000
vt -0.310000 0.052360 0.000000
vt -0.000000 0.052360 0.000000
vt -0.310000 0.078540 0.000000
vt -0.000000 0.078540 0.000000
vt -0.310000 0.104720 0.000000
vt -0.000000 0.104720 0.000000
vt -0.310000 0.130900 0.000000
vt -0.000000 0.130900 0.000000
vt -0.310000 0.157080 0.000000
vt -0.000000 0.157080 0.000000
vt -0.310000 0.183260 0.000000
vt -0.000000 0.183260 0.000000
vt -0.310000 0.209440 0.000000
vt -0.000000 0.209440 0.000000
vt -0.310000 0.235619 0.000000
vt -0.000000 0.235619 0.000000
vt -0.310000 0.261799 0.000000
vt -0.000000 0.261799 0.000000
vt -0.310000 0.287979 0.000000
vt -0.000000 0.287979 0.000000
vt -0.310000 0.314159 0.000000
vt -0.000000 0.314159 0.000000
vt -0.310000 -0.314159 0.000000
vt -0.000000 -0.314159 0.000000
vt -0.310000 -0.287979 0.000000
vt -0.000000 -0.287979 0.000000
vt -0.310000 -0.261799 0.000000
vt -0.000000 -0.261799 0.000000
vt -0.310000 -0.235619 0.000000
vt -0.000000 -0.235619 0.000000
vt -0.310000 -0.209440 0.000000
vt -0.000000 -0.209440 0.000000
vt -0.310000 -0.183260 0.000000
vt -0.000000 -0.183260 0.000000
vt -0.310000 -0.157080 0.000000
vt -0.000000 -0.157080 0.000000
vt -0.310000 -0.130900 0.000000
vt -0.000000 -0.130900 0.000000
vt -0.310000 -0.104720 0.000000
vt -0.000000 -0.104720 0.000000
vt -0.310000 -0.078540 0.000000
vt -0.000000 -0.078540 0.000000
vt -0.310000 -0.052360 0.000000
vt -0.000000 -0.052360 0.000000
vt -0.310000 -0.026180 0.000000
vt -0.000000 -0.026180 0.000000
vt -0.310000 0.000000 0.000000
vt -0.000000 0.000000 0.000000
vt -0.310000 0.026180 0.000000
vt -0.000000 0.026180 0.000000
vt -0.310000 0.052360 0.000000
vt -0.000000 0.052360 0.000000
vt -0.310000 0.078540 0.000000
vt -0.000000 0.078540 0.000000
vt -0.310000 0.104720 0.000000
vt -0.000000 0.104720 0.000000
vt -0.310000 0.130900 0.000000
vt -0.000000 0.130900 0.000000
vt -0.310000 0.157080 0.000000
vt -0.000000 0.157080 0.000000
vt -0.310000 0.183260 0.000000
vt -0.000000 0.183260 0.000000
vt -0.310000 0.209440 0.000000
vt -0.000000 0.209440 0.000000
vt -0.310000 0.235619 0.000000
vt -0.000000 0.235619 0.000000
vt -0.310000 0.261799 0.000000
vt -0.000000 0.261799 0.000000
vt -0.000000 0.359974 0.000000
vt 0.310000 0.359974 0.000000
vt -0.000000 0.392699 0.000000
vt 0.310000 0.392699 0.000000
vt -0.000000 -0.392699 0.000000
vt 0.310000 -0.392699 0.000000
vt 0.000000 -0.359974 0.000000
vt 0.310000 -0.359974 0.000000
vt 0.000000 -0.327249 0.000000
vt 0.310000 -0.327249 0.000000
vt 0.000000 -0.294524 0.000000
vt 0.310000 -0.294524 0.000000
vt 0.000000 -0.261799 0.000000
vt 0.310000 -0.261799 0.000000
vt 0.000000 -0.229074 0.000000
vt 0.310000 -0.229074 0.000000
vt 0.000000 -0.196350 0.000000
vt 0.310000 -0.196350 0.000000
vt 0.000000 -0.163625 0.000000
vt 0.310000 -0.163625 0.000000
vt 0.000000 -0.130900 0.000000
vt 0.310000 -0.130900 0.000000
vt 0.000000 -0.098175 0.000000
vt 0.310000 -0.098175 0.000000
vt 0.000000 -0.065450 0.000000
vt 0.310000 -0.065450 0.000000
vt 0.000000 -0.032725 0.000000
vt 0.310000 -0.032725 0.000000
vt 0.000000 0.000000 0.000000
vt 0.310000 0.000000 0.000000
vt 0.000000 0.032725 0.000000
vt 0.310000 0.032725 0.000000
vt 0.000000 0.065450 0.000000
vt 0.310000 0.065450 0.000000
vt 0.000000 0.098175 0.000000
vt 0.310000 0.098175 0.000000
vt 0.000000 0.130900 0.000000
vt 0.310000 0.130900 0.000000
vt 0.000000 0.163625 0.000000
vt 0.310000 0.163625 0.000000
vt 0.000000 0.196350 0.000000
vt 0.310000 0.196350 0.000000
vt -0.000000 0.229074 0.000000
vt 0.310000 0.229074 0.000000
vt -0.000000 0.261799 0.000000
vt 0.310000 0.261799 0.000000
vt -0.000000 0.294524 0.000000
vt 0.310000 0.294524 0.000000
vt -0.000000 0.327249 0.000000
vt 0.310000 0.327249 0.000000
vt -0.310000 4.800000 0.000000
vt 0.000000 4.800000 0.000000
vt -0.310000 18.250000 0.000000
vt 0.000000 18.250000 0.000000
vt -2.200000 4.420000 0.000000
vt -2.510000 4.420000 0.000000
vt -2.200000 0.000000 0.000000
vt -2.510000 -0.000000 0.000000
vn 0.000000 0.000000 0.100000
vn 0.000000 0.000000 0.100000
vn 0.000000 0.000000 0.100000
vn 0.000000 0.000000 0.100000
vn 0.000000 0.000000 0.100000
vn 0.000000 0.000000 0.100000
vn 0.000000 0.000000 0.100000
vn 0.000000 0.000000 0.100000
vn 0.000000 0.000000 0.100000
vn 0.000000 0.000000 0.100000
vn 0.100000 -0.000000 0.000000
vn 0.100000 -0.000000 0.000000
vn 0.100000 -0.000000 0.000000
vn 0.100000 -0.000000 0.000000
vn 0.000000 0.100000 0.000000
vn 0.000000 0.100000 0.000000
vn 0.000000 0.100000 0.000000
vn 0.000000 0.100000 0.000000
vn -0.100000 0.000000 0.000000
vn -0.100000 0.000000 0.000000
vn -0.100000 0.000000 0.000000
vn -0.100000 0.000000 0.000000
vn 0.000000 0.070711 -0.070711
vn 0.000000 0.070711 -0.070711
vn 0.000000 0.070711 -0.070711
vn 0.000000 0.070711 -0.070711
vn 0.000000 0.070711 -0.070711
vn 0.000000 0.070711 -0.070711
vn 0.000000 0.100000 0.000000
vn 0.000000 0.100000 0.000000
vn 0.000000 0.100000 0.000000
vn 0.000000 0.100000 0.000000
vn 0.100000 0.000000 0.000000
vn 0.100000 0.000000 0.000000
vn 0.100000 0.000000 0.000000
vn 0.100000 0.000000 0.000000
vn 0.100000 0.000000 0.000000
vn 0.000000 0.000000 -0.100000
vn 0.000000 0.000000 -0.100000
vn 0.000000 0.000000 -0.100000
vn 0.000000 0.000000 -0.100000
vn 0.000000 0.000000 -0.100000
vn 0.000000 0.000000 -0.100000
vn 0.000000 0.000000 -0.100000
vn 0.000000 0.000000 -0.100000
vn 0.000000 0.000000 -0.100000
vn 0.000000 0.000000 -0.100000
vn 0.000000 0.000000 -0.100000
vn 0.000000 0.000000 -0.100000
vn 0.000000 0.000000 -0.100000
vn 0.000000 0.000000 -0.100000
vn 0.000000 -0.100000 0.000000
vn 0.000000 -0.100000 0.000000
vn 0.000000 -0.100000 0.000000
vn 0.000000 -0.100000 0.000000
vn 0.100000 0.000000 0.000000
vn 0.100000 0.000000 0.000000
vn 0.100000 0.000000 0.000000
vn 0.100000 0.000000 0.000000
vn 0.000000 0.100000 0.000000
vn 0.000000 0.100000 0.000000
vn 0.000000 0.100000 0.000000
vn 0.000000 0.100000 0.000000
vn 0.000000 0.100000 0.000000
vn 0.000000 0.100000 0.000000
vn 0.000000 0.100000 0.000000
vn 0.000000 0.100000 0.000000
vn 0.000000 0.100000 0.000000
vn 0.000000 0.100000 0.000000
vn 0.000000 0.000000 -0.100000
vn 0.000000 0.000000 -0.100000
vn 0.000000 0.000000 -0.100000
vn 0.000000 0.000000 -0.100000
vn 0.000000 0.000000 -0.100000
vn 0.000000 0.000000 -0.100000
vn 0.000000 0.000000 -0.100000
vn 0.000000 0.000000 -0.100000
vn 0.000000 0.000000 -0.100000
vn 0.000000 0.000000 -0.100000
vn 0.000000 0.000000 -0.100000
vn 0.000000 0.000000 -0.100000
vn 0.000000 0.000000 -0.100000
vn 0.000000 0.000000 -0.100000
vn 0.000000 0.000000 -0.100000
vn 0.000000 0.000000 -0.100000
vn 0.000000 0.000000 -0.100000
vn 0.000000 0.000000 -0.100000
vn 0.000000 0.000000 -0.100000
vn 0.000000 0.000000 -0.100000
vn 0.000000 0.000000 -0.100000
vn 0.000000 0.000000 -0.100000
vn 0.000000 0.000000 -0.100000
vn 0.000000 0.000000 -0.100000
vn 0.000000 0.000000 -0.100000
vn 0.000000 0.000000 -0.100000
vn 0.000000 0.000000 -0.100000
vn 0.000000 0.000000 -0.100000
vn 0.000000 0.000000 -0.100000
vn 0.000000 0.000000 -0.100000
vn 0.000000 0.000000 -0.100000
vn 0.000000 0.000000 -0.100000
vn 0.000000 0.000000 -0.100000
vn 0.000000 0.000000 -0.100000
vn 0.000000 0.000000 -0.100000
vn 0.000000 0.000000 -0.100000
vn 0.000000 0.000000 -0.100000
vn 0.000000 0.000000 -0.100000
vn 0.000000 0.000000 -0.100000
vn 0.000000 0.000000 -0.100000
vn 0.000000 0.000000 -0.100000
vn 0.000000 0.000000 -0.100000
vn 0.000000 0.000000 -0.100000
vn 0.000000 0.000000 -0.100000
vn 0.000000 0.000000 -0.100000
vn 0.000000 0.000000 -0.100000
vn 0.000000 0.000000 -0.100000
vn 0.000000 0.000000 -0.100000
vn 0.000000 0.000000 -0.100000
vn 0.000000 0.000000 -0.100000
vn 0.000000 0.000000 -0.100000
vn 0.000000 0.000000 -0.100000
vn 0.000000 0.000000 -0.100000
vn 0.000000 0.000000 -0.100000
vn 0.000000 0.000000 -0.100000
vn 0.000000 0.000000 -0.100000
vn 0.000000 0.000000 -0.100000
vn 0.000000 0.000000 -0.100000
vn 0.000000 0.000000 -0.100000
vn 0.000000 0.000000 -0.100000
vn 0.000000 0.000000 -0.100000
vn 0.000000 0.000000 -0.100000
vn 0.000000 0.000000 -0.100000
vn 0.000000 0.000000 -0.100000
vn 0.000000 0.000000 -0.100000
vn 0.000000 0.000000 -0.100000
vn 0.000000 0.000000 -0.100000
vn 0.000000 0.000000 -0.100000
vn 0.000000 0.000000 -0.100000
vn 0.000000 0.000000 -0.100000
vn 0.000000 0.000000 -0.100000
vn 0.000000 0.000000 -0.100000
vn 0.000000 0.000000 -0.100000
vn 0.000000 0.000000 -0.100000
vn 0.000000 0.000000 -0.100000
vn 0.000000 0.000000 -0.100000
vn 0.000000 0.000000 -0.100000
vn 0.000000 0.000000 -0.100000
vn 0.000000 0.000000 -0.100000
vn 0.000000 0.000000 -0.100000
vn 0.000000 0.000000 -0.100000
vn 0.000000 0.000000 -0.100000
vn 0.000000 0.000000 -0.100000
vn 0.000000 0.000000 -0.100000
vn 0.000000 0.000000 -0.100000
vn 0.000000 0.000000 -0.100000
vn 0.000000 0.000000 -0.100000
vn 0.000000 0.000000 -0.100000
vn 0.000000 0.000000 -0.100000
vn 0.000000 0.000000 -0.100000
vn 0.000000 0.000000 -0.100000
vn 0.000000 0.000000 -0.100000
vn 0.000000 0.000000 -0.100000
vn 0.000000 0.000000 -0.100000
vn 0.000000 0.000000 -0.100000
vn 0.000000 0.000000 -0.100000
vn 0.000000 0.000000 -0.100000
vn 0.000000 0.000000 -0.100000
vn 0.000000 0.000000 -0.100000
vn 0.000000 0.000000 -0.100000
vn 0.000000 0.000000 -0.100000
vn 0.000000 0.000000 -0.100000
vn 0.000000 0.000000 -0.100000
vn 0.000000 0.000000 -0.100000
vn 0.000000 0.000000 -0.100000
vn 0.000000 0.000000 -0.100000
vn 0.000000 0.000000 -0.100000
vn 0.000000 0.000000 -0.100000
vn 0.000000 0.000000 -0.100000
vn 0.000000 0.000000 -0.100000
vn 0.000000 0.000000 -0.100000
vn 0.000000 0.000000 -0.100000
vn 0.000000 0.000000 -0.100000
vn 0.000000 0.000000 -0.100000
vn 0.000000 0.000000 -0.100000
vn 0.000000 0.000000 -0.100000
vn 0.000000 0.000000 -0.100000
vn 0.000000 0.000000 -0.100000
vn 0.000000 0.000000 -0.100000
vn 0.000000 0.000000 -0.100000
vn 0.000000 0.000000 -0.100000
vn 0.000000 0.000000 -0.100000
vn 0.000000 0.000000 -0.100000
vn 0.000000 0.000000 -0.100000
vn 0.000000 0.000000 -0.100000
vn 0.000000 0.000000 -0.100000
vn 0.000000 0.000000 -0.100000
vn 0.000000 0.000000 -0.100000
vn 0.000000 0.000000 -0.100000
vn 0.000000 0.000000 -0.100000
vn 0.000000 0.000000 -0.100000
vn 0.000000 0.000000 -0.100000
vn 0.000000 0.000000 -0.100000
vn 0.000000 0.000000 -0.100000
vn 0.000000 0.000000 -0.100000
vn 0.000000 0.000000 -0.100000
vn 0.000000 0.000000 -0.100000
vn 0.000000 0.000000 -0.100000
vn 0.000000 0.000000 -0.100000
vn 0.000000 0.000000 -0.100000
vn 0.000000 0.000000 -0.100000
vn 0.000000 0.000000 -0.100000
vn 0.000000 0.000000 -0.100000
vn 0.000000 0.000000 -0.100000
vn 0.000000 0.000000 -0.100000
vn 0.000000 0.000000 -0.100000
vn 0.000000 0.000000 -0.100000
vn 0.000000 0.000000 -0.100000
vn 0.000000 0.000000 -0.100000
vn 0.000000 0.000000 -0.100000
vn 0.000000 0.000000 -0.100000
vn 0.000000 0.000000 -0.100000
vn 0.000000 0.000000 -0.100000
vn 0.000000 0.000000 -0.100000
vn 0.000000 0.000000 -0.100000
vn 0.000000 0.000000 -0.100000
vn 0.000000 0.000000 -0.100000
vn 0.000000 0.000000 -0.100000
vn 0.000000 0.000000 -0.100000
vn 0.000000 0.000000 -0.100000
vn 0.000000 0.000000 -0.100000
vn 0.000000 0.000000 -0.100000
vn 0.000000 0.000000 -0.100000
vn 0.000000 0.000000 -0.100000
vn 0.000000 0.000000 -0.100000
vn 0.000000 0.000000 -0.100000
vn 0.000000 0.000000 -0.100000
vn 0.000000 0.000000 -0.100000
vn 0.000000 0.000000 -0.100000
vn 0.000000 0.000000 -0.100000
vn 0.000000 0.000000 -0.100000
vn 0.000000 0.000000 -0.100000
vn 0.000000 0.000000 -0.100000
vn 0.000000 0.000000 -0.100000
vn 0.000000 0.000000 -0.100000
vn 0.000000 0.000000 -0.100000
vn 0.000000 0.000000 -0.100000
vn 0.000000 0.000000 -0.100000
vn 0.000000 0.000000 -0.100000
vn 0.000000 0.000000 -0.100000
vn 0.000000 0.000000 -0.100000
vn 0.000000 0.000000 -0.100000
vn 0.000000 0.000000 -0.100000
vn 0.000000 0.000000 -0.100000
vn 0.000000 0.000000 -0.100000
vn 0.000000 0.000000 -0.100000
vn 0.000000 0.000000 -0.100000
vn 0.000000 0.000000 -0.100000
vn 0.000000 0.000000 -0.100000
vn 0.000000 0.000000 -0.100000
vn 0.000000 0.000000 -0.100000
vn 0.000000 0.000000 -0.100000
vn 0.000000 0.000000 -0.100000
vn 0.000000 0.000000 -0.100000
vn 0.000000 0.000000 -0.100000
vn 0.000000 0.000000 -0.100000
vn 0.000000 0.000000 -0.100000
vn 0.000000 0.000000 -0.100000
vn 0.000000 0.000000 -0.100000
vn 0.000000 0.000000 -0.100000
vn 0.000000 0.000000 -0.100000
vn 0.000000 0.000000 -0.100000
vn 0.000000 0.000000 -0.100000
vn 0.000000 0.000000 -0.100000
vn 0.000000 0.000000 -0.100000
vn 0.100000 0.000000 0.000000
vn 0.100000 0.000000 0.000000
vn 0.100000 0.000000 0.000000
vn 0.100000 0.000000 0.000000
vn -0.000000 0.100000 -0.000000
vn -0.000000 0.100000 -0.000000
vn -0.000000 0.100000 -0.000000
vn -0.000000 0.100000 -0.000000
vn -0.100000 0.000000 0.000000
vn -0.100000 0.000000 0.000000
vn -0.100000 0.000000 0.000000
vn -0.100000 0.000000 0.000000
vn -0.000000 0.100000 -0.000000
vn -0.000000 0.100000 -0.000000
vn -0.000000 0.100000 -0.000000
vn -0.000000 0.100000 -0.000000
vn -0.000000 0.100000 -0.000000
vn -0.000000 0.100000 -0.000000
vn -0.000000 0.100000 -0.000000
vn -0.000000 0.100000 -0.000000
vn 0.100000 0.000000 0.000000
vn 0.100000 0.000000 0.000000
vn 0.100000 0.000000 0.000000
vn 0.100000 0.000000 0.000000
vn -0.000000 0.100000 -0.000000
vn -0.000000 0.100000 -0.000000
vn -0.000000 0.100000 -0.000000
vn -0.000000 0.100000 -0.000000
vn 0.100000 0.000000 0.000000
vn 0.100000 0.000000 0.000000
vn 0.100000 0.000000 0.000000
vn 0.100000 0.000000 0.000000
vn -0.100000 0.000000 0.000000
vn -0.100000 0.000000 0.000000
vn -0.100000 0.000000 0.000000
vn -0.100000 0.000000 0.000000
vn -0.000000 0.100000 -0.000000
vn -0.000000 0.100000 -0.000000
vn -0.000000 0.100000 -0.000000
vn -0.000000 0.100000 -0.000000
vn -0.100000 0.000000 0.000000
vn -0.100000 0.000000 0.000000
vn -0.100000 0.000000 0.000000
vn -0.100000 0.000000 0.000000
vn -0.000000 0.100000 -0.000000
vn -0.000000 0.100000 -0.000000
vn -0.000000 0.100000 -0.000000
vn -0.000000 0.100000 -0.000000
vn -0.100000 0.000000 0.000000
vn -0.100000 0.000000 0.000000
vn -0.100000 0.000000 0.000000
vn -0.100000 0.000000 0.000000
vn 0.000000 0.100000 0.000000
vn 0.000000 0.100000 0.000000
vn 0.000000 0.100000 0.000000
vn 0.000000 0.100000 0.000000
vn 0.000000 -0.100000 0.000000
vn 0.000000 -0.100000 0.000000
vn 0.000000 -0.100000 0.000000
vn 0.000000 -0.100000 0.000000
vn -0.100000 0.000000 -0.000000
vn -0.100000 0.000000 -0.000000
vn -0.100000 0.000000 -0.000000
vn -0.100000 0.000000 -0.000000
vn -0.100000 0.000000 -0.000000
vn -0.100000 0.000000 -0.000000
vn -0.100000 0.000000 -0.000000
vn -0.100000 0.000000 -0.000000
vn -0.000000 -0.100000 0.000000
vn -0.000000 -0.100000 0.000000
vn -0.000000 -0.100000 0.000000
vn -0.000000 -0.100000 0.000000
vn 0.000000 -0.100000 0.000000
vn 0.000000 -0.100000 0.000000
vn 0.000000 -0.100000 0.000000
vn 0.000000 -0.100000 0.000000
vn 0.100000 0.000000 0.000000
vn 0.100000 0.000000 0.000000
vn 0.100000 0.000000 0.000000
vn 0.100000 0.000000 0.000000
vn -0.100000 0.000000 -0.000000
vn -0.100000 0.000000 -0.000000
vn -0.100000 0.000000 -0.000000
vn -0.100000 0.000000 -0.000000
vn 0.000000 -0.100000 0.000000
vn 0.000000 -0.100000 0.000000
vn 0.000000 -0.100000 0.000000
vn 0.000000 -0.100000 0.000000
vn -0.100000 0.000000 0.000000
vn -0.100000 0.000000 0.000000
vn -0.100000 0.000000 0.000000
vn -0.100000 0.000000 0.000000
vn 0.000000 -0.100000 0.000000
vn 0.000000 -0.100000 0.000000
vn 0.000000 -0.100000 0.000000
vn 0.000000 -0.100000 0.000000
vn 0.100000 0.000000 0.000000
vn 0.100000 0.000000 0.000000
vn 0.100000 0.000000 0.000000
vn 0.100000 0.000000 0.000000
vn 0.000000 0.100000 0.000000
vn 0.000000 0.100000 0.000000
vn 0.000000 0.100000 0.000000
vn 0.000000 0.100000 0.000000
vn -0.000000 -0.100000 0.000000
vn -0.000000 -0.100000 0.000000
vn -0.000000 -0.100000 0.000000
vn -0.000000 -0.100000 0.000000
vn 0.100000 0.000000 0.000000
vn 0.100000 0.000000 0.000000
vn 0.100000 0.000000 0.000000
vn 0.100000 0.000000 0.000000
vn -0.000000 -0.100000 0.000000
vn -0.000000 -0.100000 0.000000
vn -0.000000 -0.100000 0.000000
vn -0.000000 -0.100000 0.000000
vn 0.100000 0.000000 0.000000
vn 0.100000 0.000000 0.000000
vn 0.100000 0.000000 0.000000
vn 0.100000 0.000000 0.000000
vn -0.000000 -0.100000 0.000000
vn -0.000000 -0.100000 0.000000
vn -0.000000 -0.100000 0.000000
vn -0.000000 -0.100000 0.000000
vn 0.100000 0.000000 0.000000
vn 0.100000 0.000000 0.000000
vn 0.100000 0.000000 0.000000
vn 0.100000 0.000000 0.000000
vn -0.096593 -0.025882 0.000000
vn -0.096593 -0.025882 0.000000
vn -0.100000 -0.000000 0.000000
vn -0.100000 -0.000000 0.000000
vn -0.096593 0.025882 0.000000
vn -0.096593 0.025882 0.000000
vn -0.086603 0.050000 0.000000
vn -0.086603 0.050000 0.000000
vn -0.070711 0.070711 0.000000
vn -0.070711 0.070711 0.000000
vn -0.050000 0.086603 0.000000
vn -0.050000 0.086603 0.000000
vn -0.025882 0.096593 0.000000
vn -0.025882 0.096593 0.000000
vn 0.000000 0.100000 0.000000
vn 0.000000 0.100000 0.000000
vn 0.025882 0.096593 0.000000
vn 0.025882 0.096593 0.000000
vn 0.050000 0.086603 0.000000
vn 0.050000 0.086603 0.000000
vn 0.070711 0.070711 0.000000
vn 0.070711 0.070711 0.000000
vn 0.086603 0.050000 0.000000
vn 0.086603 0.050000 0.000000
vn 0.096593 0.025882 0.000000
vn 0.096593 0.025882 0.000000
vn 0.100000 0.000000 0.000000
vn 0.100000 0.000000 0.000000
vn 0.096593 -0.025882 0.000000
vn 0.096593 -0.025882 0.000000
vn 0.086603 -0.050000 0.000000
vn 0.086603 -0.050000 0.000000
vn 0.070711 -0.070711 0.000000
vn 0.070711 -0.070711 0.000000
vn 0.050000 -0.086603 0.000000
vn 0.050000 -0.086603 0.000000
vn 0.025882 -0.096593 0.000000
vn 0.025882 -0.096593 0.000000
vn 0.000000 -0.100000 0.000000
vn 0.000000 -0.100000 0.000000
vn -0.025882 -0.096593 0.000000
vn -0.025882 -0.096593 0.000000
vn -0.050000 -0.086603 0.000000
vn -0.050000 -0.086603 0.000000
vn -0.070711 -0.070711 0.000000
vn -0.070711 -0.070711 0.000000
vn -0.086603 -0.050000 0.000000
vn -0.086603 -0.050000 0.000000
vn -0.096593 -0.025882 0.000000
vn -0.096593 -0.025882 0.000000
vn -0.100000 -0.000000 0.000000
vn -0.100000 -0.000000 0.000000
vn -0.096593 0.025882 0.000000
vn -0.096593 0.025882 0.000000
vn -0.086603 0.050000 0.000000
vn -0.086603 0.050000 0.000000
vn -0.070711 0.070711 0.000000
vn -0.070711 0.070711 0.000000
vn -0.050000 0.086603 0.000000
vn -0.050000 0.086603 0.000000
vn -0.025882 0.096593 0.000000
vn -0.025882 0.096593 0.000000
vn 0.000000 0.100000 0.000000
vn 0.000000 0.100000 0.000000
vn 0.025882 0.096593 0.000000
vn 0.025882 0.096593 0.000000
vn 0.050000 0.086603 0.000000
vn 0.050000 0.086603 0.000000
vn 0.070711 0.070711 0.000000
vn 0.070711 0.070711 0.000000
vn 0.086603 0.050000 0.000000
vn 0.086603 0.050000 0.000000
vn 0.096593 0.025882 0.000000
vn 0.096593 0.025882 0.000000
vn 0.100000 0.000000 0.000000
vn 0.100000 0.000000 0.000000
vn 0.096593 -0.025882 0.000000
vn 0.096593 -0.025882 0.000000
vn 0.086603 -0.050000 0.000000
vn 0.086603 -0.050000 0.000000
vn 0.070711 -0.070711 0.000000
vn 0.070711 -0.070711 0.000000
vn 0.050000 -0.086603 0.000000
vn 0.050000 -0.086603 0.000000
vn 0.025882 -0.096593 0.000000
vn 0.025882 -0.096593 0.000000
vn 0.000000 -0.100000 0.000000
vn 0.000000 -0.100000 0.000000
vn -0.025882 -0.096593 0.000000
vn -0.025882 -0.096593 0.000000
vn -0.050000 -0.086603 0.000000
vn -0.050000 -0.086603 0.000000
vn -0.070711 -0.070711 0.000000
vn -0.070711 -0.070711 0.000000
vn -0.086603 -0.050000 0.000000
vn -0.086603 -0.050000 0.000000
vn 0.096593 -0.025882 0.000000
vn 0.096593 -0.025882 0.000000
vn 0.100000 -0.000000 0.000000
vn 0.100000 -0.000000 0.000000
vn 0.096593 0.025882 0.000000
vn 0.096593 0.025882 0.000000
vn 0.086603 0.050000 0.000000
vn 0.086603 0.050000 0.000000
vn 0.070711 0.070711 0.000000
vn 0.070711 0.070711 0.000000
vn 0.050000 0.086603 0.000000
vn 0.050000 0.086603 0.000000
vn 0.025882 0.096593 0.000000
vn 0.025882 0.096593 0.000000
vn -0.000000 0.100000 0.000000
vn -0.000000 0.100000 0.000000
vn -0.025882 0.096593 0.000000
vn -0.025882 0.096593 0.000000
vn -0.050000 0.086603 0.000000
vn -0.050000 0.086603 0.000000
vn -0.070711 0.070711 0.000000
vn -0.070711 0.070711 0.000000
vn -0.086603 0.050000 0.000000
vn -0.086603 0.050000 0.000000
vn -0.096593 0.025882 0.000000
vn -0.096593 0.025882 0.000000
vn -0.100000 0.000000 0.000000
vn -0.100000 0.000000 0.000000
vn -0.096593 -0.025882 0.000000
vn -0.096593 -0.025882 0.000000
vn -0.086603 -0.050000 0.000000
vn -0.086603 -0.050000 0.000000
vn -0.070711 -0.070711 0.000000
vn -0.070711 -0.070711 0.000000
vn -0.050000 -0.086603 0.000000
vn -0.050000 -0.086603 0.000000
vn -0.025882 -0.096593 0.000000
vn -0.025882 -0.096593 0.000000
vn -0.000000 -0.100000 0.000000
vn -0.000000 -0.100000 0.000000
vn 0.025882 -0.096593 0.000000
vn 0.025882 -0.096593 0.000000
vn 0.050000 -0.086603 0.000000
vn 0.050000 -0.086603 0.000000
vn 0.070711 -0.070711 0.000000
vn 0.070711 -0.070711 0.000000
vn 0.086603 -0.050000 0.000000
vn 0.086603 -0.050000 0.000000
vn 0.056727 0.082353 0.000000
vn 0.056727 0.082353 0.000000
vn 0.051660 0.085623 0.000000
vn 0.051660 0.085623 0.000000
vn 0.046404 0.088581 0.000000
vn 0.046404 0.088581 0.000000
vn 0.040980 0.091218 0.000000
vn 0.040980 0.091218 0.000000
vn 0.035407 0.093522 0.000000
vn 0.035407 0.093522 0.000000
vn 0.029704 0.095486 0.000000
vn 0.029704 0.095486 0.000000
vn 0.023894 0.097103 0.000000
vn 0.023894 0.097103 0.000000
vn 0.017997 0.098367 0.000000
vn 0.017997 0.098367 0.000000
vn 0.012035 0.099273 0.000000
vn 0.012035 0.099273 0.000000
vn 0.006028 0.099818 0.000000
vn 0.006028 0.099818 0.000000
vn -0.000000 0.100000 0.000000
vn -0.000000 0.100000 0.000000
vn 0.043712 0.089940 0.000000
vn 0.043712 0.089940 0.000000
vn 0.029704 0.095486 0.000000
vn 0.029704 0.095486 0.000000
vn 0.015023 0.098865 0.000000
vn 0.015023 0.098865 0.000000
vn -0.000000 0.100000 0.000000
vn -0.000000 0.100000 0.000000
vn 0.000000 0.000000 0.100000
vn 0.000000 0.000000 0.100000
vn 0.000000 0.000000 0.100000
vn 0.000000 0.000000 0.100000
vn 0.000000 0.000000 0.100000
vn 0.000000 0.000000 0.100000
vn 0.000000 0.000000 0.100000
vn 0.000000 0.000000 0.100000
vn 0.000000 0.000000 0.100000
vn 0.000000 0.000000 0.100000
vn 0.000000 0.000000 0.100000
vn 0.000000 0.000000 0.100000
vn 0.000000 0.000000 0.100000
vn 0.000000 0.000000 0.100000
vn 0.000000 0.000000 0.100000
vn 0.000000 0.000000 0.100000
vn 0.000000 0.000000 0.100000
vn 0.000000 0.000000 0.100000
vn 0.000000 0.000000 0.100000
vn 0.000000 0.000000 0.100000
vn 0.000000 0.000000 0.100000
vn 0.000000 0.000000 0.100000
vn 0.000000 0.000000 0.100000
vn 0.000000 0.000000 0.100000
vn 0.000000 0.000000 0.100000
vn 0.000000 0.000000 0.100000
vn 0.000000 0.000000 0.100000
vn 0.000000 0.000000 0.100000
vn 0.000000 0.000000 0.100000
vn 0.000000 0.000000 0.100000
vn 0.000000 0.000000 0.100000
vn 0.000000 0.000000 0.100000
vn 0.000000 0.000000 0.100000
vn 0.000000 0.000000 0.100000
vn 0.000000 0.000000 0.100000
vn 0.000000 0.000000 0.100000
vn 0.000000 0.000000 0.100000
vn 0.000000 0.000000 0.100000
vn 0.000000 0.000000 0.100000
vn 0.000000 0.000000 0.100000
vn 0.000000 0.000000 0.100000
vn 0.000000 0.000000 0.100000
vn 0.000000 0.000000 0.100000
vn 0.000000 0.000000 0.100000
vn 0.000000 0.000000 0.100000
vn 0.000000 0.000000 0.100000
vn 0.000000 0.000000 0.100000
vn 0.000000 0.000000 0.100000
vn 0.000000 0.000000 0.100000
vn 0.000000 0.000000 0.100000
vn 0.000000 0.000000 0.100000
vn 0.000000 0.000000 0.100000
vn 0.000000 0.000000 0.100000
vn 0.000000 0.000000 0.100000
vn 0.000000 0.000000 0.100000
vn 0.000000 0.000000 0.100000
vn 0.000000 0.000000 0.100000
vn 0.000000 0.000000 0.100000
vn 0.000000 0.000000 0.100000
vn 0.000000 0.000000 0.100000
vn 0.000000 0.000000 0.100000
vn 0.000000 0.000000 0.100000
vn 0.000000 0.000000 0.100000
vn 0.000000 0.000000 0.100000
vn 0.000000 0.000000 0.100000
vn 0.000000 0.000000 0.100000
vn 0.000000 0.000000 0.100000
vn 0.000000 0.000000 0.100000
vn 0.000000 0.000000 0.100000
vn 0.000000 0.000000 0.100000
vn 0.000000 0.000000 0.100000
vn 0.000000 0.000000 0.100000
vn 0.000000 0.000000 0.100000
vn 0.000000 0.000000 0.100000
vn 0.000000 0.000000 0.100000
vn 0.000000 0.000000 0.100000
vn 0.000000 0.000000 0.100000
vn 0.000000 0.000000 0.100000
vn 0.000000 0.000000 0.100000
vn 0.000000 0.000000 0.100000
vn 0.000000 0.000000 0.100000
vn 0.000000 0.000000 0.100000
vn 0.000000 0.000000 0.100000
vn 0.000000 0.000000 0.100000
vn 0.000000 0.000000 0.100000
vn 0.000000 0.000000 0.100000
vn 0.000000 0.000000 0.100000
vn 0.000000 0.000000 0.100000
vn 0.000000 0.000000 0.100000
vn 0.000000 0.000000 0.100000
vn 0.000000 0.000000 0.100000
vn 0.000000 0.000000 0.100000
vn 0.000000 0.000000 0.100000
vn 0.000000 0.000000 0.100000
vn 0.000000 0.000000 0.100000
vn 0.000000 0.000000 0.100000
vn 0.000000 0.000000 0.100000
vn 0.000000 0.000000 0.100000
vn 0.000000 0.000000 0.100000
vn 0.000000 0.000000 0.100000
vn 0.000000 0.000000 0.100000
vn 0.000000 0.000000 0.100000
vn 0.000000 0.000000 0.100000
vn 0.000000 0.000000 0.100000
vn 0.000000 0.000000 0.100000
vn 0.000000 0.000000 0.100000
vn 0.000000 0.000000 0.100000
vn 0.000000 0.000000 0.100000
vn 0.000000 0.000000 0.100000
vn 0.000000 0.000000 0.100000
vn 0.000000 0.000000 0.100000
vn 0.000000 0.000000 0.100000
vn 0.000000 0.000000 0.100000
vn 0.000000 0.000000 0.100000
vn 0.000000 0.000000 0.100000
vn 0.000000 0.000000 0.100000
vn 0.000000 0.000000 0.100000
vn 0.000000 0.000000 0.100000
vn 0.000000 0.000000 0.100000
vn 0.000000 0.000000 0.100000
vn 0.000000 0.000000 0.100000
vn 0.000000 0.000000 0.100000
vn 0.000000 0.000000 0.100000
vn 0.000000 0.000000 0.100000
vn 0.000000 0.000000 0.100000
vn 0.000000 0.000000 0.100000
vn 0.000000 0.000000 0.100000
vn 0.000000 0.000000 0.100000
vn 0.000000 0.000000 0.100000
vn 0.000000 0.000000 0.100000
vn 0.000000 0.000000 0.100000
vn 0.000000 0.000000 0.100000
vn 0.000000 0.000000 0.100000
vn 0.000000 0.000000 0.100000
vn 0.000000 0.000000 0.100000
vn 0.000000 0.000000 0.100000
vn 0.000000 0.000000 0.100000
vn 0.000000 0.000000 0.100000
vn 0.000000 0.000000 0.100000
vn 0.000000 0.000000 0.100000
vn 0.000000 0.000000 0.100000
vn 0.000000 0.000000 0.100000
vn 0.000000 0.000000 0.100000
vn 0.000000 0.000000 0.100000
vn 0.000000 0.000000 0.100000
vn 0.000000 0.000000 0.100000
vn 0.000000 0.000000 0.100000
vn 0.000000 0.000000 0.100000
vn 0.000000 0.000000 0.100000
vn 0.000000 0.000000 0.100000
vn 0.000000 0.000000 0.100000
vn 0.000000 0.000000 0.100000
vn 0.000000 0.000000 0.100000
vn 0.000000 0.000000 0.100000
vn 0.000000 0.000000 0.100000
vn 0.000000 0.000000 0.100000
vn 0.000000 0.000000 0.100000
vn 0.000000 0.000000 0.100000
vn 0.000000 0.000000 0.100000
vn 0.000000 0.000000 0.100000
vn 0.000000 0.000000 0.100000
vn 0.000000 0.000000 0.100000
vn 0.000000 0.000000 0.100000
vn 0.000000 0.000000 0.100000
vn 0.000000 0.000000 0.100000
vn 0.000000 0.000000 0.100000
vn 0.000000 0.000000 0.100000
vn 0.000000 0.000000 0.100000
vn 0.000000 0.000000 0.100000
vn 0.000000 0.000000 0.100000
vn 0.000000 0.000000 0.100000
vn 0.000000 0.000000 0.100000
vn 0.000000 0.000000 0.100000
vn 0.000000 0.000000 0.100000
vn 0.000000 0.000000 0.100000
vn 0.000000 0.000000 0.100000
vn 0.000000 0.000000 0.100000
vn 0.000000 0.000000 0.100000
vn 0.000000 0.000000 0.100000
vn 0.000000 0.000000 0.100000
vn 0.000000 0.000000 0.100000
vn 0.000000 0.000000 0.100000
vn 0.000000 0.000000 0.100000
vn 0.000000 0.000000 0.100000
vn 0.000000 0.000000 0.100000
vn 0.000000 0.000000 0.100000
vn 0.000000 0.000000 0.100000
vn 0.000000 0.000000 0.100000
vn 0.000000 0.000000 0.100000
vn 0.000000 0.000000 0.100000
vn 0.000000 0.000000 0.100000
vn 0.000000 0.000000 0.100000
vn 0.000000 0.000000 0.100000
vn 0.000000 0.000000 0.100000
vn 0.000000 0.000000 0.100000
vn 0.000000 0.000000 0.100000
vn 0.000000 0.000000 0.100000
vn 0.000000 0.000000 0.100000
vn 0.000000 0.000000 0.100000
vn 0.000000 0.000000 0.100000
vn 0.000000 0.000000 0.100000
vn 0.000000 0.100000 0.000000
vn 0.000000 0.100000 0.000000
vn -0.025882 0.096593 -0.000000
vn -0.025882 0.096593 -0.000000
vn -0.050000 0.086603 -0.000000
vn -0.050000 0.086603 -0.000000
vn -0.070711 0.070711 -0.000000
vn -0.070711 0.070711 -0.000000
vn -0.086603 0.050000 -0.000000
vn -0.086603 0.050000 -0.000000
vn -0.096593 0.025882 -0.000000
vn -0.096593 0.025882 -0.000000
vn -0.100000 0.000000 -0.000000
vn -0.100000 0.000000 -0.000000
vn -0.100000 0.000000 0.000000
vn -0.100000 0.000000 0.000000
vn -0.100000 0.000000 0.000000
vn -0.100000 0.000000 0.000000
vn -0.100000 0.000000 0.000000
vn -0.100000 0.000000 0.000000
vn -0.100000 0.000000 0.000000
vn -0.100000 0.000000 0.000000
vn -0.100000 0.000000 0.000000
vn -0.100000 0.000000 0.000000
vn 0.100000 -0.000000 0.000000
vn 0.100000 -0.000000 0.000000
vn 0.100000 -0.000000 0.000000
vn 0.100000 -0.000000 0.000000
vn 0.100000 -0.000000 0.000000
vn 0.100000 -0.000000 0.000000
vn 0.100000 -0.000000 0.000000
vn 0.000000 -0.100000 0.000000
vn 0.000000 -0.100000 0.000000
vn 0.000000 -0.100000 0.000000
vn 0.000000 -0.100000 0.000000
vn 0.000000 -0.100000 0.000000
vn 0.000000 -0.100000 0.000000
vn 0.000000 -0.100000 0.000000
vn 0.000000 -0.100000 0.000000
vn 0.000000 -0.070711 0.070711
vn 0.000000 -0.070711 0.070711
vn 0.000000 -0.070711 0.070711
vn 0.000000 -0.070711 0.070711
vn -0.096593 -0.025882 0.000000
vn -0.096593 -0.025882 0.000000
vn -0.100000 -0.000000 0.000000
vn -0.100000 -0.000000 0.000000
vn -0.096593 0.025882 0.000000
vn -0.096593 0.025882 0.000000
vn -0.086603 0.050000 0.000000
vn -0.086603 0.050000 0.000000
vn -0.070711 0.070711 0.000000
vn -0.070711 0.070711 0.000000
vn -0.050000 0.086603 0.000000
vn -0.050000 0.086603 0.000000
vn -0.025882 0.096593 0.000000
vn -0.025882 0.096593 0.000000
vn 0.000000 0.100000 0.000000
vn 0.000000 0.100000 0.000000
vn 0.025882 0.096593 0.000000
vn 0.025882 0.096593 0.000000
vn 0.050000 0.086603 0.000000
vn 0.050000 0.086603 0.000000
vn 0.070711 0.070711 0.000000
vn 0.070711 0.070711 0.000000
vn 0.086603 0.050000 0.000000
vn 0.086603 0.050000 0.000000
vn 0.096593 0.025882 0.000000
vn 0.096593 0.025882 0.000000
vn 0.100000 -0.000000 0.000000
vn 0.100000 -0.000000 0.000000
vn 0.096593 -0.025882 0.000000
vn 0.096593 -0.025882 0.000000
vn 0.086603 -0.050000 0.000000
vn 0.086603 -0.050000 0.000000
vn 0.070711 -0.070711 0.000000
vn 0.070711 -0.070711 0.000000
vn 0.050000 -0.086603 0.000000
vn 0.050000 -0.086603 0.000000
vn 0.025882 -0.096593 0.000000
vn 0.025882 -0.096593 0.000000
vn 0.000000 -0.100000 0.000000
vn 0.000000 -0.100000 0.000000
vn -0.025882 -0.096593 0.000000
vn -0.025882 -0.096593 0.000000
vn -0.050000 -0.086603 0.000000
vn -0.050000 -0.086603 0.000000
vn -0.070711 -0.070711 0.000000
vn -0.070711 -0.070711 0.000000
vn -0.086603 -0.050000 0.000000
vn -0.086603 -0.050000 0.000000
vn -0.096593 -0.025882 0.000000
vn -0.096593 -0.025882 0.000000
vn -0.100000 -0.000000 0.000000
vn -0.100000 -0.000000 0.000000
vn -0.096593 0.025882 0.000000
vn -0.096593 0.025882 0.000000
vn -0.086603 0.050000 0.000000
vn -0.086603 0.050000 0.000000
vn -0.070711 0.070711 0.000000
vn -0.070711 0.070711 0.000000
vn -0.050000 0.086603 0.000000
vn -0.050000 0.086603 0.000000
vn -0.025882 0.096593 0.000000
vn -0.025882 0.096593 0.000000
vn 0.000000 0.100000 0.000000
vn 0.000000 0.100000 0.000000
vn 0.025882 0.096593 0.000000
vn 0.025882 0.096593 0.000000
vn 0.050000 0.086603 0.000000
vn 0.050000 0.086603 0.000000
vn 0.070711 0.070711 0.000000
vn 0.070711 0.070711 0.000000
vn 0.086603 0.050000 0.000000
vn 0.086603 0.050000 0.000000
vn 0.096593 0.025882 0.000000
vn 0.096593 0.025882 0.000000
vn 0.100000 -0.000000 0.000000
vn 0.100000 -0.000000 0.000000
vn 0.096593 -0.025882 0.000000
vn 0.096593 -0.025882 0.000000
vn 0.086603 -0.050000 0.000000
vn 0.086603 -0.050000 0.000000
vn 0.070711 -0.070711 0.000000
vn 0.070711 -0.070711 0.000000
vn 0.050000 -0.086603 0.000000
vn 0.050000 -0.086603 0.000000
vn 0.025882 -0.096593 0.000000
vn 0.025882 -0.096593 0.000000
vn 0.000000 -0.100000 0.000000
vn 0.000000 -0.100000 0.000000
vn -0.025882 -0.096593 0.000000
vn -0.025882 -0.096593 0.000000
vn -0.050000 -0.086603 0.000000
vn -0.050000 -0.086603 0.000000
vn -0.070711 -0.070711 0.000000
vn -0.070711 -0.070711 0.000000
vn -0.086603 -0.050000 0.000000
vn -0.086603 -0.050000 0.000000
vn 0.096593 0.025882 0.000000
vn 0.096593 0.025882 0.000000
vn 0.100000 0.000000 0.000000
vn 0.100000 0.000000 0.000000
vn 0.096593 -0.025882 0.000000
vn 0.096593 -0.025882 0.000000
vn 0.086603 -0.050000 0.000000
vn 0.086603 -0.050000 0.000000
vn 0.070711 -0.070711 0.000000
vn 0.070711 -0.070711 0.000000
vn 0.050000 -0.086603 0.000000
vn 0.050000 -0.086603 0.000000
vn 0.025882 -0.096593 0.000000
vn 0.025882 -0.096593 0.000000
vn -0.000000 -0.100000 0.000000
vn -0.000000 -0.100000 0.000000
vn -0.025882 -0.096593 0.000000
vn -0.025882 -0.096593 0.000000
vn -0.050000 -0.086603 0.000000
vn -0.050000 -0.086603 0.000000
vn -0.070711 -0.070711 0.000000
vn -0.070711 -0.070711 0.000000
vn -0.086603 -0.050000 0.000000
vn -0.086603 -0.050000 0.000000
vn -0.096593 -0.025882 0.000000
vn -0.096593 -0.025882 0.000000
vn -0.100000 0.000000 0.000000
vn -0.100000 0.000000 0.000000
vn -0.096593 0.025882 0.000000
vn -0.096593 0.025882 0.000000
vn -0.086603 0.050000 0.000000
vn -0.086603 0.050000 0.000000
vn -0.070711 0.070711 0.000000
vn -0.070711 0.070711 0.000000
vn -0.050000 0.086603 0.000000
vn -0.050000 0.086603 0.000000
vn -0.025882 0.096593 0.000000
vn -0.025882 0.096593 0.000000
vn -0.000000 0.100000 0.000000
vn -0.000000 0.100000 0.000000
vn 0.025882 0.096593 0.000000
vn 0.025882 0.096593 0.000000
vn 0.050000 0.086603 0.000000
vn 0.050000 0.086603 0.000000
vn 0.070711 0.070711 0.000000
vn 0.070711 0.070711 0.000000
vn 0.086603 0.050000 0.000000
vn 0.086603 0.050000 0.000000
vn 0.000000 0.100000 0.000000
vn 0.000000 0.100000 0.000000
vn 0.100000 0.000000 0.000000
vn 0.100000 0.000000 0.000000
vn 0.100000 0.000000 0.000000
vn 0.100000 0.000000 0.000000
usemtl Steel_-_Satin
f 1/1/1 2/2/2 6/3/3
f 6/3/3 2/2/2 3/4/4
f 6/3/3 3/4/4 4/5/5
f 4/5/5 5/6/6 6/3/3
f 7/7/7 8/8/8 10/9/9
f 10/9/9 8/8/8 9/10/10
f 9/11/11 8/12/12 12/13/13
f 12/13/13 8/12/12 11/14/14
f 10/15/15 9/16/16 13/17/17
f 13/17/17 9/16/16 12/18/18
f 7/19/19 10/20/20 14/21/21
f 14/21/21 10/20/20 13/22/22
f 16/23/23 17/24/24 15/25/25
f 15/25/25 17/24/24 18/26/26
f 15/25/25 18/26/26 19/27/27
f 19/27/27 20/28/28 15/25/25
f 16/29/29 21/30/30 17/31/31
f 17/31/31 21/30/30 22/32/32
f 15/33/33 23/34/34 16/35/35
f 16/35/35 23/34/34 24/36/36
f 16/35/35 24/36/36 21/37/37
f 22/38/38 24/39/39 25/40/40
f 25/40/40 24/39/39 14/41/41
f 25/40/40 14/41/41 11/42/42
f 11/42/42 14/41/41 12/43/43
f 12/43/43 14/41/41 13/44/44
f 22/38/38 21/45/45 24/39/39
f 26/46/46 27/47/47 11/42/42
f 11/42/42 27/47/47 25/40/40
f 28/48/48 23/49/49 20/50/50
f 20/50/50 23/49/49 15/51/51
f 4/52/52 3/53/53 27/54/54
f 27/54/54 3/53/53 25/55/55
f 5/56/56 4/57/57 26/58/58
f 26/58/58 4/57/57 27/59/59
f 14/60/60 24/61/61 7/62/62
f 7/62/62 24/61/61 23/63/63
f 7/62/62 23/63/63 28/64/64
f 6/65/65 5/66/66 28/64/64
f 28/64/64 5/66/66 8/67/67
f 28/64/64 8/67/67 7/62/62
f 5/66/66 26/68/68 8/67/67
f 8/67/67 26/68/68 11/69/69
f 29/70/70 19/71/71 55/72/72
f 55/72/72 19/71/71 59/73/73
f 55/72/72 59/73/73 56/74/74
f 59/73/73 19/71/71 58/75/75
f 58/75/75 19/71/71 18/76/76
f 58/75/75 18/76/76 63/77/77
f 63/77/77 18/76/76 62/78/78
f 62/78/78 18/76/76 70/79/79
f 62/78/78 70/79/79 61/80/80
f 61/80/80 70/79/79 71/81/81
f 61/80/80 71/81/81 224/82/82
f 224/82/82 71/81/81 223/83/83
f 223/83/83 71/81/81 222/84/84
f 222/84/84 71/81/81 68/85/85
f 222/84/84 68/85/85 221/86/86
f 221/86/86 68/85/85 220/87/87
f 220/87/87 68/85/85 64/88/88
f 220/87/87 64/88/88 219/89/89
f 219/89/89 64/88/88 53/90/90
f 219/89/89 53/90/90 218/91/91
f 218/91/91 53/90/90 217/92/92
f 217/92/92 53/90/90 216/93/93
f 216/93/93 53/90/90 215/94/94
f 215/94/94 53/90/90 54/95/95
f 215/94/94 54/95/95 214/96/96
f 214/96/96 54/95/95 213/97/97
f 213/97/97 54/95/95 212/98/98
f 212/98/98 54/95/95 211/99/99
f 211/99/99 54/95/95 210/100/100
f 210/100/100 54/95/95 209/101/101
f 209/101/101 54/95/95 208/102/102
f 208/102/102 54/95/95 231/103/103
f 231/103/103 54/95/95 230/104/104
f 230/104/104 54/95/95 229/105/105
f 229/105/105 54/95/95 56/74/74
f 229/105/105 56/74/74 228/106/106
f 228/106/106 56/74/74 227/107/107
f 227/107/107 56/74/74 226/108/108
f 226/108/108 56/74/74 57/109/109
f 226/108/108 57/109/109 60/110/110
f 60/110/110 57/109/109 63/77/77
f 63/77/77 57/109/109 58/75/75
f 30/111/111 67/112/112 18/76/76
f 18/76/76 67/112/112 69/113/113
f 18/76/76 69/113/113 70/79/79
f 31/114/114 202/115/115 30/111/111
f 30/111/111 202/115/115 203/116/116
f 30/111/111 203/116/116 204/117/117
f 32/118/118 148/119/119 31/114/114
f 31/114/114 148/119/119 149/120/120
f 31/114/114 149/120/120 150/121/121
f 33/122/122 111/123/123 32/118/118
f 32/118/118 111/123/123 88/124/124
f 32/118/118 88/124/124 89/125/125
f 34/126/126 109/127/127 33/122/122
f 33/122/122 109/127/127 110/128/128
f 33/122/122 110/128/128 111/123/123
f 35/129/129 107/130/130 34/126/126
f 34/126/126 107/130/130 108/131/131
f 34/126/126 108/131/131 109/127/127
f 107/130/130 35/129/129 106/132/132
f 106/132/132 35/129/129 36/133/133
f 106/132/132 36/133/133 38/134/134
f 38/134/134 36/133/133 37/135/135
f 106/132/132 38/134/134 105/136/136
f 105/136/136 38/134/134 39/137/137
f 105/136/136 39/137/137 104/138/138
f 104/138/138 39/137/137 103/139/139
f 103/139/139 39/137/137 41/140/140
f 103/139/139 41/140/140 42/141/141
f 39/137/137 40/142/142 41/140/140
f 42/141/141 43/143/143 103/139/139
f 103/139/139 43/143/143 102/144/144
f 102/144/144 43/143/143 101/145/145
f 101/145/145 43/143/143 100/146/146
f 100/146/146 43/143/143 44/147/147
f 100/146/146 44/147/147 99/148/148
f 99/148/148 44/147/147 98/149/149
f 98/149/149 44/147/147 97/150/150
f 97/150/150 44/147/147 96/151/151
f 96/151/151 44/147/147 45/152/152
f 96/151/151 45/152/152 95/153/153
f 95/153/153 45/152/152 46/154/154
f 95/153/153 46/154/154 94/155/155
f 94/155/155 46/154/154 142/156/156
f 94/155/155 142/156/156 143/157/157
f 46/154/154 47/158/158 142/156/156
f 142/156/156 47/158/158 118/159/159
f 142/156/156 118/159/159 141/160/160
f 141/160/160 118/159/159 119/161/161
f 141/160/160 119/161/161 140/162/162
f 140/162/162 119/161/161 120/163/163
f 140/162/162 120/163/163 139/164/164
f 139/164/164 120/163/163 121/165/165
f 139/164/164 121/165/165 138/166/166
f 138/166/166 121/165/165 122/167/167
f 138/166/166 122/167/167 137/168/168
f 137/168/168 122/167/167 123/169/169
f 137/168/168 123/169/169 136/170/170
f 136/170/170 123/169/169 124/171/171
f 136/170/170 124/171/171 159/172/172
f 159/172/172 124/171/171 125/173/173
f 159/172/172 125/173/173 158/174/174
f 158/174/174 125/173/173 126/175/175
f 158/174/174 126/175/175 157/176/176
f 157/176/176 126/175/175 127/177/177
f 157/176/176 127/177/177 156/178/178
f 156/178/178 127/177/177 128/179/179
f 156/178/178 128/179/179 155/180/180
f 155/180/180 128/179/179 129/181/181
f 155/180/180 129/181/181 154/182/182
f 154/182/182 129/181/181 130/183/183
f 154/182/182 130/183/183 74/184/184
f 74/184/184 130/183/183 73/185/185
f 73/185/185 130/183/183 131/186/186
f 73/185/185 131/186/186 81/187/187
f 81/187/187 131/186/186 132/188/188
f 81/187/187 132/188/188 80/189/189
f 80/189/189 132/188/188 133/190/190
f 80/189/189 133/190/190 53/90/90
f 53/90/90 133/190/190 134/191/191
f 53/90/90 134/191/191 135/192/192
f 47/158/158 48/193/193 118/159/159
f 118/159/159 48/193/193 49/194/194
f 118/159/159 49/194/194 117/195/195
f 117/195/195 49/194/194 50/196/196
f 117/195/195 50/196/196 116/197/197
f 116/197/197 50/196/196 51/198/198
f 116/197/197 51/198/198 115/199/199
f 115/199/199 51/198/198 114/200/200
f 114/200/200 51/198/198 52/201/201
f 114/200/200 52/201/201 113/202/202
f 113/202/202 52/201/201 112/203/203
f 112/203/203 52/201/201 135/192/192
f 135/192/192 52/201/201 53/90/90
f 54/95/95 55/72/72 56/74/74
f 226/108/108 60/110/110 225/204/204
f 225/204/204 60/110/110 61/80/80
f 225/204/204 61/80/80 224/82/82
f 64/88/88 65/205/205 53/90/90
f 53/90/90 65/205/205 85/206/206
f 53/90/90 85/206/206 86/207/207
f 85/206/206 65/205/205 84/208/208
f 84/208/208 65/205/205 66/209/209
f 84/208/208 66/209/209 205/210/210
f 205/210/210 66/209/209 30/111/111
f 205/210/210 30/111/111 204/117/117
f 66/209/209 67/112/112 30/111/111
f 69/113/113 67/112/112 68/85/85
f 68/85/85 67/112/112 64/88/88
f 73/185/185 81/187/187 72/211/211
f 72/211/211 81/187/187 82/212/212
f 72/211/211 82/212/212 191/213/213
f 191/213/213 82/212/212 190/214/214
f 190/214/214 82/212/212 83/215/215
f 190/214/214 83/215/215 189/216/216
f 189/216/216 83/215/215 79/217/217
f 189/216/216 79/217/217 188/218/218
f 188/218/218 79/217/217 76/219/219
f 188/218/218 76/219/219 187/220/220
f 187/220/220 76/219/219 186/221/221
f 186/221/221 76/219/219 87/222/222
f 186/221/221 87/222/222 185/223/223
f 185/223/223 87/222/222 184/224/224
f 184/224/224 87/222/222 207/225/225
f 207/225/225 87/222/222 84/208/208
f 207/225/225 84/208/208 206/226/226
f 206/226/226 84/208/208 205/210/210
f 75/227/227 180/228/228 74/184/184
f 74/184/184 180/228/228 152/229/229
f 74/184/184 152/229/229 153/230/230
f 72/211/211 177/231/231 75/227/227
f 75/227/227 177/231/231 178/232/232
f 75/227/227 178/232/232 179/233/233
f 87/222/222 76/219/219 86/207/207
f 86/207/207 76/219/219 77/234/234
f 86/207/207 77/234/234 53/90/90
f 53/90/90 77/234/234 78/235/235
f 53/90/90 78/235/235 80/189/189
f 80/189/189 78/235/235 83/215/215
f 83/215/215 78/235/235 79/217/217
f 89/125/125 90/236/236 32/118/118
f 32/118/118 90/236/236 91/237/237
f 32/118/118 91/237/237 92/238/238
f 92/238/238 93/239/239 32/118/118
f 32/118/118 93/239/239 143/157/157
f 32/118/118 143/157/157 144/240/240
f 93/239/239 94/155/155 143/157/157
f 144/240/240 145/241/241 32/118/118
f 32/118/118 145/241/241 146/242/242
f 32/118/118 146/242/242 147/243/243
f 147/243/243 148/119/119 32/118/118
f 151/244/244 181/245/245 150/121/121
f 150/121/121 181/245/245 182/246/246
f 150/121/121 182/246/246 31/114/114
f 31/114/114 182/246/246 183/247/247
f 31/114/114 183/247/247 160/248/248
f 181/245/245 151/244/244 180/228/228
f 180/228/228 151/244/244 152/229/229
f 153/230/230 154/182/182 74/184/184
f 160/248/248 161/249/249 31/114/114
f 31/114/114 161/249/249 162/250/250
f 31/114/114 162/250/250 163/251/251
f 163/251/251 164/252/252 31/114/114
f 31/114/114 164/252/252 165/253/253
f 31/114/114 165/253/253 166/254/254
f 166/254/254 167/255/255 31/114/114
f 31/114/114 167/255/255 201/256/256
f 31/114/114 201/256/256 202/115/115
f 167/255/255 168/257/257 201/256/256
f 201/256/256 168/257/257 200/258/258
f 200/258/258 168/257/257 199/259/259
f 199/259/259 168/257/257 169/260/260
f 199/259/259 169/260/260 198/261/261
f 198/261/261 169/260/260 170/262/262
f 198/261/261 170/262/262 197/263/263
f 197/263/263 170/262/262 171/264/264
f 197/263/263 171/264/264 196/265/265
f 196/265/265 171/264/264 172/266/266
f 196/265/265 172/266/266 195/267/267
f 195/267/267 172/266/266 173/268/268
f 195/267/267 173/268/268 194/269/269
f 194/269/269 173/268/268 174/270/270
f 194/269/269 174/270/270 193/271/271
f 193/271/271 174/270/270 175/272/272
f 193/271/271 175/272/272 192/273/273
f 192/273/273 175/272/272 176/274/274
f 192/273/273 176/274/274 191/213/213
f 191/213/213 176/274/274 72/211/211
f 176/274/274 177/231/231 72/211/211
f 179/233/233 180/228/228 75/227/227
f 232/275/275 233/276/276 74/277/277
f 74/277/277 233/276/276 75/278/278
f 233/279/279 234/280/280 75/281/281
f 75/281/281 234/280/280 72/282/282
f 235/283/283 236/284/284 59/285/285
f 59/285/285 236/284/284 56/286/286
f 237/287/287 235/288/288 58/289/289
f 58/289/289 235/288/288 59/290/290
f 238/291/291 239/292/292 87/293/293
f 87/293/293 239/292/292 84/294/294
f 240/295/295 238/296/296 86/297/297
f 86/297/297 238/296/296 87/298/298
f 241/299/299 242/300/300 79/301/301
f 79/301/301 242/300/300 76/302/302
f 243/303/303 241/304/304 78/305/305
f 78/305/305 241/304/304 79/306/306
f 244/307/307 245/308/308 63/309/309
f 63/309/309 245/308/308 60/310/310
f 246/311/311 244/312/312 62/313/313
f 62/313/313 244/312/312 63/314/314
f 247/315/315 248/316/316 67/317/317
f 67/317/317 248/316/316 64/318/318
f 249/319/319 247/320/320 66/321/321
f 66/321/321 247/320/320 67/322/322
f 250/323/323 251/324/324 83/325/325
f 83/325/325 251/324/324 80/326/326
f 252/327/327 250/328/328 82/329/329
f 82/329/329 250/328/328 83/330/330
f 253/331/331 254/332/332 71/333/333
f 71/333/333 254/332/332 68/334/334
f 255/335/335 253/336/336 70/337/337
f 70/337/337 253/336/336 71/338/338
f 239/339/339 256/340/340 84/341/341
f 84/341/341 256/340/340 85/342/342
f 256/343/343 240/344/344 85/345/345
f 85/345/345 240/344/344 86/346/346
f 251/347/347 257/348/348 80/349/349
f 80/349/349 257/348/348 81/350/350
f 257/351/351 252/352/352 81/353/353
f 81/353/353 252/352/352 82/354/354
f 242/355/355 258/356/356 76/357/357
f 76/357/357 258/356/356 77/358/358
f 258/359/359 243/360/360 77/361/361
f 77/361/361 243/360/360 78/362/362
f 234/363/363 259/364/364 72/365/365
f 72/365/365 259/364/364 73/366/366
f 259/367/367 232/368/368 73/369/369
f 73/369/369 232/368/368 74/370/370
f 254/371/371 260/372/372 68/373/373
f 68/373/373 260/372/372 69/374/374
f 260/375/375 255/376/376 69/377/377
f 69/377/377 255/376/376 70/378/378
f 248/379/379 261/380/380 64/381/381
f 64/381/381 261/380/380 65/382/382
f 261/383/383 249/384/384 65/385/385
f 65/385/385 249/384/384 66/386/386
f 245/387/387 262/388/388 60/389/389
f 60/389/389 262/388/388 61/390/390
f 262/391/391 246/392/392 61/393/393
f 61/393/393 246/392/392 62/394/394
f 236/395/395 263/396/396 56/397/397
f 56/397/397 263/396/396 57/398/398
f 263/399/399 237/400/400 57/401/401
f 57/401/401 237/400/400 58/402/402
f 265/403/403 113/404/404 264/405/405
f 264/405/405 113/404/404 112/406/406
f 264/407/405 112/408/406 287/409/407
f 287/409/407 112/408/406 135/410/408
f 287/409/407 135/410/408 286/411/409
f 286/411/409 135/410/408 134/412/410
f 286/411/409 134/412/410 285/413/411
f 285/413/411 134/412/410 133/414/412
f 285/413/411 133/414/412 284/415/413
f 284/415/413 133/414/412 132/416/414
f 284/415/413 132/416/414 283/417/415
f 283/417/415 132/416/414 131/418/416
f 283/417/415 131/418/416 282/419/417
f 282/419/417 131/418/416 130/420/418
f 282/419/417 130/420/418 281/421/419
f 281/421/419 130/420/418 129/422/420
f 281/421/419 129/422/420 280/423/421
f 280/423/421 129/422/420 128/424/422
f 280/423/421 128/424/422 279/425/423
f 279/425/423 128/424/422 127/426/424
f 279/425/423 127/426/424 278/427/425
f 278/427/425 127/426/424 126/428/426
f 278/427/425 126/428/426 277/429/427
f 277/429/427 126/428/426 125/430/428
f 277/429/427 125/430/428 276/431/429
f 276/431/429 125/430/428 124/432/430
f 276/431/429 124/432/430 275/433/431
f 275/433/431 124/432/430 123/434/432
f 275/433/431 123/434/432 274/435/433
f 274/435/433 123/434/432 122/436/434
f 274/435/433 122/436/434 273/437/435
f 273/437/435 122/436/434 121/438/436
f 273/437/435 121/438/436 272/439/437
f 272/439/437 121/438/436 120/440/438
f 272/439/437 120/440/438 271/441/439
f 271/441/439 120/440/438 119/442/440
f 271/441/439 119/442/440 270/443/441
f 270/443/441 119/442/440 118/444/442
f 270/443/441 118/444/442 269/445/443
f 269/445/443 118/444/442 117/446/444
f 269/445/443 117/446/444 268/447/445
f 268/447/445 117/446/444 116/448/446
f 268/447/445 116/448/446 267/449/447
f 267/449/447 116/448/446 115/450/448
f 267/449/447 115/450/448 266/451/449
f 266/451/449 115/450/448 114/452/450
f 266/451/449 114/452/450 265/403/403
f 265/403/403 114/452/450 113/404/404
f 289/453/451 137/454/452 288/455/453
f 288/455/453 137/454/452 136/456/454
f 288/457/453 136/458/454 311/459/455
f 311/459/455 136/458/454 159/460/456
f 311/459/455 159/460/456 310/461/457
f 310/461/457 159/460/456 158/462/458
f 310/461/457 158/462/458 309/463/459
f 309/463/459 158/462/458 157/464/460
f 309/463/459 157/464/460 308/465/461
f 308/465/461 157/464/460 156/466/462
f 308/465/461 156/466/462 307/467/463
f 307/467/463 156/466/462 155/468/464
f 307/467/463 155/468/464 306/469/465
f 306/469/465 155/468/464 154/470/466
f 306/469/465 154/470/466 305/471/467
f 305/471/467 154/470/466 153/472/468
f 305/471/467 153/472/468 304/473/469
f 304/473/469 153/472/468 152/474/470
f 304/473/469 152/474/470 303/475/471
f 303/475/471 152/474/470 151/476/472
f 303/475/471 151/476/472 302/477/473
f 302/477/473 151/476/472 150/478/474
f 302/477/473 150/478/474 301/479/475
f 301/479/475 150/478/474 149/480/476
f 301/479/475 149/480/476 300/481/477
f 300/481/477 149/480/476 148/482/478
f 300/481/477 148/482/478 299/483/479
f 299/483/479 148/482/478 147/484/480
f 299/483/479 147/484/480 298/485/481
f 298/485/481 147/484/480 146/486/482
f 298/485/481 146/486/482 297/487/483
f 297/487/483 146/486/482 145/488/484
f 297/487/483 145/488/484 296/489/485
f 296/489/485 145/488/484 144/490/486
f 296/489/485 144/490/486 295/491/487
f 295/491/487 144/490/486 143/492/488
f 295/491/487 143/492/488 294/493/489
f 294/493/489 143/492/488 142/494/490
f 294/493/489 142/494/490 293/495/491
f 293/495/491 142/494/490 141/496/492
f 293/495/491 141/496/492 292/497/493
f 292/497/493 141/496/492 140/498/494
f 292/497/493 140/498/494 291/499/495
f 291/499/495 140/498/494 139/500/496
f 291/499/495 139/500/496 290/501/497
f 290/501/497 139/500/496 138/502/498
f 290/501/497 138/502/498 289/453/451
f 289/453/451 138/502/498 137/454/452
f 111/503/499 335/504/500 88/505/501
f 88/505/501 335/504/500 312/506/502
f 88/507/501 312/508/502 89/509/503
f 89/509/503 312/508/502 313/510/504
f 89/509/503 313/510/504 90/511/505
f 90/511/505 313/510/504 314/512/506
f 90/511/505 314/512/506 91/513/507
f 91/513/507 314/512/506 315/514/508
f 91/513/507 315/514/508 92/515/509
f 92/515/509 315/514/508 316/516/510
f 92/515/509 316/516/510 93/517/511
f 93/517/511 316/516/510 317/518/512
f 93/517/511 317/518/512 94/519/513
f 94/519/513 317/518/512 318/520/514
f 94/519/513 318/520/514 95/521/515
f 95/521/515 318/520/514 319/522/516
f 95/521/515 319/522/516 96/523/517
f 96/523/517 319/522/516 320/524/518
f 96/523/517 320/524/518 97/525/519
f 97/525/519 320/524/518 321/526/520
f 97/525/519 321/526/520 98/527/521
f 98/527/521 321/526/520 322/528/522
f 98/527/521 322/528/522 99/529/523
f 99/529/523 322/528/522 323/530/524
f 99/529/523 323/530/524 100/531/525
f 100/531/525 323/530/524 324/532/526
f 100/531/525 324/532/526 101/533/527
f 101/533/527 324/532/526 325/534/528
f 101/533/527 325/534/528 102/535/529
f 102/535/529 325/534/528 326/536/530
f 102/535/529 326/536/530 103/537/531
f 103/537/531 326/536/530 327/538/532
f 103/537/531 327/538/532 104/539/533
f 104/539/533 327/538/532 328/540/534
f 104/539/533 328/540/534 105/541/535
f 105/541/535 328/540/534 329/542/536
f 105/541/535 329/542/536 106/543/537
f 106/543/537 329/542/536 330/544/538
f 106/543/537 330/544/538 107/545/539
f 107/545/539 330/544/538 331/546/540
f 107/545/539 331/546/540 108/547/541
f 108/547/541 331/546/540 332/548/542
f 108/547/541 332/548/542 109/549/543
f 109/549/543 332/548/542 333/550/544
f 109/549/543 333/550/544 110/551/545
f 110/551/545 333/550/544 334/552/546
f 110/551/545 334/552/546 111/503/499
f 111/503/499 334/552/546 335/504/500
f 43/553/547 336/554/548 44/555/549
f 44/555/549 336/554/548 337/556/550
f 44/555/549 337/556/550 45/557/551
f 45/557/551 337/556/550 338/558/552
f 45/557/551 338/558/552 46/559/553
f 46/559/553 338/558/552 339/560/554
f 46/559/553 339/560/554 47/561/555
f 47/561/555 339/560/554 340/562/556
f 47/561/555 340/562/556 48/563/557
f 48/563/557 340/562/556 341/564/558
f 48/563/557 341/564/558 49/565/559
f 49/565/559 341/564/558 342/566/560
f 49/565/559 342/566/560 50/567/561
f 50/567/561 342/566/560 343/568/562
f 50/567/561 343/568/562 51/569/563
f 51/569/563 343/568/562 344/570/564
f 51/569/563 344/570/564 52/571/565
f 52/571/565 344/570/564 345/572/566
f 52/571/565 345/572/566 53/573/567
f 53/573/567 345/572/566 346/574/568
f 336/575/548 43/576/547 350/577/569
f 350/577/569 43/576/547 42/578/570
f 350/577/569 42/578/570 349/579/571
f 349/579/571 42/578/570 41/580/572
f 349/579/571 41/580/572 348/581/573
f 348/581/573 41/580/572 40/582/574
f 348/581/573 40/582/574 347/583/575
f 347/583/575 40/582/574 39/584/576
f 352/585/577 391/586/578 351/587/579
f 351/587/579 391/586/578 392/588/580
f 351/587/579 392/588/580 378/589/581
f 378/589/581 392/588/580 377/590/582
f 377/590/582 392/588/580 393/591/583
f 377/590/582 393/591/583 394/592/584
f 353/593/585 236/594/586 352/585/577
f 352/585/577 236/594/586 235/595/587
f 352/585/577 235/595/587 237/596/588
f 346/597/589 426/598/590 353/593/585
f 353/593/585 426/598/590 427/599/591
f 353/593/585 427/599/591 428/600/592
f 345/601/593 287/602/594 346/597/589
f 346/597/589 287/602/594 286/603/595
f 346/597/589 286/603/595 285/604/596
f 344/605/597 266/606/598 345/601/593
f 345/601/593 266/606/598 265/607/599
f 345/601/593 265/607/599 264/608/600
f 343/609/601 268/610/602 344/605/597
f 344/605/597 268/610/602 267/611/603
f 344/605/597 267/611/603 266/606/598
f 268/610/602 343/609/601 269/612/604
f 269/612/604 343/609/601 342/613/605
f 269/612/604 342/613/605 270/614/606
f 270/614/606 342/613/605 341/615/607
f 270/614/606 341/615/607 340/616/608
f 270/614/606 340/616/608 294/617/609
f 294/617/609 340/616/608 339/618/610
f 294/617/609 339/618/610 318/619/611
f 318/619/611 339/618/610 319/620/612
f 319/620/612 339/618/610 338/621/613
f 319/620/612 338/621/613 320/622/614
f 320/622/614 338/621/613 337/623/615
f 320/622/614 337/623/615 321/624/616
f 321/624/616 337/623/615 322/625/617
f 322/625/617 337/623/615 323/626/618
f 323/626/618 337/623/615 324/627/619
f 324/627/619 337/623/615 336/628/620
f 324/627/619 336/628/620 325/629/621
f 325/629/621 336/628/620 326/630/622
f 326/630/622 336/628/620 327/631/623
f 327/631/623 336/628/620 350/632/624
f 327/631/623 350/632/624 349/633/625
f 348/634/626 347/635/627 349/633/625
f 349/633/625 347/635/627 327/631/623
f 354/636/628 329/637/629 347/635/627
f 347/635/627 329/637/629 328/638/630
f 347/635/627 328/638/630 327/631/623
f 355/639/631 356/640/632 354/636/628
f 354/636/628 356/640/632 330/641/633
f 354/636/628 330/641/633 329/637/629
f 356/640/632 357/642/634 330/641/633
f 330/641/633 357/642/634 331/643/635
f 331/643/635 357/642/634 358/644/636
f 331/643/635 358/644/636 332/645/637
f 332/645/637 358/644/636 333/646/638
f 333/646/638 358/644/636 359/647/639
f 333/646/638 359/647/639 334/648/640
f 334/648/640 359/647/639 335/649/641
f 335/649/641 359/647/639 360/650/642
f 335/649/641 360/650/642 312/651/643
f 312/651/643 360/650/642 313/652/644
f 313/652/644 360/650/642 314/653/645
f 314/653/645 360/650/642 315/654/646
f 315/654/646 360/650/642 316/655/647
f 316/655/647 360/650/642 317/656/648
f 317/656/648 360/650/642 295/657/649
f 317/656/648 295/657/649 318/619/611
f 318/619/611 295/657/649 294/617/609
f 351/587/579 300/658/650 360/650/642
f 360/650/642 300/658/650 299/659/651
f 360/650/642 299/659/651 298/660/652
f 244/661/653 263/662/654 245/663/655
f 245/663/655 263/662/654 415/664/656
f 245/663/655 415/664/656 416/665/657
f 246/666/658 352/585/577 244/661/653
f 244/661/653 352/585/577 237/596/588
f 244/661/653 237/596/588 263/662/654
f 352/585/577 246/666/658 255/667/659
f 255/667/659 246/666/658 262/668/660
f 255/667/659 262/668/660 253/669/661
f 253/669/661 262/668/660 417/670/662
f 253/669/661 417/670/662 418/671/663
f 417/670/662 262/668/660 416/665/657
f 416/665/657 262/668/660 245/663/655
f 247/672/664 254/673/665 248/674/666
f 248/674/666 254/673/665 421/675/667
f 248/674/666 421/675/667 422/676/668
f 249/677/669 389/678/670 247/672/664
f 247/672/664 389/678/670 352/585/577
f 247/672/664 352/585/577 260/679/671
f 260/679/671 352/585/577 255/667/659
f 261/680/672 239/681/673 249/677/669
f 249/677/669 239/681/673 388/682/674
f 249/677/669 388/682/674 389/678/670
f 248/674/666 346/597/589 261/680/672
f 261/680/672 346/597/589 256/683/675
f 261/680/672 256/683/675 239/681/673
f 241/684/676 405/685/677 242/686/678
f 242/686/678 405/685/677 406/687/679
f 242/686/678 406/687/679 407/688/680
f 243/689/681 250/690/682 241/684/676
f 241/684/676 250/690/682 404/691/683
f 241/684/676 404/691/683 405/685/677
f 258/692/684 346/597/589 243/689/681
f 243/689/681 346/597/589 251/693/685
f 243/689/681 251/693/685 250/690/682
f 346/597/589 258/692/684 240/694/686
f 240/694/686 258/692/684 242/686/678
f 240/694/686 242/686/678 238/695/687
f 238/695/687 242/686/678 407/688/680
f 238/695/687 407/688/680 408/696/688
f 259/697/689 282/698/690 232/699/691
f 232/699/691 282/698/690 306/700/692
f 232/699/691 306/700/692 305/701/693
f 234/702/694 257/703/695 259/697/689
f 259/697/689 257/703/695 283/704/696
f 259/697/689 283/704/696 282/698/690
f 233/705/697 368/706/698 234/702/694
f 234/702/694 368/706/698 369/707/699
f 234/702/694 369/707/699 402/708/700
f 402/708/700 369/707/699 401/709/701
f 401/709/701 369/707/699 370/710/702
f 401/709/701 370/710/702 400/711/703
f 400/711/703 370/710/702 371/712/704
f 400/711/703 371/712/704 399/713/705
f 399/713/705 371/712/704 372/714/706
f 399/713/705 372/714/706 398/715/707
f 398/715/707 372/714/706 373/716/708
f 398/715/707 373/716/708 397/717/709
f 397/717/709 373/716/708 374/718/710
f 397/717/709 374/718/710 396/719/711
f 396/719/711 374/718/710 375/720/712
f 396/719/711 375/720/712 395/721/713
f 395/721/713 375/720/712 376/722/714
f 395/721/713 376/722/714 394/592/584
f 394/592/584 376/722/714 377/590/582
f 232/699/691 365/723/715 233/705/697
f 233/705/697 365/723/715 366/724/716
f 233/705/697 366/724/716 367/725/717
f 404/691/683 250/690/682 403/726/718
f 403/726/718 250/690/682 252/727/719
f 403/726/718 252/727/719 402/708/700
f 402/708/700 252/727/719 234/702/694
f 252/727/719 257/703/695 234/702/694
f 283/704/696 257/703/695 284/728/720
f 284/728/720 257/703/695 251/693/685
f 284/728/720 251/693/685 285/604/596
f 285/604/596 251/693/685 346/597/589
f 238/695/687 386/729/721 239/681/673
f 239/681/673 386/729/721 387/730/722
f 239/681/673 387/730/722 388/682/674
f 240/694/686 256/683/675 346/597/589
f 253/669/661 419/731/723 254/673/665
f 254/673/665 419/731/723 420/732/724
f 254/673/665 420/732/724 421/675/667
f 260/679/671 254/673/665 247/672/664
f 263/662/654 236/594/586 415/664/656
f 415/664/656 236/594/586 414/733/725
f 414/733/725 236/594/586 413/734/726
f 413/734/726 236/594/586 412/735/727
f 412/735/727 236/594/586 353/593/585
f 412/735/727 353/593/585 411/736/728
f 411/736/728 353/593/585 410/737/729
f 410/737/729 353/593/585 409/738/730
f 409/738/730 353/593/585 432/739/731
f 432/739/731 353/593/585 431/740/732
f 431/740/732 353/593/585 430/741/733
f 430/741/733 353/593/585 429/742/734
f 429/742/734 353/593/585 428/600/592
f 384/743/735 361/744/736 351/587/579
f 351/587/579 361/744/736 362/745/737
f 351/587/579 362/745/737 363/746/738
f 351/587/579 363/746/738 302/747/739
f 302/747/739 363/746/738 364/748/740
f 302/747/739 364/748/740 303/749/741
f 303/749/741 364/748/740 365/723/715
f 303/749/741 365/723/715 304/750/742
f 304/750/742 365/723/715 232/699/691
f 304/750/742 232/699/691 305/701/693
f 367/725/717 368/706/698 233/705/697
f 378/589/581 379/751/743 351/587/579
f 351/587/579 379/751/743 380/752/744
f 351/587/579 380/752/744 381/753/745
f 381/753/745 382/754/746 351/587/579
f 351/587/579 382/754/746 383/755/747
f 351/587/579 383/755/747 384/743/735
f 311/756/748 277/757/749 288/758/750
f 288/758/750 277/757/749 276/759/751
f 288/758/750 276/759/751 289/760/752
f 289/760/752 276/759/751 275/761/753
f 289/760/752 275/761/753 290/762/754
f 290/762/754 275/761/753 274/763/755
f 290/762/754 274/763/755 291/764/756
f 291/764/756 274/763/755 273/765/757
f 291/764/756 273/765/757 292/766/758
f 292/766/758 273/765/757 272/767/759
f 292/766/758 272/767/759 293/768/760
f 293/768/760 272/767/759 271/769/761
f 293/768/760 271/769/761 270/614/606
f 277/757/749 311/756/748 278/770/762
f 278/770/762 311/756/748 310/771/763
f 278/770/762 310/771/763 279/772/764
f 279/772/764 310/771/763 309/773/765
f 279/772/764 309/773/765 280/774/766
f 280/774/766 309/773/765 308/775/767
f 280/774/766 308/775/767 281/776/768
f 281/776/768 308/775/767 307/777/769
f 281/776/768 307/777/769 282/698/690
f 282/698/690 307/777/769 306/700/692
f 302/747/739 301/778/770 351/587/579
f 351/587/579 301/778/770 300/658/650
f 298/660/652 297/779/771 360/650/642
f 360/650/642 297/779/771 296/780/772
f 360/650/642 296/780/772 295/657/649
f 294/617/609 293/768/760 270/614/606
f 264/608/600 287/602/594 345/601/593
f 408/696/688 385/781/773 238/695/687
f 238/695/687 385/781/773 386/729/721
f 389/678/670 390/782/774 352/585/577
f 352/585/577 390/782/774 391/586/578
f 418/671/663 419/731/723 253/669/661
f 248/674/666 422/676/668 346/597/589
f 346/597/589 422/676/668 423/783/775
f 346/597/589 423/783/775 424/784/776
f 424/784/776 425/785/777 346/597/589
f 346/597/589 425/785/777 426/598/590
f 354/786/778 347/787/575 38/788/779
f 38/788/779 347/787/575 39/789/576
f 354/790/778 38/791/779 355/792/780
f 355/792/780 38/791/779 37/793/781
f 355/792/780 37/793/781 356/794/782
f 356/794/782 37/793/781 36/795/783
f 356/794/782 36/795/783 357/796/784
f 357/796/784 36/795/783 35/797/785
f 357/796/784 35/797/785 358/798/786
f 358/798/786 35/797/785 34/799/787
f 358/798/786 34/799/787 359/800/788
f 359/800/788 34/799/787 33/801/789
f 359/800/788 33/801/789 360/802/790
f 360/802/790 33/801/789 32/803/791
f 31/804/792 351/805/793 32/806/791
f 32/806/791 351/805/793 360/807/790
f 433/808/794 30/809/795 2/810/796
f 2/810/796 30/809/795 17/811/797
f 2/810/796 17/811/797 22/812/798
f 30/809/795 18/813/799 17/811/797
f 22/812/798 25/814/800 2/810/796
f 2/810/796 25/814/800 3/815/801
f 434/816/802 1/817/803 29/818/804
f 29/818/804 1/817/803 20/819/805
f 29/818/804 20/819/805 19/820/806
f 6/821/807 28/822/808 1/817/803
f 1/817/803 28/822/808 20/819/805
f 30/823/809 433/824/810 31/825/811
f 31/825/811 433/824/810 351/826/812
f 351/826/812 433/824/810 352/827/813
f 352/827/813 433/824/810 434/828/814
f 352/827/813 434/828/814 55/829/815
f 55/829/815 434/828/814 29/830/816
f 2/831/817 1/832/818 433/833/819
f 433/833/819 1/832/818 434/834/820
f 432/835/821 209/836/822 409/837/823
f 409/837/823 209/836/822 208/838/824
f 409/839/823 208/840/824 410/841/825
f 410/841/825 208/840/824 231/842/826
f 410/841/825 231/842/826 411/843/827
f 411/843/827 231/842/826 230/844/828
f 411/843/827 230/844/828 412/845/829
f 412/845/829 230/844/828 229/846/830
f 412/845/829 229/846/830 413/847/831
f 413/847/831 229/846/830 228/848/832
f 413/847/831 228/848/832 414/849/833
f 414/849/833 228/848/832 227/850/834
f 414/849/833 227/850/834 415/851/835
f 415/851/835 227/850/834 226/852/836
f 415/851/835 226/852/836 416/853/837
f 416/853/837 226/852/836 225/854/838
f 416/853/837 225/854/838 417/855/839
f 417/855/839 225/854/838 224/856/840
f 417/855/839 224/856/840 418/857/841
f 418/857/841 224/856/840 223/858/842
f 418/857/841 223/858/842 419/859/843
f 419/859/843 223/858/842 222/860/844
f 419/859/843 222/860/844 420/861/845
f 420/861/845 222/860/844 221/862/846
f 420/861/845 221/862/846 421/863/847
f 421/863/847 221/862/846 220/864/848
f 421/863/847 220/864/848 422/865/849
f 422/865/849 220/864/848 219/866/850
f 422/865/849 219/866/850 423/867/851
f 423/867/851 219/866/850 218/868/852
f 423/867/851 218/868/852 424/869/853
f 424/869/853 218/868/852 217/870/854
f 424/869/853 217/870/854 425/871/855
f 425/871/855 217/870/854 216/872/856
f 425/871/855 216/872/856 426/873/857
f 426/873/857 216/872/856 215/874/858
f 426/873/857 215/874/858 427/875/859
f 427/875/859 215/874/858 214/876/860
f 427/875/859 214/876/860 428/877/861
f 428/877/861 214/876/860 213/878/862
f 428/877/861 213/878/862 429/879/863
f 429/879/863 213/878/862 212/880/864
f 429/879/863 212/880/864 430/881/865
f 430/881/865 212/880/864 211/882/866
f 430/881/865 211/882/866 431/883/867
f 431/883/867 211/882/866 210/884/868
f 431/883/867 210/884/868 432/835/821
f 432/835/821 210/884/868 209/836/822
f 408/885/869 185/886/870 385/887/871
f 385/887/871 185/886/870 184/888/872
f 385/889/871 184/890/872 386/891/873
f 386/891/873 184/890/872 207/892/874
f 386/891/873 207/892/874 387/893/875
f 387/893/875 207/892/874 206/894/876
f 387/893/875 206/894/876 388/895/877
f 388/895/877 206/894/876 205/896/878
f 388/895/877 205/896/878 389/897/879
f 389/897/879 205/896/878 204/898/880
f 389/897/879 204/898/880 390/899/881
f 390/899/881 204/898/880 203/900/882
f 390/899/881 203/900/882 391/901/883
f 391/901/883 203/900/882 202/902/884
f 391/901/883 202/902/884 392/903/885
f 392/903/885 202/902/884 201/904/886
f 392/903/885 201/904/886 393/905/887
f 393/905/887 201/904/886 200/906/888
f 393/905/887 200/906/888 394/907/889
f 394/907/889 200/906/888 199/908/890
f 394/907/889 199/908/890 395/909/891
f 395/909/891 199/908/890 198/910/892
f 395/909/891 198/910/892 396/911/893
f 396/911/893 198/910/892 197/912/894
f 396/911/893 197/912/894 397/913/895
f 397/913/895 197/912/894 196/914/896
f 397/913/895 196/914/896 398/915/897
f 398/915/897 196/914/896 195/916/898
f 398/915/897 195/916/898 399/917/899
f 399/917/899 195/916/898 194/918/900
f 399/917/899 194/918/900 400/919/901
f 400/919/901 194/918/900 193/920/902
f 400/919/901 193/920/902 401/921/903
f 401/921/903 193/920/902 192/922/904
f 401/921/903 192/922/904 402/923/905
f 402/923/905 192/922/904 191/924/906
f 402/923/905 191/924/906 403/925/907
f 403/925/907 191/924/906 190/926/908
f 403/925/907 190/926/908 404/927/909
f 404/927/909 190/926/908 189/928/910
f 404/927/909 189/928/910 405/929/911
f 405/929/911 189/928/910 188/930/912
f 405/929/911 188/930/912 406/931/913
f 406/931/913 188/930/912 187/932/914
f 406/931/913 187/932/914 407/933/915
f 407/933/915 187/932/914 186/934/916
f 407/933/915 186/934/916 408/885/869
f 408/885/869 186/934/916 185/886/870
f 384/935/917 161/936/918 361/937/919
f 361/937/919 161/936/918 160/938/920
f 361/939/919 160/940/920 362/941/921
f 362/941/921 160/940/920 183/942/922
f 362/941/921 183/942/922 363/943/923
f 363/943/923 183/942/922 182/944/924
f 363/943/923 182/944/924 364/945/925
f 364/945/925 182/944/924 181/946/926
f 364/945/925 181/946/926 365/947/927
f 365/947/927 181/946/926 180/948/928
f 365/947/927 180/948/928 366/949/929
f 366/949/929 180/948/928 179/950/930
f 366/949/929 179/950/930 367/951/931
f 367/951/931 179/950/930 178/952/932
f 367/951/931 178/952/932 368/953/933
f 368/953/933 178/952/932 177/954/934
f 368/953/933 177/954/934 369/955/935
f 369/955/935 177/954/934 176/956/936
f 369/955/935 176/956/936 370/957/937
f 370/957/937 176/956/936 175/958/938
f 370/957/937 175/958/938 371/959/939
f 371/959/939 175/958/938 174/960/940
f 371/959/939 174/960/940 372/961/941
f 372/961/941 174/960/940 173/962/942
f 372/961/941 173/962/942 373/963/943
f 373/963/943 173/962/942 172/964/944
f 373/963/943 172/964/944 374/965/945
f 374/965/945 172/964/944 171/966/946
f 374/965/945 171/966/946 375/967/947
f 375/967/947 171/966/946 170/968/948
f 375/967/947 170/968/948 376/969/949
f 376/969/949 170/968/948 169/970/950
f 376/969/949 169/970/950 377/971/951
f 377/971/951 169/970/950 168/972/952
f 377/971/951 168/972/952 378/973/953
f 378/973/953 168/972/952 167/974/954
f 378/973/953 167/974/954 379/975/955
f 379/975/955 167/974/954 166/976/956
f 379/975/955 166/976/956 380/977/957
f 380/977/957 166/976/956 165/978/958
f 380/977/957 165/978/958 381/979/959
f 381/979/959 165/978/958 164/980/960
f 381/979/959 164/980/960 382/981/961
f 382/981/961 164/980/960 163/982/962
f 382/981/961 163/982/962 383/983/963
f 383/983/963 163/982/962 162/984/964
f 383/983/963 162/984/964 384/935/917
f 384/935/917 162/984/964 161/936/918
f 53/985/567 346/986/568 54/987/965
f 54/987/965 346/986/568 353/988/966
f 54/989/967 353/990/968 55/991/969
f 55/991/969 353/990/968 352/992/970
# 434 vertices
# 992 texture params
# 970 normals
# 920 facets

# 1 groups
