# WaveFront *.obj file (generated by Autodesk ATF)

mtllib inside-R.mtl

g inside-R

v 219.500000 14.359070 -29.100000
v 219.500000 29.500000 -18.285050
v 219.500000 29.500000 -29.100000
v 366.200000 49.200000 -4.000000
v 366.200000 -4.000000 -4.000000
v 366.200000 -4.000000 -31.100000
v 366.200000 15.000000 -31.100000
v 366.200000 28.099800 -21.743000
v 366.200000 26.100000 -21.743000
v 366.200000 26.100000 -7.100000
v 366.200000 49.200000 -7.100000
v 366.200000 6.000000 -15.600000
v 366.200000 7.143514 -15.720188
v 366.200000 8.237052 -16.075500
v 366.200000 9.232819 -16.650407
v 366.200000 10.087297 -17.419782
v 366.200000 10.763140 -18.350000
v 366.200000 11.230811 -19.400407
v 366.200000 11.469870 -20.525093
v 366.200000 11.469870 -21.674907
v 366.200000 11.230811 -22.799593
v 366.200000 10.763140 -23.850000
v 366.200000 10.087297 -24.780218
v 366.200000 9.232819 -25.549593
v 366.200000 8.237052 -26.124500
v 366.200000 7.143514 -26.479812
v 366.200000 6.000000 -26.600000
v 366.200000 4.856486 -26.479812
v 366.200000 3.762948 -26.124500
v 366.200000 2.767181 -25.549593
v 366.200000 1.912703 -24.780218
v 366.200000 1.236860 -23.850000
v 366.200000 0.769189 -22.799593
v 366.200000 0.530130 -21.674907
v 366.200000 0.530130 -20.525093
v 366.200000 0.769189 -19.400407
v 366.200000 1.236860 -18.350000
v 366.200000 1.912703 -17.419782
v 366.200000 2.767181 -16.650407
v 366.200000 3.762948 -16.075500
v 366.200000 4.856486 -15.720188
v 182.500000 -4.000000 -4.000000
v 182.500000 -4.000000 -7.100000
v 196.500000 -4.000000 -7.100000
v 196.500000 -4.000000 -4.100000
v 204.000000 -4.000000 -4.100000
v 204.000000 -4.000000 -7.100000
v 219.500000 -4.000000 -7.100000
v 219.500000 -4.000000 -29.100000
v 182.500000 -4.000000 -29.100000
v 182.500000 -4.000000 -31.100000
v 221.500000 -4.000000 -31.100000
v 221.500000 -4.000000 -7.100000
v 321.200000 -4.000000 -7.100000
v 321.200000 -4.000000 -31.100000
v 217.500000 27.000000 -31.100000
v 217.448889 26.611771 -31.100000
v 217.299038 26.250000 -31.100000
v 217.060660 25.939340 -31.100000
v 216.750000 25.700962 -31.100000
v 216.388229 25.551111 -31.100000
v 216.000000 25.500000 -31.100000
v 215.611771 25.551111 -31.100000
v 215.250000 25.700962 -31.100000
v 214.939340 25.939340 -31.100000
v 214.700962 26.250000 -31.100000
v 214.551111 26.611771 -31.100000
v 214.500000 27.000000 -31.100000
v 214.551111 27.388229 -31.100000
v 214.700962 27.750000 -31.100000
v 214.939340 28.060660 -31.100000
v 215.250000 28.299038 -31.100000
v 215.611771 28.448889 -31.100000
v 216.000000 28.500000 -31.100000
v 216.388229 28.448889 -31.100000
v 216.750000 28.299038 -31.100000
v 217.060660 28.060660 -31.100000
v 217.299038 27.750000 -31.100000
v 217.448889 27.388229 -31.100000
v 217.500000 27.000000 -29.100000
v 217.448889 27.388229 -29.100000
v 217.299038 27.750000 -29.100000
v 217.060660 28.060660 -29.100000
v 216.750000 28.299038 -29.100000
v 216.388229 28.448889 -29.100000
v 216.000000 28.500000 -29.100000
v 215.611771 28.448889 -29.100000
v 215.250000 28.299038 -29.100000
v 214.939340 28.060660 -29.100000
v 214.700962 27.750000 -29.100000
v 214.551111 27.388229 -29.100000
v 214.500000 27.000000 -29.100000
v 214.551111 26.611771 -29.100000
v 214.700962 26.250000 -29.100000
v 214.939340 25.939340 -29.100000
v 215.250000 25.700962 -29.100000
v 215.611771 25.551111 -29.100000
v 216.000000 25.500000 -29.100000
v 216.388229 25.551111 -29.100000
v 216.750000 25.700962 -29.100000
v 217.060660 25.939340 -29.100000
v 217.299038 26.250000 -29.100000
v 217.448889 26.611771 -29.100000
v 221.500000 31.000000 -19.671429
v 221.500000 15.000000 -31.100000
v 221.500000 31.000000 -31.100000
v 364.200000 14.359070 -29.100000
v 364.200000 26.100000 -20.713621
v 363.200000 26.100000 -20.713621
v 359.200000 26.100000 -20.713621
v 359.200000 30.100000 -17.856478
v 353.200000 30.100000 -17.856478
v 353.200000 26.100000 -20.713621
v 349.200000 26.100000 -20.713621
v 349.200000 30.100000 -17.856478
v 346.200000 30.100000 -17.856478
v 346.200000 38.200000 -12.070764
v 194.500000 38.200000 -12.070764
v 195.280361 38.123141 -12.125663
v 196.030734 37.895518 -12.288251
v 196.722281 37.525878 -12.552280
v 197.328427 37.028427 -12.907602
v 197.825878 36.422281 -13.340564
v 198.195518 35.730734 -13.834526
v 198.423141 34.980361 -14.370506
v 198.500000 34.200000 -14.927907
v 198.423141 33.419639 -15.485308
v 198.195518 32.669266 -16.021288
v 197.825878 31.977719 -16.515251
v 197.328427 31.371573 -16.948212
v 196.722281 30.874122 -17.303535
v 196.030734 30.504482 -17.567563
v 195.280361 30.276859 -17.730151
v 194.500000 30.200000 -17.785050
v 193.719639 30.276859 -17.730151
v 192.969266 30.504482 -17.567563
v 192.277719 30.874122 -17.303535
v 191.671573 31.371573 -16.948212
v 191.174122 31.977719 -16.515251
v 190.804482 32.669266 -16.021288
v 190.576859 33.419639 -15.485308
v 190.500000 34.200000 -14.927907
v 190.576859 34.980361 -14.370506
v 190.804482 35.730734 -13.834526
v 191.174122 36.422281 -13.340564
v 191.671573 37.028427 -12.907602
v 192.277719 37.525878 -12.552280
v 192.969266 37.895518 -12.288251
v 193.719639 38.123141 -12.125663
v 182.500000 38.200000 -12.070764
v 182.500000 29.759070 -18.100000
v 219.500000 29.759070 -18.100000
v 204.000000 -7.000000 -7.100000
v 196.500000 -7.000000 -7.100000
v 202.500000 -2.000000 -9.100000
v 202.500000 -1.500000 -8.600000
v 196.500000 -1.500000 -8.600000
v 196.500000 -0.000000 -7.100000
v 204.000000 -0.000000 -7.100000
v 204.000000 -2.000000 -9.100000
v 360.075000 32.600000 -7.100000
v 360.113333 32.308829 -7.100000
v 360.225721 32.037500 -7.100000
v 360.404505 31.804505 -7.100000
v 360.637500 31.625721 -7.100000
v 360.908829 31.513333 -7.100000
v 361.200000 31.475000 -7.100000
v 361.491171 31.513333 -7.100000
v 361.762500 31.625721 -7.100000
v 361.995495 31.804505 -7.100000
v 362.174279 32.037500 -7.100000
v 362.286667 32.308829 -7.100000
v 362.325000 32.600000 -7.100000
v 362.286667 32.891171 -7.100000
v 362.174279 33.162500 -7.100000
v 361.995495 33.395495 -7.100000
v 361.762500 33.574279 -7.100000
v 361.491171 33.686667 -7.100000
v 361.200000 33.725000 -7.100000
v 360.908829 33.686667 -7.100000
v 360.637500 33.574279 -7.100000
v 360.404505 33.395495 -7.100000
v 360.225721 33.162500 -7.100000
v 360.113333 32.891171 -7.100000
v 350.075000 32.600000 -7.100000
v 350.113333 32.308829 -7.100000
v 350.225721 32.037500 -7.100000
v 350.404505 31.804505 -7.100000
v 350.637500 31.625721 -7.100000
v 350.908829 31.513333 -7.100000
v 351.200000 31.475000 -7.100000
v 351.491171 31.513333 -7.100000
v 351.762500 31.625721 -7.100000
v 351.995495 31.804505 -7.100000
v 352.174279 32.037500 -7.100000
v 352.286667 32.308829 -7.100000
v 352.325000 32.600000 -7.100000
v 352.286667 32.891171 -7.100000
v 352.174279 33.162500 -7.100000
v 351.995495 33.395495 -7.100000
v 351.762500 33.574279 -7.100000
v 351.491171 33.686667 -7.100000
v 351.200000 33.725000 -7.100000
v 350.908829 33.686667 -7.100000
v 350.637500 33.574279 -7.100000
v 350.404505 33.395495 -7.100000
v 350.225721 33.162500 -7.100000
v 350.113333 32.891171 -7.100000
v 363.250000 49.200000 -7.100000
v 363.207407 49.523524 -7.100000
v 363.082532 49.825000 -7.100000
v 362.883883 50.083883 -7.100000
v 362.625000 50.282532 -7.100000
v 362.323524 50.407407 -7.100000
v 362.000000 50.450000 -7.100000
v 361.676476 50.407407 -7.100000
v 361.375000 50.282532 -7.100000
v 361.116117 50.083883 -7.100000
v 360.917468 49.825000 -7.100000
v 360.792593 49.523524 -7.100000
v 360.750000 49.200000 -7.100000
v 360.792593 48.876476 -7.100000
v 360.917468 48.575000 -7.100000
v 361.116117 48.316117 -7.100000
v 361.375000 48.117468 -7.100000
v 361.676476 47.992593 -7.100000
v 362.000000 47.950000 -7.100000
v 362.323524 47.992593 -7.100000
v 362.625000 48.117468 -7.100000
v 362.883883 48.316117 -7.100000
v 363.082532 48.575000 -7.100000
v 363.207407 48.876476 -7.100000
v 278.500000 17.600000 -7.100000
v 278.500000 11.600000 -7.100000
v 284.500000 11.600000 -7.100000
v 284.500000 17.600000 -7.100000
v 328.500000 17.600000 -7.100000
v 322.500000 17.600000 -7.100000
v 322.500000 11.600000 -7.100000
v 328.500000 11.600000 -7.100000
v 300.500000 17.600000 -7.100000
v 300.500000 11.600000 -7.100000
v 306.500000 11.600000 -7.100000
v 306.500000 17.600000 -7.100000
v 344.500000 17.600000 -7.100000
v 344.500000 11.600000 -7.100000
v 350.500000 11.600000 -7.100000
v 350.500000 17.600000 -7.100000
v 240.500000 11.600000 -7.100000
v 240.500000 17.600000 -7.100000
v 234.500000 17.600000 -7.100000
v 234.500000 11.600000 -7.100000
v 262.500000 17.600000 -7.100000
v 256.500000 17.600000 -7.100000
v 256.500000 11.600000 -7.100000
v 262.500000 11.600000 -7.100000
v 218.500000 17.600000 -7.100000
v 212.500000 17.600000 -7.100000
v 212.500000 11.600000 -7.100000
v 218.500000 11.600000 -7.100000
v 196.500000 17.600000 -7.100000
v 190.500000 17.600000 -7.100000
v 190.500000 11.600000 -7.100000
v 196.500000 11.600000 -7.100000
v 182.500000 38.200000 -7.100000
v 194.500000 38.200000 -7.100000
v 193.542737 38.083767 -7.100000
v 192.641107 37.741824 -7.100000
v 191.847509 37.194043 -7.100000
v 191.208065 36.472259 -7.100000
v 190.759935 35.618420 -7.100000
v 190.529165 34.682147 -7.100000
v 190.529165 33.717853 -7.100000
v 190.759935 32.781580 -7.100000
v 191.208065 31.927741 -7.100000
v 191.847509 31.205957 -7.100000
v 192.641107 30.658176 -7.100000
v 193.542737 30.316233 -7.100000
v 194.500000 30.200000 -7.100000
v 195.457263 30.316233 -7.100000
v 196.358893 30.658176 -7.100000
v 197.152491 31.205957 -7.100000
v 197.791935 31.927741 -7.100000
v 198.240065 32.781580 -7.100000
v 198.470835 33.717853 -7.100000
v 198.470835 34.682147 -7.100000
v 198.240065 35.618420 -7.100000
v 197.791935 36.472259 -7.100000
v 197.152491 37.194043 -7.100000
v 196.358893 37.741824 -7.100000
v 195.457263 38.083767 -7.100000
v 346.200000 38.200000 -7.100000
v 346.200000 40.200000 -7.100000
v 317.000000 40.200000 -7.100000
v 320.616954 40.309119 -7.100000
v 324.220752 40.636079 -7.100000
v 327.798287 41.179690 -7.100000
v 331.336544 41.937976 -7.100000
v 334.822656 42.908177 -7.100000
v 338.243941 44.086767 -7.100000
v 341.587956 45.469456 -7.100000
v 344.842537 47.051217 -7.100000
v 347.995846 48.826295 -7.100000
v 351.036414 50.788235 -7.100000
v 352.077647 51.395227 -7.100000
v 353.198249 51.838910 -7.100000
v 354.372787 52.109212 -7.100000
v 355.574603 52.200000 -7.100000
v 363.200000 52.200000 -7.100000
v 363.976457 52.097777 -7.100000
v 364.700000 51.798076 -7.100000
v 365.321320 51.321320 -7.100000
v 365.798076 50.700000 -7.100000
v 366.097777 49.976457 -7.100000
v 364.200000 26.100000 -7.100000
v 364.200000 9.100000 -7.100000
v 321.200000 9.100000 -7.100000
v 221.500000 8.000000 -7.100000
v 219.500000 8.000000 -7.100000
v 353.200000 30.100000 -7.100000
v 349.200000 30.100000 -7.100000
v 349.200000 26.100000 -7.100000
v 353.200000 26.100000 -7.100000
v 359.200000 26.100000 -7.100000
v 363.200000 26.100000 -7.100000
v 363.200000 30.100000 -7.100000
v 359.200000 30.100000 -7.100000
v 204.000000 -2.000000 -22.100000
v 202.500000 -2.000000 -22.100000
v 202.500000 -17.000000 -8.600000
v 202.500000 -17.000000 -22.100000
v 204.000000 -18.500000 -22.100000
v 182.500000 -18.500000 -22.100000
v 182.500000 -17.000000 -22.100000
v 196.500000 -17.000000 -8.600000
v 196.500000 -17.000000 -7.100000
v 204.000000 -18.500000 -7.100000
v 182.500000 -18.500000 -7.100000
v 182.500000 -17.000000 -7.100000
v 219.500000 29.500000 -18.100000
v 182.500000 29.500000 -18.100000
v 182.500000 29.500000 -29.100000
v 219.500000 8.000000 -29.100000
v 221.500000 8.000000 -29.100000
v 221.500000 6.000000 -29.100000
v 321.200000 6.000000 -29.100000
v 321.200000 -2.000000 -29.100000
v 364.200000 -2.000000 -29.100000
v 182.500000 40.200000 -4.000000
v 182.500000 40.200000 -13.100000
v 182.500000 31.000000 -19.671429
v 182.500000 31.000000 -31.100000
v 346.200000 40.200000 -13.100000
v 346.200000 30.100000 -20.314286
v 363.200000 30.100000 -20.314286
v 363.200000 28.099800 -21.743000
v 194.500000 33.200000 -18.100000
v 194.695090 33.219215 -18.086275
v 194.882683 33.276120 -18.045628
v 195.055570 33.368530 -17.979621
v 195.207107 33.492893 -17.890791
v 195.331470 33.644430 -17.782550
v 195.423880 33.817317 -17.659060
v 195.480785 34.004910 -17.525065
v 195.500000 34.200000 -17.385714
v 195.480785 34.395090 -17.246364
v 195.423880 34.582683 -17.112369
v 195.331470 34.755570 -16.988878
v 195.207107 34.907107 -16.880638
v 195.055570 35.031470 -16.791807
v 194.882683 35.123880 -16.725800
v 194.695090 35.180785 -16.685153
v 194.500000 35.200000 -16.671429
v 194.304910 35.180785 -16.685153
v 194.117317 35.123880 -16.725800
v 193.944430 35.031470 -16.791807
v 193.792893 34.907107 -16.880638
v 193.668530 34.755570 -16.988878
v 193.576120 34.582683 -17.112369
v 193.519215 34.395090 -17.246364
v 193.500000 34.200000 -17.385714
v 193.519215 34.004910 -17.525065
v 193.576120 33.817317 -17.659060
v 193.668530 33.644430 -17.782550
v 193.792893 33.492893 -17.890791
v 193.944430 33.368530 -17.979621
v 194.117317 33.276120 -18.045628
v 194.304910 33.219215 -18.086275
v 321.200000 6.000000 -31.100000
v 221.500000 6.000000 -31.100000
v 363.250000 0.200000 -12.100000
v 363.207407 0.523524 -12.100000
v 363.082532 0.825000 -12.100000
v 362.883883 1.083883 -12.100000
v 362.625000 1.282532 -12.100000
v 362.323524 1.407407 -12.100000
v 362.000000 1.450000 -12.100000
v 361.676476 1.407407 -12.100000
v 361.375000 1.282532 -12.100000
v 361.116117 1.083883 -12.100000
v 360.917468 0.825000 -12.100000
v 360.792593 0.523524 -12.100000
v 360.750000 0.200000 -12.100000
v 360.792593 -0.123524 -12.100000
v 360.917468 -0.425000 -12.100000
v 361.116117 -0.683883 -12.100000
v 361.375000 -0.882532 -12.100000
v 361.676476 -1.007407 -12.100000
v 362.000000 -1.050000 -12.100000
v 362.323524 -1.007407 -12.100000
v 362.625000 -0.882532 -12.100000
v 362.883883 -0.683883 -12.100000
v 363.082532 -0.425000 -12.100000
v 363.207407 -0.123524 -12.100000
v 329.200000 -0.000000 -12.100000
v 329.083767 0.957263 -12.100000
v 328.741824 1.858893 -12.100000
v 328.194043 2.652491 -12.100000
v 327.472259 3.291935 -12.100000
v 326.618420 3.740065 -12.100000
v 325.682147 3.970835 -12.100000
v 324.717853 3.970836 -12.100000
v 323.781580 3.740065 -12.100000
v 322.927741 3.291935 -12.100000
v 322.205957 2.652491 -12.100000
v 321.658176 1.858893 -12.100000
v 321.316233 0.957263 -12.100000
v 321.200000 0.000000 -12.100000
v 321.200000 9.100000 -12.100000
v 364.200000 9.100000 -12.100000
v 364.200000 -2.000000 -12.100000
v 329.200000 -2.000000 -12.100000
v 321.200000 0.000000 -18.100000
v 321.200000 -2.000000 -18.100000
v 364.200000 6.000000 -15.600000
v 364.200000 7.143514 -15.720188
v 364.200000 8.237052 -16.075500
v 364.200000 9.232819 -16.650407
v 364.200000 10.087297 -17.419782
v 364.200000 10.763140 -18.350000
v 364.200000 11.230811 -19.400407
v 364.200000 11.469870 -20.525093
v 364.200000 11.469870 -21.674907
v 364.200000 11.230811 -22.799593
v 364.200000 10.763140 -23.850000
v 364.200000 10.087297 -24.780218
v 364.200000 9.232819 -25.549593
v 364.200000 8.237052 -26.124500
v 364.200000 7.143514 -26.479812
v 364.200000 6.000000 -26.600000
v 364.200000 4.856486 -26.479812
v 364.200000 3.762948 -26.124500
v 364.200000 2.767181 -25.549593
v 364.200000 1.912703 -24.780218
v 364.200000 1.236860 -23.850000
v 364.200000 0.769189 -22.799593
v 364.200000 0.530130 -21.674907
v 364.200000 0.530130 -20.525093
v 364.200000 0.769189 -19.400407
v 364.200000 1.236860 -18.350000
v 364.200000 1.912703 -17.419782
v 364.200000 2.767181 -16.650407
v 364.200000 3.762948 -16.075500
v 364.200000 4.856486 -15.720188
v 329.200000 -2.000000 -18.100000
v 321.316233 0.957263 -18.100000
v 321.658176 1.858893 -18.100000
v 322.205957 2.652491 -18.100000
v 322.927741 3.291935 -18.100000
v 323.781580 3.740065 -18.100000
v 324.717853 3.970836 -18.100000
v 325.682147 3.970835 -18.100000
v 326.618420 3.740065 -18.100000
v 327.472259 3.291935 -18.100000
v 328.194043 2.652491 -18.100000
v 328.741824 1.858893 -18.100000
v 329.083767 0.957263 -18.100000
v 329.200000 -0.000000 -18.100000
v 324.200000 0.000000 -18.100000
v 324.234074 -0.258819 -18.100000
v 324.333975 -0.500000 -18.100000
v 324.492893 -0.707107 -18.100000
v 324.700000 -0.866025 -18.100000
v 324.941181 -0.965926 -18.100000
v 325.200000 -1.000000 -18.100000
v 325.458819 -0.965926 -18.100000
v 325.700000 -0.866025 -18.100000
v 325.907107 -0.707107 -18.100000
v 326.066025 -0.500000 -18.100000
v 326.165926 -0.258819 -18.100000
v 326.200000 0.000000 -18.100000
v 326.165926 0.258819 -18.100000
v 326.066025 0.500000 -18.100000
v 325.907107 0.707107 -18.100000
v 325.700000 0.866025 -18.100000
v 325.458819 0.965926 -18.100000
v 325.200000 1.000000 -18.100000
v 324.941181 0.965926 -18.100000
v 324.700000 0.866025 -18.100000
v 324.492893 0.707107 -18.100000
v 324.333975 0.500000 -18.100000
v 324.234074 0.258819 -18.100000
v 363.200000 26.100000 -21.743000
v 363.200000 52.200000 -4.000000
v 363.976457 52.097777 -4.000000
v 364.700000 51.798076 -4.000000
v 365.321320 51.321320 -4.000000
v 365.798076 50.700000 -4.000000
v 366.097777 49.976457 -4.000000
v 355.574603 52.200000 -4.000000
v 354.372787 52.109212 -4.000000
v 353.198249 51.838910 -4.000000
v 352.077647 51.395227 -4.000000
v 351.036414 50.788235 -4.000000
v 347.995846 48.826295 -4.000000
v 344.842537 47.051217 -4.000000
v 341.587956 45.469456 -4.000000
v 338.243941 44.086767 -4.000000
v 334.822656 42.908177 -4.000000
v 331.336544 41.937976 -4.000000
v 327.798287 41.179690 -4.000000
v 324.220752 40.636079 -4.000000
v 320.616954 40.309119 -4.000000
v 317.000000 40.200000 -4.000000
v 212.500000 11.600000 -4.000000
v 212.500000 17.600000 -4.000000
v 218.500000 17.600000 -4.000000
v 218.500000 11.600000 -4.000000
v 256.500000 11.600000 -4.000000
v 256.500000 17.600000 -4.000000
v 262.500000 17.600000 -4.000000
v 262.500000 11.600000 -4.000000
v 306.500000 11.600000 -4.000000
v 300.500000 11.600000 -4.000000
v 300.500000 17.600000 -4.000000
v 306.500000 17.600000 -4.000000
v 344.500000 17.600000 -4.000000
v 350.500000 17.600000 -4.000000
v 350.500000 11.600000 -4.000000
v 344.500000 11.600000 -4.000000
v 322.500000 11.600000 -4.000000
v 322.500000 17.600000 -4.000000
v 328.500000 17.600000 -4.000000
v 328.500000 11.600000 -4.000000
v 284.500000 11.600000 -4.000000
v 278.500000 11.600000 -4.000000
v 278.500000 17.600000 -4.000000
v 284.500000 17.600000 -4.000000
v 234.500000 17.600000 -4.000000
v 240.500000 17.600000 -4.000000
v 240.500000 11.600000 -4.000000
v 234.500000 11.600000 -4.000000
v 190.500000 11.600000 -4.000000
v 190.500000 17.600000 -4.000000
v 196.500000 17.600000 -4.000000
v 196.500000 11.600000 -4.000000
v 363.250000 0.200000 -4.000000
v 363.207407 -0.123524 -4.000000
v 363.082532 -0.425000 -4.000000
v 362.883883 -0.683883 -4.000000
v 362.625000 -0.882532 -4.000000
v 362.323524 -1.007407 -4.000000
v 362.000000 -1.050000 -4.000000
v 361.676476 -1.007407 -4.000000
v 361.375000 -0.882532 -4.000000
v 361.116117 -0.683883 -4.000000
v 360.917468 -0.425000 -4.000000
v 360.792593 -0.123524 -4.000000
v 360.750000 0.200000 -4.000000
v 360.792593 0.523524 -4.000000
v 360.917468 0.825000 -4.000000
v 361.116117 1.083883 -4.000000
v 361.375000 1.282532 -4.000000
v 361.676476 1.407407 -4.000000
v 362.000000 1.450000 -4.000000
v 362.323524 1.407407 -4.000000
v 362.625000 1.282532 -4.000000
v 362.883883 1.083883 -4.000000
v 363.082532 0.825000 -4.000000
v 363.207407 0.523524 -4.000000
v 363.250000 49.200000 -4.000000
v 363.207407 48.876476 -4.000000
v 363.082532 48.575000 -4.000000
v 362.883883 48.316117 -4.000000
v 362.625000 48.117468 -4.000000
v 362.323524 47.992593 -4.000000
v 362.000000 47.950000 -4.000000
v 361.676476 47.992593 -4.000000
v 361.375000 48.117468 -4.000000
v 361.116117 48.316117 -4.000000
v 360.917468 48.575000 -4.000000
v 360.792593 48.876476 -4.000000
v 360.750000 49.200000 -4.000000
v 360.792593 49.523524 -4.000000
v 360.917468 49.825000 -4.000000
v 361.116117 50.083883 -4.000000
v 361.375000 50.282532 -4.000000
v 361.676476 50.407407 -4.000000
v 362.000000 50.450000 -4.000000
v 362.323524 50.407407 -4.000000
v 362.625000 50.282532 -4.000000
v 362.883883 50.083883 -4.000000
v 363.082532 49.825000 -4.000000
v 363.207407 49.523524 -4.000000
v 360.075000 32.600000 -4.000000
v 360.113333 32.891171 -4.000000
v 360.225721 33.162500 -4.000000
v 360.404505 33.395495 -4.000000
v 360.637500 33.574279 -4.000000
v 360.908829 33.686667 -4.000000
v 361.200000 33.725000 -4.000000
v 361.491171 33.686667 -4.000000
v 361.762500 33.574279 -4.000000
v 361.995495 33.395495 -4.000000
v 362.174279 33.162500 -4.000000
v 362.286667 32.891171 -4.000000
v 362.325000 32.600000 -4.000000
v 362.286667 32.308829 -4.000000
v 362.174279 32.037500 -4.000000
v 361.995495 31.804505 -4.000000
v 361.762500 31.625721 -4.000000
v 361.491171 31.513333 -4.000000
v 361.200000 31.475000 -4.000000
v 360.908829 31.513333 -4.000000
v 360.637500 31.625721 -4.000000
v 360.404505 31.804505 -4.000000
v 360.225721 32.037500 -4.000000
v 360.113333 32.308829 -4.000000
v 350.075000 32.600000 -4.000000
v 350.113333 32.891171 -4.000000
v 350.225721 33.162500 -4.000000
v 350.404505 33.395495 -4.000000
v 350.637500 33.574279 -4.000000
v 350.908829 33.686667 -4.000000
v 351.200000 33.725000 -4.000000
v 351.491171 33.686667 -4.000000
v 351.762500 33.574279 -4.000000
v 351.995495 33.395495 -4.000000
v 352.174279 33.162500 -4.000000
v 352.286667 32.891171 -4.000000
v 352.325000 32.600000 -4.000000
v 352.286667 32.308829 -4.000000
v 352.174279 32.037500 -4.000000
v 351.995495 31.804505 -4.000000
v 351.762500 31.625721 -4.000000
v 351.491171 31.513333 -4.000000
v 351.200000 31.475000 -4.000000
v 350.908829 31.513333 -4.000000
v 350.637500 31.625721 -4.000000
v 350.404505 31.804505 -4.000000
v 350.225721 32.037500 -4.000000
v 350.113333 32.308829 -4.000000
v 324.200000 0.000000 -4.000000
v 324.234074 0.258819 -4.000000
v 324.333975 0.500000 -4.000000
v 324.492893 0.707107 -4.000000
v 324.700000 0.866025 -4.000000
v 324.941181 0.965926 -4.000000
v 325.200000 1.000000 -4.000000
v 325.458819 0.965926 -4.000000
v 325.700000 0.866025 -4.000000
v 325.907107 0.707107 -4.000000
v 326.066025 0.500000 -4.000000
v 326.165926 0.258819 -4.000000
v 326.200000 0.000000 -4.000000
v 326.165926 -0.258819 -4.000000
v 326.066025 -0.500000 -4.000000
v 325.907107 -0.707107 -4.000000
v 325.700000 -0.866025 -4.000000
v 325.458819 -0.965926 -4.000000
v 325.200000 -1.000000 -4.000000
v 324.941181 -0.965926 -4.000000
v 324.700000 -0.866025 -4.000000
v 324.492893 -0.707107 -4.000000
v 324.333975 -0.500000 -4.000000
v 324.234074 -0.258819 -4.000000
v 193.500000 34.200000 -4.000000
v 193.534074 34.458819 -4.000000
v 193.633975 34.700000 -4.000000
v 193.792893 34.907107 -4.000000
v 194.000000 35.066025 -4.000000
v 194.241181 35.165926 -4.000000
v 194.500000 35.200000 -4.000000
v 194.758819 35.165926 -4.000000
v 195.000000 35.066025 -4.000000
v 195.207107 34.907107 -4.000000
v 195.366025 34.700000 -4.000000
v 195.465926 34.458819 -4.000000
v 195.500000 34.200000 -4.000000
v 195.465926 33.941181 -4.000000
v 195.366025 33.700000 -4.000000
v 195.207107 33.492893 -4.000000
v 195.000000 33.333975 -4.000000
v 194.758819 33.234074 -4.000000
v 194.500000 33.200000 -4.000000
v 194.241181 33.234074 -4.000000
v 194.000000 33.333975 -4.000000
v 193.792893 33.492893 -4.000000
v 193.633975 33.700000 -4.000000
v 193.534074 33.941181 -4.000000
v 363.250000 0.200000 -8.050000
v 363.207407 -0.123524 -8.050000
v 363.082532 -0.425000 -8.050000
v 362.883883 -0.683883 -8.050000
v 362.625000 -0.882532 -8.050000
v 362.323524 -1.007407 -8.050000
v 362.000000 -1.050000 -8.050000
v 361.676476 -1.007407 -8.050000
v 361.375000 -0.882532 -8.050000
v 361.116117 -0.683883 -8.050000
v 360.917468 -0.425000 -8.050000
v 360.792593 -0.123524 -8.050000
v 360.750000 0.200000 -8.050000
v 360.792593 0.523524 -8.050000
v 360.917468 0.825000 -8.050000
v 361.116117 1.083883 -8.050000
v 361.375000 1.282532 -8.050000
v 361.676476 1.407407 -8.050000
v 362.000000 1.450000 -8.050000
v 362.323524 1.407407 -8.050000
v 362.625000 1.282532 -8.050000
v 362.883883 1.083883 -8.050000
v 363.082532 0.825000 -8.050000
v 363.207407 0.523524 -8.050000
v 324.200000 0.000000 -13.400000
v 324.200000 0.000000 -8.700000
v 324.234074 0.258819 -13.400000
v 324.234074 0.258819 -8.700000
v 324.333975 0.500000 -13.400000
v 324.333975 0.500000 -8.700000
v 324.492893 0.707107 -13.400000
v 324.492893 0.707107 -8.700000
v 324.700000 0.866025 -13.400000
v 324.700000 0.866025 -8.700000
v 324.941181 0.965926 -13.400000
v 324.941181 0.965926 -8.700000
v 325.200000 1.000000 -13.400000
v 325.200000 1.000000 -8.700000
v 325.458819 0.965926 -13.400000
v 325.458819 0.965926 -8.700000
v 325.700000 0.866025 -13.400000
v 325.700000 0.866025 -8.700000
v 325.907107 0.707107 -13.400000
v 325.907107 0.707107 -8.700000
v 326.066025 0.500000 -13.400000
v 326.066025 0.500000 -8.700000
v 326.165926 0.258819 -13.400000
v 326.165926 0.258819 -8.700000
v 326.200000 0.000000 -13.400000
v 326.200000 0.000000 -8.700000
v 326.165926 -0.258819 -13.400000
v 326.165926 -0.258819 -8.700000
v 326.066025 -0.500000 -13.400000
v 326.066025 -0.500000 -8.700000
v 325.907107 -0.707107 -13.400000
v 325.907107 -0.707107 -8.700000
v 325.700000 -0.866025 -13.400000
v 325.700000 -0.866025 -8.700000
v 325.458819 -0.965926 -13.400000
v 325.458819 -0.965926 -8.700000
v 325.200000 -1.000000 -13.400000
v 325.200000 -1.000000 -8.700000
v 324.941181 -0.965926 -13.400000
v 324.941181 -0.965926 -8.700000
v 324.700000 -0.866025 -13.400000
v 324.700000 -0.866025 -8.700000
v 324.492893 -0.707107 -13.400000
v 324.492893 -0.707107 -8.700000
v 324.333975 -0.500000 -13.400000
v 324.333975 -0.500000 -8.700000
v 324.234074 -0.258819 -13.400000
v 324.234074 -0.258819 -8.700000
v 193.500000 34.200000 -8.700000
v 193.500000 34.200000 -13.400000
v 194.500000 33.200000 -8.700000
v 194.500000 33.200000 -13.400000
v 194.241181 33.234074 -13.400000
v 194.241181 33.234074 -8.700000
v 194.000000 33.333975 -13.400000
v 194.000000 33.333975 -8.700000
v 193.792893 33.492893 -13.400000
v 193.792893 33.492893 -8.700000
v 193.633975 33.700000 -13.400000
v 193.633975 33.700000 -8.700000
v 193.534074 33.941181 -13.400000
v 193.534074 33.941181 -8.700000
v 193.534074 34.458819 -13.400000
v 193.534074 34.458819 -8.700000
v 193.633975 34.700000 -13.400000
v 193.633975 34.700000 -8.700000
v 193.792893 34.907107 -13.400000
v 193.792893 34.907107 -8.700000
v 194.000000 35.066025 -13.400000
v 194.000000 35.066025 -8.700000
v 194.241181 35.165926 -13.400000
v 194.241181 35.165926 -8.700000
v 194.500000 35.200000 -13.400000
v 194.500000 35.200000 -8.700000
v 194.758819 35.165926 -13.400000
v 194.758819 35.165926 -8.700000
v 195.000000 35.066025 -13.400000
v 195.000000 35.066025 -8.700000
v 195.207107 34.907107 -13.400000
v 195.207107 34.907107 -8.700000
v 195.366025 34.700000 -13.400000
v 195.366025 34.700000 -8.700000
v 195.465926 34.458819 -13.400000
v 195.465926 34.458819 -8.700000
v 195.500000 34.200000 -13.400000
v 195.500000 34.200000 -8.700000
v 195.465926 33.941181 -13.400000
v 195.465926 33.941181 -8.700000
v 195.366025 33.700000 -13.400000
v 195.366025 33.700000 -8.700000
v 195.207107 33.492893 -13.400000
v 195.207107 33.492893 -8.700000
v 195.000000 33.333975 -13.400000
v 195.000000 33.333975 -8.700000
v 194.758819 33.234074 -13.400000
v 194.758819 33.234074 -8.700000
vt 0.000000 0.000000 0.000000
vt 1.081495 1.514093 0.000000
vt 0.000000 1.514093 0.000000
vt 0.510000 3.520000 0.000000
vt 0.200000 3.520000 0.000000
vt 0.510000 1.210000 0.000000
vt 0.200000 -1.800000 0.000000
vt 1.372019 -0.685649 0.000000
vt 1.360000 -0.800000 0.000000
vt 1.372019 -0.914351 0.000000
vt 1.407550 -1.023705 0.000000
vt 1.465041 -1.123282 0.000000
vt 1.541978 -1.208730 0.000000
vt 1.635000 -1.276314 0.000000
vt 1.740041 -1.323081 0.000000
vt 1.852509 -1.346987 0.000000
vt 2.910000 -1.800000 0.000000
vt 1.967491 -1.346987 0.000000
vt 2.079959 -1.323081 0.000000
vt 2.185000 -1.276314 0.000000
vt 2.278022 -1.208730 0.000000
vt 2.354959 -1.123282 0.000000
vt 2.412450 -1.023705 0.000000
vt 2.447981 -0.914351 0.000000
vt 2.460000 -0.800000 0.000000
vt 2.910000 0.100000 0.000000
vt 2.447981 -0.685649 0.000000
vt 2.412450 -0.576295 0.000000
vt 2.354959 -0.476718 0.000000
vt 2.278022 -0.391270 0.000000
vt 1.974300 1.210000 0.000000
vt 2.185000 -0.323686 0.000000
vt 2.079959 -0.276919 0.000000
vt 1.967491 -0.253013 0.000000
vt 1.852509 -0.253013 0.000000
vt 1.740041 -0.276919 0.000000
vt 1.635000 -0.323686 0.000000
vt 1.541978 -0.391270 0.000000
vt 1.465041 -0.476718 0.000000
vt 1.407550 -0.576295 0.000000
vt 1.974300 1.409980 0.000000
vt -0.400000 18.250000 0.000000
vt -0.410000 16.100000 0.000000
vt -0.400000 -0.120000 0.000000
vt -0.710000 4.380000 0.000000
vt -3.110000 -0.120000 0.000000
vt -3.110000 4.380000 0.000000
vt -0.410000 16.850000 0.000000
vt -0.710000 18.250000 0.000000
vt -0.710000 16.850000 0.000000
vt -0.710000 16.100000 0.000000
vt -0.710000 14.550000 0.000000
vt -0.710000 14.350000 0.000000
vt -2.910000 14.550000 0.000000
vt -3.110000 14.350000 0.000000
vt -3.110000 18.250000 0.000000
vt -2.910000 18.250000 0.000000
vt -0.200000 0.431969 0.000000
vt 0.000000 0.431969 0.000000
vt -0.200000 0.471239 0.000000
vt 0.000000 0.471239 0.000000
vt -0.200000 -0.471239 0.000000
vt 0.000000 -0.471239 0.000000
vt -0.200000 -0.431969 0.000000
vt 0.000000 -0.431969 0.000000
vt -0.200000 -0.392699 0.000000
vt 0.000000 -0.392699 0.000000
vt -0.200000 -0.353429 0.000000
vt 0.000000 -0.353429 0.000000
vt -0.200000 -0.314159 0.000000
vt 0.000000 -0.314159 0.000000
vt -0.200000 -0.274889 0.000000
vt 0.000000 -0.274889 0.000000
vt -0.200000 -0.235619 0.000000
vt 0.000000 -0.235619 0.000000
vt -0.200000 -0.196350 0.000000
vt 0.000000 -0.196350 0.000000
vt -0.200000 -0.157080 0.000000
vt 0.000000 -0.157080 0.000000
vt -0.200000 -0.117810 0.000000
vt 0.000000 -0.117810 0.000000
vt -0.200000 -0.078540 0.000000
vt 0.000000 -0.078540 0.000000
vt -0.200000 -0.039270 0.000000
vt 0.000000 -0.039270 0.000000
vt -0.200000 0.000000 0.000000
vt 0.000000 0.000000 0.000000
vt -0.200000 0.039270 0.000000
vt 0.000000 0.039270 0.000000
vt -0.200000 0.078540 0.000000
vt 0.000000 0.078540 0.000000
vt -0.200000 0.117810 0.000000
vt 0.000000 0.117810 0.000000
vt -0.200000 0.157080 0.000000
vt 0.000000 0.157080 0.000000
vt -0.200000 0.196350 0.000000
vt 0.000000 0.196350 0.000000
vt -0.200000 0.235619 0.000000
vt 0.000000 0.235619 0.000000
vt -0.200000 0.274889 0.000000
vt 0.000000 0.274889 0.000000
vt -0.200000 0.314159 0.000000
vt 0.000000 0.314159 0.000000
vt -0.200000 0.353429 0.000000
vt 0.000000 0.353429 0.000000
vt -0.200000 0.392699 0.000000
vt 0.000000 0.392699 0.000000
vt -0.942857 1.664093 0.000000
vt 0.200000 0.064093 0.000000
vt 0.200000 1.664093 0.000000
vt -14.670000 1.924767 0.000000
vt -14.670000 0.064093 0.000000
vt -1.700000 1.506940 0.000000
vt -0.200000 0.064093 0.000000
vt -1.300000 1.506940 0.000000
vt -0.700000 1.506940 0.000000
vt -1.300000 1.998502 0.000000
vt -0.700000 1.998502 0.000000
vt -0.200000 1.506940 0.000000
vt -0.300000 1.506940 0.000000
vt -1.700000 1.998502 0.000000
vt -2.000000 1.998502 0.000000
vt -14.670000 1.956605 0.000000
vt -2.000000 2.993914 0.000000
vt -16.800448 2.690464 0.000000
vt -16.837412 2.775449 0.000000
vt -16.887157 2.849939 0.000000
vt -16.947772 2.911070 0.000000
vt -17.016927 2.956496 0.000000
vt -17.091964 2.984468 0.000000
vt -17.170000 2.993914 0.000000
vt -16.777686 2.598251 0.000000
vt -16.770000 2.502352 0.000000
vt -16.777686 2.406453 0.000000
vt -16.800448 2.314240 0.000000
vt -16.837412 2.229255 0.000000
vt -16.887157 2.154766 0.000000
vt -16.947772 2.093634 0.000000
vt -17.016927 2.048209 0.000000
vt -17.091964 2.020236 0.000000
vt -17.170000 2.010791 0.000000
vt -18.370000 1.956605 0.000000
vt -17.248036 2.020236 0.000000
vt -17.323073 2.048209 0.000000
vt -17.392228 2.093634 0.000000
vt -17.452843 2.154766 0.000000
vt -17.502588 2.229255 0.000000
vt -17.539552 2.314240 0.000000
vt -17.562314 2.406453 0.000000
vt -17.570000 2.502352 0.000000
vt -18.370000 2.993914 0.000000
vt -17.562314 2.598251 0.000000
vt -17.539552 2.690464 0.000000
vt -17.502588 2.775449 0.000000
vt -17.452843 2.849939 0.000000
vt -17.392228 2.911070 0.000000
vt -17.323073 2.956496 0.000000
vt -17.248036 2.984468 0.000000
vt -7.512500 0.212132 0.000000
vt -8.262500 0.212132 0.000000
vt -7.512500 -0.212132 0.000000
vt -8.262500 -0.212132 0.000000
vt 8.200000 -0.141421 0.000000
vt 8.200000 -0.070711 0.000000
vt 8.050000 -0.141421 0.000000
vt 8.050000 0.141421 0.000000
vt 8.800000 0.141421 0.000000
vt 8.800000 -0.070711 0.000000
vt 0.488667 3.430883 0.000000
vt 1.271333 3.430883 0.000000
vt 0.492500 3.460000 0.000000
vt 1.267500 3.460000 0.000000
vt 0.488667 3.489117 0.000000
vt 1.271333 3.489117 0.000000
vt 0.477428 3.516250 0.000000
vt 1.282572 3.516250 0.000000
vt 0.459550 3.539550 0.000000
vt 1.300450 3.539550 0.000000
vt 0.436250 3.557428 0.000000
vt 1.323750 3.557428 0.000000
vt 0.409117 3.568667 0.000000
vt 1.350883 3.568667 0.000000
vt 1.880000 4.020000 0.000000
vt 1.380000 3.572500 0.000000
vt 1.409117 3.568667 0.000000
vt 1.282572 3.403750 0.000000
vt 0.477428 3.403750 0.000000
vt 1.300450 3.380450 0.000000
vt 0.459550 3.380450 0.000000
vt 1.323750 3.362572 0.000000
vt 1.180000 3.210000 0.000000
vt 1.350883 3.351333 0.000000
vt 1.380000 3.347500 0.000000
vt 1.580000 3.210000 0.000000
vt 1.409117 3.351333 0.000000
vt 1.436250 3.362572 0.000000
vt 1.459550 3.380450 0.000000
vt 1.477428 3.403750 0.000000
vt 1.488667 3.430883 0.000000
vt 1.492500 3.460000 0.000000
vt 1.488667 3.489117 0.000000
vt 1.477428 3.516250 0.000000
vt 1.459550 3.539550 0.000000
vt 1.436250 3.557428 0.000000
vt 0.436250 3.362572 0.000000
vt 0.580000 3.210000 0.000000
vt 1.180000 2.810000 0.000000
vt 0.580000 2.810000 0.000000
vt 1.450000 1.960000 0.000000
vt 0.180000 2.810000 0.000000
vt 0.080000 2.810000 0.000000
vt 0.180000 3.210000 0.000000
vt -0.120000 2.810000 0.000000
vt 0.271333 3.489117 0.000000
vt -0.120000 5.120000 0.000000
vt 0.282572 3.516250 0.000000
vt 0.300450 3.539550 0.000000
vt 0.409117 3.351333 0.000000
vt 0.380000 3.347500 0.000000
vt 0.350883 3.351333 0.000000
vt 0.323750 3.362572 0.000000
vt 0.300450 3.380450 0.000000
vt 0.282572 3.403750 0.000000
vt 0.271333 3.430883 0.000000
vt 0.267500 3.460000 0.000000
vt 0.323750 3.557428 0.000000
vt 0.350883 3.568667 0.000000
vt 0.267648 4.999259 0.000000
vt 0.300000 4.995000 0.000000
vt 1.880000 4.220000 0.000000
vt 0.332352 4.999259 0.000000
vt 2.341204 4.746946 0.000000
vt 2.015746 4.905122 0.000000
vt 0.380000 3.572500 0.000000
vt 0.179259 5.087648 0.000000
vt 0.175000 5.120000 0.000000
vt 0.179259 5.152352 0.000000
vt -0.109778 5.197646 0.000000
vt 0.191747 5.182500 0.000000
vt 0.211612 5.208388 0.000000
vt -0.079808 5.270000 0.000000
vt 0.237500 5.228253 0.000000
vt 0.267648 5.240741 0.000000
vt -0.032132 5.332132 0.000000
vt 0.300000 5.245000 0.000000
vt 0.030000 5.379808 0.000000
vt 0.180000 5.420000 0.000000
vt 0.102354 5.409778 0.000000
vt 0.332352 5.240741 0.000000
vt 0.942540 5.420000 0.000000
vt 0.362500 5.228253 0.000000
vt 0.388388 5.208388 0.000000
vt 0.408253 5.182500 0.000000
vt 1.396359 5.278824 0.000000
vt 1.292235 5.339523 0.000000
vt 1.180175 5.383891 0.000000
vt 0.420741 5.152352 0.000000
vt 0.425000 5.120000 0.000000
vt 1.700415 5.082630 0.000000
vt 0.420741 5.087648 0.000000
vt 0.408253 5.057500 0.000000
vt 0.388388 5.031612 0.000000
vt 0.362500 5.011747 0.000000
vt 0.237500 5.011747 0.000000
vt 0.211612 5.031612 0.000000
vt 0.191747 5.057500 0.000000
vt 8.650000 1.360000 0.000000
vt 10.250000 1.360000 0.000000
vt 8.650000 1.960000 0.000000
vt 10.250000 1.960000 0.000000
vt 16.720806 3.847226 0.000000
vt 16.675994 3.761842 0.000000
vt 16.652916 3.668215 0.000000
vt 10.850000 1.960000 0.000000
vt 16.652916 3.571785 0.000000
vt 12.450000 1.960000 0.000000
vt 16.675994 3.478158 0.000000
vt 16.720806 3.392774 0.000000
vt 13.050000 1.960000 0.000000
vt 16.784751 3.320596 0.000000
vt 14.650000 1.960000 0.000000
vt 16.864111 3.265818 0.000000
vt 16.954274 3.231623 0.000000
vt 15.250000 1.960000 0.000000
vt 16.850000 1.960000 0.000000
vt 16.850000 1.360000 0.000000
vt 15.250000 1.360000 0.000000
vt 14.550000 1.000000 0.000000
vt 14.650000 1.360000 0.000000
vt 14.350000 1.000000 0.000000
vt 13.050000 1.360000 0.000000
vt 12.450000 1.360000 0.000000
vt 8.050000 1.360000 0.000000
vt 4.380000 -0.200000 0.000000
vt 14.350000 -0.200000 0.000000
vt 10.850000 1.360000 0.000000
vt 8.050000 1.960000 0.000000
vt 6.450000 1.960000 0.000000
vt 6.450000 1.360000 0.000000
vt 4.380000 1.110000 0.000000
vt 5.850000 1.360000 0.000000
vt 4.250000 1.360000 0.000000
vt 4.250000 1.960000 0.000000
vt 5.850000 1.960000 0.000000
vt 1.580000 2.810000 0.000000
vt 3.650000 1.960000 0.000000
vt 2.050000 1.960000 0.000000
vt 3.650000 1.360000 0.000000
vt 2.050000 1.360000 0.000000
vt 0.080000 1.110000 0.000000
vt 1.450000 1.360000 0.000000
vt 17.050000 3.220000 0.000000
vt 17.450000 1.960000 0.000000
vt 17.145726 3.231623 0.000000
vt 17.235889 3.265818 0.000000
vt 17.315249 3.320596 0.000000
vt 17.379194 3.392774 0.000000
vt 18.250000 4.020000 0.000000
vt 17.424006 3.478158 0.000000
vt 17.447084 3.571785 0.000000
vt 17.447084 3.668215 0.000000
vt 17.424006 3.761842 0.000000
vt 17.379194 3.847226 0.000000
vt 17.315249 3.919404 0.000000
vt 17.235889 3.974182 0.000000
vt 17.145726 4.008377 0.000000
vt 17.050000 4.020000 0.000000
vt 18.250000 -0.200000 0.000000
vt 17.450000 1.360000 0.000000
vt 16.850000 0.200000 0.000000
vt 16.100000 0.200000 0.000000
vt 14.550000 -0.200000 0.000000
vt 16.850000 -0.200000 0.000000
vt 16.784751 3.919404 0.000000
vt 16.864111 3.974182 0.000000
vt 16.954274 4.008377 0.000000
vt 4.800000 4.220000 0.000000
vt 4.438305 4.230912 0.000000
vt 4.077925 4.263608 0.000000
vt 3.720171 4.317969 0.000000
vt 3.366346 4.393798 0.000000
vt 3.017734 4.490818 0.000000
vt 2.675606 4.608677 0.000000
vt 1.062721 5.410921 0.000000
vt 16.100000 -0.200000 0.000000
vt 0.200000 0.000000 0.000000
vt 1.500000 0.000000 0.000000
vt 0.200000 0.150000 0.000000
vt 1.500000 0.150000 0.000000
vt 0.250000 0.150000 0.000000
vt 0.200000 0.200000 0.000000
vt -1.300000 0.150000 0.000000
vt -1.300000 1.500000 0.000000
vt 0.200000 1.500000 0.000000
vt -0.925000 0.925000 0.000000
vt -1.075000 0.925000 0.000000
vt -0.925000 -0.575000 0.000000
vt -1.075000 -0.725000 0.000000
vt 1.075000 -0.725000 0.000000
vt 1.075000 -0.575000 0.000000
vt -0.925000 -0.575000 0.000000
vt -0.325000 -0.575000 0.000000
vt -0.925000 0.975000 0.000000
vt -0.325000 0.975000 0.000000
vt -1.300000 0.000000 0.000000
vt -0.300000 0.000000 0.000000
vt -1.300000 0.150000 0.000000
vt 0.250000 0.150000 0.000000
vt -0.000000 -0.000000 0.000000
vt 0.400000 -0.000000 0.000000
vt 0.000000 -0.300000 0.000000
vt -1.850000 0.000000 0.000000
vt -1.450000 0.000000 0.000000
vt -1.650000 0.200000 0.000000
vt -1.150000 0.000000 0.000000
vt -1.650000 1.500000 0.000000
vt -0.000000 1.500000 0.000000
vt -0.000000 0.000000 0.000000
vt -1.450000 -0.300000 0.000000
vt -2.150000 -0.000000 0.000000
vt -0.000000 -0.000000 0.000000
vt -2.150000 1.500000 0.000000
vt -0.000000 1.500000 0.000000
vt -0.150000 0.000000 0.000000
vt -0.000000 -0.000000 0.000000
vt -0.150000 1.500000 0.000000
vt -0.000000 1.500000 0.000000
vt -0.000000 0.000000 0.000000
vt -0.000000 0.150000 0.000000
vt -1.400000 0.000000 0.000000
vt -1.400000 1.500000 0.000000
vt 0.600000 1.500000 0.000000
vt 0.600000 0.150000 0.000000
vt 0.325000 0.425000 0.000000
vt 0.325000 -0.575000 0.000000
vt 1.075000 0.425000 0.000000
vt 1.075000 -0.725000 0.000000
vt -1.075000 -0.725000 0.000000
vt -1.075000 -0.575000 0.000000
vt -0.150000 1.100000 0.000000
vt -0.150000 1.081495 0.000000
vt -0.124093 1.100000 0.000000
vt -1.850000 0.682047 0.000000
vt 1.850000 0.682047 0.000000
vt -1.850000 0.707953 0.000000
vt 1.850000 0.707953 0.000000
vt 0.150000 0.000000 0.000000
vt 0.150000 1.081495 0.000000
vt -3.550000 0.000000 0.000000
vt -3.550000 1.100000 0.000000
vt 0.150000 1.100000 0.000000
vt -12.975111 2.288823 0.000000
vt -12.970000 2.250000 0.000000
vt -12.770000 2.500000 0.000000
vt -12.975111 2.211177 0.000000
vt -12.990096 2.175000 0.000000
vt -12.770000 0.985907 0.000000
vt -13.013934 2.143934 0.000000
vt -13.045000 2.120096 0.000000
vt -13.081177 2.105111 0.000000
vt -13.120000 2.100000 0.000000
vt -13.158823 2.105111 0.000000
vt -16.470000 2.500000 0.000000
vt -13.195000 2.120096 0.000000
vt -13.226066 2.143934 0.000000
vt -13.249904 2.175000 0.000000
vt -13.264889 2.211177 0.000000
vt -13.270000 2.250000 0.000000
vt -13.264889 2.288823 0.000000
vt -13.249904 2.325000 0.000000
vt -13.226066 2.356066 0.000000
vt -13.195000 2.379904 0.000000
vt -13.158823 2.394889 0.000000
vt -13.120000 2.400000 0.000000
vt -13.081177 2.394889 0.000000
vt -13.045000 2.379904 0.000000
vt -13.013934 2.356066 0.000000
vt -12.990096 2.325000 0.000000
vt -16.470000 -0.850000 0.000000
vt -12.770000 0.350000 0.000000
vt -12.570000 0.350000 0.000000
vt -12.770000 -0.850000 0.000000
vt -12.570000 0.150000 0.000000
vt -2.600000 0.150000 0.000000
vt -2.600000 -0.650000 0.000000
vt 1.700000 -0.650000 0.000000
vt 1.700000 0.985907 0.000000
vt -0.000000 0.000000 0.000000
vt -0.000000 3.350000 0.000000
vt -0.200000 0.000000 0.000000
vt -0.200000 3.500000 0.000000
vt 0.942857 3.500000 0.000000
vt 1.100000 3.350000 0.000000
vt 1.100000 3.375907 0.000000
vt 1.600000 4.420000 0.000000
vt 1.702924 4.220000 0.000000
vt 2.200000 4.220000 0.000000
vt 2.200000 0.000000 0.000000
vt 2.510000 -0.000000 0.000000
vt 2.510000 4.420000 0.000000
vt 0.100000 1.850000 0.000000
vt -1.042857 1.850000 0.000000
vt 0.100000 -2.050000 0.000000
vt -1.042857 -2.050000 0.000000
vt -0.000000 -2.000000 0.000000
vt 1.200000 -2.000000 0.000000
vt -0.000000 0.200000 0.000000
vt 1.200000 0.200000 0.000000
vt 0.000000 -0.000000 0.000000
vt 14.470000 0.000000 0.000000
vt 2.000000 1.855644 0.000000
vt 14.470000 1.966246 0.000000
vt 2.000000 3.096837 0.000000
vt 17.150491 2.480024 0.000000
vt 18.370000 3.096837 0.000000
vt 17.170000 2.482385 0.000000
vt 17.189509 2.480024 0.000000
vt 18.370000 1.966246 0.000000
vt 17.170000 2.236605 0.000000
vt 17.150491 2.238966 0.000000
vt 17.131732 2.245959 0.000000
vt 17.253147 2.427769 0.000000
vt 17.262388 2.406523 0.000000
vt 17.268079 2.383470 0.000000
vt 0.300000 1.855644 0.000000
vt 0.300000 1.609839 0.000000
vt 0.000000 1.609839 0.000000
vt 17.114443 2.257315 0.000000
vt 17.099289 2.272598 0.000000
vt 17.086853 2.291221 0.000000
vt 17.077612 2.312467 0.000000
vt 17.071921 2.335520 0.000000
vt 17.070000 2.359495 0.000000
vt 17.071921 2.383470 0.000000
vt 17.077612 2.406523 0.000000
vt 17.086853 2.427769 0.000000
vt 17.099289 2.446392 0.000000
vt 17.114443 2.461675 0.000000
vt 17.131732 2.473031 0.000000
vt 17.208268 2.473031 0.000000
vt 17.225557 2.461675 0.000000
vt 17.240711 2.446392 0.000000
vt 17.270000 2.359495 0.000000
vt 17.268079 2.335520 0.000000
vt 17.262388 2.312467 0.000000
vt 17.253147 2.291221 0.000000
vt 17.240711 2.272598 0.000000
vt 17.225557 2.257315 0.000000
vt 17.208268 2.245959 0.000000
vt 17.189509 2.238966 0.000000
vt 12.975111 2.211177 0.000000
vt 12.970000 2.250000 0.000000
vt 12.570000 2.650000 0.000000
vt 12.975111 2.288823 0.000000
vt 12.990096 2.325000 0.000000
vt 13.013934 2.356066 0.000000
vt 13.045000 2.379904 0.000000
vt 13.081177 2.394889 0.000000
vt 13.120000 2.400000 0.000000
vt 13.158823 2.394889 0.000000
vt 16.470000 2.650000 0.000000
vt 13.195000 2.379904 0.000000
vt 13.226066 2.356066 0.000000
vt 13.249904 2.325000 0.000000
vt 13.264889 2.288823 0.000000
vt 13.270000 2.250000 0.000000
vt 13.264889 2.211177 0.000000
vt 13.249904 2.175000 0.000000
vt 13.226066 2.143934 0.000000
vt 13.195000 2.120096 0.000000
vt 13.158823 2.105111 0.000000
vt 12.570000 1.050000 0.000000
vt 13.120000 2.100000 0.000000
vt 13.081177 2.105111 0.000000
vt 13.045000 2.120096 0.000000
vt 13.013934 2.143934 0.000000
vt 12.990096 2.175000 0.000000
vt 12.570000 -0.850000 0.000000
vt 16.470000 -0.850000 0.000000
vt 12.570000 0.150000 0.000000
vt 2.600000 0.150000 0.000000
vt -1.900000 1.050000 0.000000
vt -1.900000 -0.850000 0.000000
vt 2.600000 -0.850000 0.000000
vt 1.200000 -0.000000 0.000000
vt -0.000000 0.000000 0.000000
vt 1.000000 -2.200000 0.000000
vt 0.000000 -2.400000 0.000000
vt 1.000000 -2.400000 0.000000
vt 1.200000 -2.200000 0.000000
vt -3.500741 0.187648 0.000000
vt -3.505000 0.220000 0.000000
vt -3.600000 0.000000 0.000000
vt -3.500741 0.252352 0.000000
vt -3.600000 1.110000 0.000000
vt -3.488253 0.282500 0.000000
vt -3.468388 0.308388 0.000000
vt -3.442500 0.328253 0.000000
vt -3.412352 0.340741 0.000000
vt -3.380000 0.345000 0.000000
vt -3.347648 0.340741 0.000000
vt 0.072774 0.529194 0.000000
vt 0.158158 0.574006 0.000000
vt 0.000596 0.465249 0.000000
vt -3.317500 0.328253 0.000000
vt -0.054182 0.385889 0.000000
vt -3.291612 0.308388 0.000000
vt -0.088377 0.295726 0.000000
vt -3.271747 0.282500 0.000000
vt -3.259259 0.252352 0.000000
vt -0.100000 0.200000 0.000000
vt -3.255000 0.220000 0.000000
vt -3.259259 0.187648 0.000000
vt -3.271747 0.157500 0.000000
vt -0.100000 0.000000 0.000000
vt -3.291612 0.131612 0.000000
vt -3.317500 0.111747 0.000000
vt -3.347648 0.099259 0.000000
vt -3.380000 0.095000 0.000000
vt -3.412352 0.099259 0.000000
vt -3.442500 0.111747 0.000000
vt -3.468388 0.131612 0.000000
vt -3.488253 0.157500 0.000000
vt 0.700000 1.110000 0.000000
vt 0.251785 0.597084 0.000000
vt 0.348215 0.597084 0.000000
vt 0.441842 0.574006 0.000000
vt 0.527226 0.529194 0.000000
vt 0.599404 0.465249 0.000000
vt 0.654182 0.385889 0.000000
vt 0.688377 0.295726 0.000000
vt 0.700000 0.200000 0.000000
vt 0.300000 -1.300000 0.000000
vt 0.300000 -1.500000 0.000000
vt 0.900000 -1.300000 0.000000
vt 1.400000 -1.700000 0.000000
vt 1.400000 -0.390000 0.000000
vt -1.000000 -1.700000 0.000000
vt -0.800000 -1.500000 0.000000
vt -1.000000 -0.700000 0.000000
vt -0.800000 -0.700000 0.000000
vt 0.900000 -0.390000 0.000000
vt -0.200000 1.612684 0.000000
vt 0.000000 1.612684 0.000000
vt -0.200000 1.727876 0.000000
vt 0.000000 1.727876 0.000000
vt -0.200000 -1.727876 0.000000
vt 0.000000 -1.727876 0.000000
vt -0.200000 -1.612684 0.000000
vt -0.000000 -1.612684 0.000000
vt -0.200000 -1.497492 0.000000
vt -0.000000 -1.497492 0.000000
vt -0.200000 -1.382301 0.000000
vt -0.000000 -1.382301 0.000000
vt -0.200000 -1.267109 0.000000
vt 0.000000 -1.267109 0.000000
vt -0.200000 -1.151917 0.000000
vt 0.000000 -1.151917 0.000000
vt -0.200000 -1.036726 0.000000
vt -0.000000 -1.036726 0.000000
vt -0.200000 -0.921534 0.000000
vt 0.000000 -0.921534 0.000000
vt -0.200000 -0.806342 0.000000
vt 0.000000 -0.806342 0.000000
vt -0.200000 -0.691150 0.000000
vt 0.000000 -0.691150 0.000000
vt -0.200000 -0.575959 0.000000
vt 0.000000 -0.575959 0.000000
vt -0.200000 -0.460767 0.000000
vt 0.000000 -0.460767 0.000000
vt -0.200000 -0.345575 0.000000
vt 0.000000 -0.345575 0.000000
vt -0.200000 -0.230383 0.000000
vt 0.000000 -0.230383 0.000000
vt -0.200000 -0.115192 0.000000
vt 0.000000 -0.115192 0.000000
vt -0.200000 0.000000 0.000000
vt 0.000000 0.000000 0.000000
vt -0.200000 0.115192 0.000000
vt 0.000000 0.115192 0.000000
vt -0.200000 0.230383 0.000000
vt 0.000000 0.230383 0.000000
vt -0.200000 0.345575 0.000000
vt 0.000000 0.345575 0.000000
vt -0.200000 0.460767 0.000000
vt 0.000000 0.460767 0.000000
vt -0.200000 0.575959 0.000000
vt 0.000000 0.575959 0.000000
vt -0.200000 0.691150 0.000000
vt 0.000000 0.691150 0.000000
vt -0.200000 0.806342 0.000000
vt 0.000000 0.806342 0.000000
vt -0.200000 0.921534 0.000000
vt 0.000000 0.921534 0.000000
vt -0.200000 1.036726 0.000000
vt 0.000000 1.036726 0.000000
vt -0.200000 1.151917 0.000000
vt 0.000000 1.151917 0.000000
vt -0.200000 1.267109 0.000000
vt 0.000000 1.267109 0.000000
vt -0.200000 1.382301 0.000000
vt 0.000000 1.382301 0.000000
vt -0.200000 1.497492 0.000000
vt 0.000000 1.497492 0.000000
vt 0.400000 -0.200000 0.000000
vt -0.000000 -0.100000 0.000000
vt -0.400000 -0.200000 0.000000
vt -0.025882 -0.096593 0.000000
vt -0.050000 -0.086603 0.000000
vt 0.400000 0.000000 0.000000
vt 0.086603 -0.050000 0.000000
vt 0.070711 -0.070711 0.000000
vt 0.050000 -0.086603 0.000000
vt 0.388377 0.095726 0.000000
vt 0.096593 0.025882 0.000000
vt 0.100000 0.000000 0.000000
vt 0.096593 -0.025882 0.000000
vt 0.086603 0.050000 0.000000
vt 0.354182 0.185889 0.000000
vt 0.070711 0.070711 0.000000
vt 0.050000 0.086603 0.000000
vt 0.299404 0.265249 0.000000
vt 0.227226 0.329194 0.000000
vt 0.025882 0.096593 0.000000
vt 0.141842 0.374006 0.000000
vt -0.000000 0.100000 0.000000
vt 0.048215 0.397084 0.000000
vt -0.048215 0.397084 0.000000
vt -0.141842 0.374006 0.000000
vt -0.025882 0.096593 0.000000
vt -0.227226 0.329194 0.000000
vt -0.050000 0.086603 0.000000
vt -0.299404 0.265249 0.000000
vt -0.354182 0.185889 0.000000
vt -0.388377 0.095726 0.000000
vt -0.086603 0.050000 0.000000
vt -0.070711 0.070711 0.000000
vt -0.096593 0.025882 0.000000
vt -0.400000 -0.000000 0.000000
vt -0.100000 0.000000 0.000000
vt -0.096593 -0.025882 0.000000
vt -0.086603 -0.050000 0.000000
vt -0.070711 -0.070711 0.000000
vt 0.025882 -0.096593 0.000000
vt 1.100000 -1.256637 0.000000
vt 0.500000 -1.256637 0.000000
vt 1.100000 -1.353301 0.000000
vt 0.500000 -1.353301 0.000000
vt 1.100000 -1.449966 0.000000
vt 0.500000 -1.449966 0.000000
vt 1.100000 -1.546630 0.000000
vt 0.500000 -1.546630 0.000000
vt 1.100000 -1.643295 0.000000
vt 0.500000 -1.643295 0.000000
vt 1.100000 -1.739959 0.000000
vt 0.500000 -1.739959 0.000000
vt 1.100000 -1.836623 0.000000
vt 0.500000 -1.836623 0.000000
vt 1.100000 -1.933288 0.000000
vt 0.500000 -1.933288 0.000000
vt 1.100000 -2.029952 0.000000
vt 0.500000 -2.029952 0.000000
vt 1.100000 -2.126617 0.000000
vt 0.500000 -2.126617 0.000000
vt 1.100000 -2.223281 0.000000
vt 0.500000 -2.223281 0.000000
vt 1.100000 -2.319945 0.000000
vt 0.500000 -2.319945 0.000000
vt 1.100000 -2.416610 0.000000
vt 0.500000 -2.416610 0.000000
vt 1.100000 -2.513274 0.000000
vt 0.500000 -2.513274 0.000000
vt -0.400000 0.500000 0.000000
vt -0.200000 0.500000 0.000000
vt -0.400000 1.100000 0.000000
vt -0.200000 1.100000 0.000000
vt 0.497076 0.628319 0.000000
vt 0.000000 0.628319 0.000000
vt 0.502566 0.549779 0.000000
vt -0.000000 0.531654 0.000000
vt 0.518825 0.471239 0.000000
vt -0.000000 0.434990 0.000000
vt 0.545228 0.392699 0.000000
vt -0.000000 0.338325 0.000000
vt 0.580760 0.314159 0.000000
vt -0.000000 0.241661 0.000000
vt 0.624056 0.235619 0.000000
vt -0.000000 0.144997 0.000000
vt 0.673453 0.157080 0.000000
vt 0.727051 0.078540 0.000000
vt -0.000000 0.048332 0.000000
vt 0.782791 0.000000 0.000000
vt -0.000000 -0.048332 0.000000
vt 0.838531 -0.078540 0.000000
vt -0.000000 -0.144997 0.000000
vt 0.892129 -0.157080 0.000000
vt -0.000000 -0.241661 0.000000
vt 0.941525 -0.235619 0.000000
vt 0.984821 -0.314159 0.000000
vt -0.000000 -0.338325 0.000000
vt 1.020353 -0.392699 0.000000
vt -0.000000 -0.434990 0.000000
vt 1.046756 -0.471239 0.000000
vt -0.000000 -0.531654 0.000000
vt 1.063015 -0.549779 0.000000
vt -0.000000 -0.628319 0.000000
vt 1.068505 -0.628319 0.000000
vt 1.063015 -0.706858 0.000000
vt -0.000000 -0.724983 0.000000
vt 1.046756 -0.785398 0.000000
vt -0.000000 -0.821647 0.000000
vt 1.020353 -0.863938 0.000000
vt -0.000000 -0.918312 0.000000
vt 0.984821 -0.942478 0.000000
vt -0.000000 -1.014976 0.000000
vt 0.941525 -1.021018 0.000000
vt 0.892129 -1.099557 0.000000
vt -0.000000 -1.111640 0.000000
vt 0.838531 -1.178097 0.000000
vt -0.000000 -1.208305 0.000000
vt 0.782791 -1.256637 0.000000
vt 0.782791 1.256637 0.000000
vt -0.000000 1.304969 0.000000
vt -0.000000 1.208305 0.000000
vt 0.727051 1.178097 0.000000
vt -0.000000 1.111640 0.000000
vt 0.673453 1.099557 0.000000
vt -0.000000 1.014976 0.000000
vt 0.624056 1.021018 0.000000
vt 0.580760 0.942478 0.000000
vt -0.000000 0.918312 0.000000
vt 0.545228 0.863938 0.000000
vt -0.000000 0.821647 0.000000
vt 0.518825 0.785398 0.000000
vt -0.000000 0.724983 0.000000
vt 0.502566 0.706858 0.000000
vt -9.715760 -0.197076 0.000000
vt 5.454240 -0.197076 0.000000
vt -9.715760 0.300000 0.000000
vt 5.454240 0.300000 0.000000
vt 1.000000 1.075648 0.000000
vt 1.000000 1.321429 0.000000
vt 0.190000 0.497076 0.000000
vt -0.010000 0.600000 0.000000
vt -0.010000 -0.000000 0.000000
vt 0.190000 0.000000 0.000000
vt 0.100000 0.000000 0.000000
vt 0.300000 0.000000 0.000000
vt 0.100000 1.361362 0.000000
vt 0.300000 1.464300 0.000000
vt 0.000000 1.464300 0.000000
vt 0.000000 1.361362 0.000000
vt 1.000000 -0.500020 0.000000
vt 0.700000 -0.500020 0.000000
vt 1.000000 -0.700000 0.000000
vt 0.700000 -0.700000 0.000000
vt -9.715760 0.300000 0.000000
vt -10.915760 0.300000 0.000000
vt -9.715760 -0.197076 0.000000
vt -10.915760 -0.197076 0.000000
vt -1.568241 -4.685000 0.000000
vt -1.368241 -4.685000 0.000000
vt -1.568241 5.285000 0.000000
vt -1.368241 5.285000 0.000000
vt 18.070000 0.000000 0.000000
vt 17.670000 0.000000 0.000000
vt 18.070000 -1.361362 0.000000
vt 17.670000 -1.361362 0.000000
vt -0.400000 1.321429 0.000000
vt -0.400000 0.000000 0.000000
vt -0.199980 1.464300 0.000000
vt -0.000000 0.000000 0.000000
vt -0.000000 1.361362 0.000000
vt -0.000000 1.464300 0.000000
vt 18.170000 0.810000 0.000000
vt 13.870000 0.810000 0.000000
vt 18.170000 0.310000 0.000000
vt 13.870000 0.310000 0.000000
vt 17.070000 0.000000 0.000000
vt 16.670000 0.000000 0.000000
vt 17.070000 -1.361362 0.000000
vt 16.670000 -1.361362 0.000000
vt -0.400000 0.000000 0.000000
vt -0.000000 0.000000 0.000000
vt -0.400000 1.075648 0.000000
vt -0.000000 1.321429 0.000000
vt -1.000000 1.075648 0.000000
vt -1.700000 1.321429 0.000000
vt -1.400000 1.075648 0.000000
vt -1.700000 1.075648 0.000000
vt -1.400000 0.000000 0.000000
vt -1.000000 0.000000 0.000000
vt -0.000000 -0.000000 0.000000
vt -0.000000 1.075648 0.000000
vt -0.400000 0.000000 0.000000
vt -0.400000 1.361362 0.000000
vt -0.000000 -0.000000 0.000000
vt -0.000000 1.075648 0.000000
vt -0.400000 0.000000 0.000000
vt -0.400000 1.361362 0.000000
vt -0.400000 -0.000000 0.000000
vt -0.000000 -0.000000 0.000000
vt -0.400000 1.075648 0.000000
vt -0.000000 1.361362 0.000000
vt -3.500000 0.500000 0.000000
vt -0.000000 0.500000 0.000000
vt -3.500000 1.100000 0.000000
vt 0.000000 2.200000 0.000000
vt -4.300000 2.200000 0.000000
vt -4.300000 1.100000 0.000000
vt -0.585649 0.862019 0.000000
vt -0.700000 0.850000 0.000000
vt -0.390000 0.500000 0.000000
vt -0.814351 0.862019 0.000000
vt -1.500000 0.500000 0.000000
vt -0.923705 0.897550 0.000000
vt -1.023282 0.955041 0.000000
vt -1.108730 1.031978 0.000000
vt -1.176314 1.125000 0.000000
vt -1.223081 1.230041 0.000000
vt -1.246987 1.342509 0.000000
vt -1.500000 2.200000 0.000000
vt -1.246987 1.457491 0.000000
vt -1.223081 1.569959 0.000000
vt -1.176314 1.675000 0.000000
vt -1.108730 1.768022 0.000000
vt -1.023282 1.844959 0.000000
vt -0.923705 1.902450 0.000000
vt -0.814351 1.937981 0.000000
vt -0.700000 1.950000 0.000000
vt 0.135907 2.200000 0.000000
vt -0.585649 1.937981 0.000000
vt -0.476295 1.902450 0.000000
vt -0.376718 1.844959 0.000000
vt -0.291270 1.768022 0.000000
vt -0.223686 1.675000 0.000000
vt -0.176919 1.569959 0.000000
vt 1.310000 1.361362 0.000000
vt -0.153013 1.457491 0.000000
vt -0.153013 1.342509 0.000000
vt -0.176919 1.230041 0.000000
vt -0.223686 1.125000 0.000000
vt 1.310000 -0.000000 0.000000
vt -0.291270 1.031978 0.000000
vt -0.376718 0.955041 0.000000
vt -0.476295 0.897550 0.000000
vt -0.390000 0.000000 0.000000
vt -3.900000 -2.000000 0.000000
vt -3.700000 -2.000000 0.000000
vt -3.900000 0.200000 0.000000
vt -3.700000 0.200000 0.000000
vt 0.100000 -0.235619 0.000000
vt 0.410000 -0.235619 0.000000
vt 0.100000 -0.157080 0.000000
vt 0.410000 -0.157080 0.000000
vt 0.100000 -0.078540 0.000000
vt 0.410000 -0.078540 0.000000
vt 0.100000 -0.000000 0.000000
vt 0.410000 -0.000000 0.000000
vt 0.100000 0.078540 0.000000
vt 0.410000 0.078540 0.000000
vt 0.100000 0.157080 0.000000
vt 0.410000 0.157080 0.000000
vt 0.100000 0.235619 0.000000
vt 0.410000 0.235619 0.000000
vt -0.300000 0.310000 0.000000
vt -1.062540 0.310000 0.000000
vt -0.300000 0.000000 0.000000
vt -1.062540 0.000000 0.000000
vt 5.120000 -0.120000 0.000000
vt 3.460000 0.267500 0.000000
vt -0.200000 -0.120000 0.000000
vt 3.430883 0.271333 0.000000
vt 3.403750 0.282572 0.000000
vt 5.197646 -0.109778 0.000000
vt 5.152352 0.179259 0.000000
vt 5.120000 0.175000 0.000000
vt 5.087648 0.179259 0.000000
vt 5.270000 -0.079808 0.000000
vt 5.208388 0.211612 0.000000
vt 5.182500 0.191747 0.000000
vt 5.332132 -0.032132 0.000000
vt 5.240741 0.267648 0.000000
vt 5.228253 0.237500 0.000000
vt 5.245000 0.300000 0.000000
vt 5.379808 0.030000 0.000000
vt 5.420000 0.180000 0.000000
vt 5.409778 0.102354 0.000000
vt 5.240741 0.332352 0.000000
vt 5.420000 0.942540 0.000000
vt 5.228253 0.362500 0.000000
vt 5.208388 0.388388 0.000000
vt 5.383891 1.180175 0.000000
vt 5.339523 1.292235 0.000000
vt 5.410921 1.062721 0.000000
vt 5.278824 1.396359 0.000000
vt 5.182500 0.408253 0.000000
vt 5.152352 0.420741 0.000000
vt 5.120000 0.425000 0.000000
vt 5.082630 1.700415 0.000000
vt 5.087648 0.420741 0.000000
vt 5.057500 0.408253 0.000000
vt 5.031612 0.388388 0.000000
vt 5.011747 0.362500 0.000000
vt 4.905122 2.015746 0.000000
vt 4.999259 0.332352 0.000000
vt 4.746946 2.341204 0.000000
vt 4.995000 0.300000 0.000000
vt 3.572500 0.380000 0.000000
vt 3.568667 0.350883 0.000000
vt 4.608677 2.675606 0.000000
vt 3.572500 1.380000 0.000000
vt 3.568667 1.350883 0.000000
vt 4.490818 3.017734 0.000000
vt 4.393798 3.366346 0.000000
vt 3.568667 1.409117 0.000000
vt 4.317969 3.720171 0.000000
vt 3.557428 1.436250 0.000000
vt 4.263608 4.077925 0.000000
vt 3.539550 1.459550 0.000000
vt 3.516250 1.477428 0.000000
vt 4.230912 4.438305 0.000000
vt 3.489117 1.488667 0.000000
vt 3.460000 1.492500 0.000000
vt 3.430883 1.488667 0.000000
vt 4.220000 4.800000 0.000000
vt 3.403750 1.477428 0.000000
vt 3.380450 1.459550 0.000000
vt 1.960000 4.250000 0.000000
vt 3.362572 1.436250 0.000000
vt 1.960000 3.650000 0.000000
vt 3.351333 1.409117 0.000000
vt 1.960000 2.050000 0.000000
vt 3.347500 1.380000 0.000000
vt 1.960000 1.450000 0.000000
vt 3.347500 0.380000 0.000000
vt 3.351333 0.350883 0.000000
vt 3.362572 0.323750 0.000000
vt 0.328253 0.237500 0.000000
vt 3.380450 0.300450 0.000000
vt 0.308388 0.211612 0.000000
vt 0.282500 0.191747 0.000000
vt 0.252352 0.179259 0.000000
vt 0.220000 0.175000 0.000000
vt 4.220000 18.250000 0.000000
vt 3.716593 17.024118 0.000000
vt 3.706603 17.000000 0.000000
vt 3.690711 16.979289 0.000000
vt -0.200000 18.250000 0.000000
vt 1.960000 17.450000 0.000000
vt 3.549289 17.120711 0.000000
vt 3.570000 17.136603 0.000000
vt 0.100000 3.980000 0.000000
vt 0.103407 4.005882 0.000000
vt 0.113397 4.030000 0.000000
vt 1.960000 15.250000 0.000000
vt 1.360000 16.850000 0.000000
vt 1.360000 15.250000 0.000000
vt 1.360000 14.650000 0.000000
vt 1.360000 13.050000 0.000000
vt 1.960000 13.050000 0.000000
vt 1.960000 14.650000 0.000000
vt 3.523407 17.024118 0.000000
vt 3.520000 17.050000 0.000000
vt 1.960000 16.850000 0.000000
vt 3.523407 17.075882 0.000000
vt 3.533397 17.100000 0.000000
vt 3.533397 17.000000 0.000000
vt 1.960000 10.850000 0.000000
vt 1.360000 12.450000 0.000000
vt 1.360000 10.850000 0.000000
vt 1.960000 10.250000 0.000000
vt 3.645882 16.953407 0.000000
vt 3.620000 16.950000 0.000000
vt 1.960000 8.650000 0.000000
vt 1.360000 10.250000 0.000000
vt 1.360000 8.650000 0.000000
vt 0.129289 4.050711 0.000000
vt 0.150000 4.066603 0.000000
vt 1.360000 6.450000 0.000000
vt 0.286603 4.030000 0.000000
vt 1.360000 5.850000 0.000000
vt 0.296593 4.005882 0.000000
vt 1.360000 4.250000 0.000000
vt 0.300000 3.980000 0.000000
vt 1.360000 3.650000 0.000000
vt 0.296593 3.954118 0.000000
vt 1.360000 2.050000 0.000000
vt 0.328253 0.362500 0.000000
vt 0.340741 0.332352 0.000000
vt 1.960000 6.450000 0.000000
vt 1.360000 8.050000 0.000000
vt 0.250000 4.066603 0.000000
vt 0.270711 4.050711 0.000000
vt 1.960000 5.850000 0.000000
vt 1.960000 8.050000 0.000000
vt 1.360000 1.450000 0.000000
vt 0.340741 0.267648 0.000000
vt 0.345000 0.300000 0.000000
vt 0.174118 4.076593 0.000000
vt 0.200000 4.080000 0.000000
vt 0.225882 4.076593 0.000000
vt 1.960000 12.450000 0.000000
vt 3.570000 16.963397 0.000000
vt 3.549289 16.979289 0.000000
vt 3.594118 16.953407 0.000000
vt 1.360000 17.450000 0.000000
vt 0.187648 0.179259 0.000000
vt 0.157500 0.191747 0.000000
vt 0.131612 0.211612 0.000000
vt 0.111747 0.237500 0.000000
vt 0.099259 0.267648 0.000000
vt 0.095000 0.300000 0.000000
vt 0.099259 0.332352 0.000000
vt 0.103407 3.954118 0.000000
vt 0.111747 0.362500 0.000000
vt 0.113397 3.930000 0.000000
vt 0.129289 3.909289 0.000000
vt 0.131612 0.388388 0.000000
vt 0.150000 3.893397 0.000000
vt 0.157500 0.408253 0.000000
vt 0.174118 3.883407 0.000000
vt 0.187648 0.420741 0.000000
vt 0.200000 3.880000 0.000000
vt 0.220000 0.425000 0.000000
vt 0.225882 3.883407 0.000000
vt 0.252352 0.420741 0.000000
vt 0.250000 3.893397 0.000000
vt 0.282500 0.408253 0.000000
vt 0.270711 3.909289 0.000000
vt 0.308388 0.388388 0.000000
vt 0.286603 3.930000 0.000000
vt 5.057500 0.191747 0.000000
vt 5.031612 0.211612 0.000000
vt 5.011747 0.237500 0.000000
vt 4.999259 0.267648 0.000000
vt 3.557428 0.323750 0.000000
vt 3.489117 0.488667 0.000000
vt 3.460000 1.267500 0.000000
vt 3.460000 0.492500 0.000000
vt 3.430883 1.271333 0.000000
vt 3.430883 0.488667 0.000000
vt 3.403750 1.282572 0.000000
vt 3.403750 0.477428 0.000000
vt 3.380450 1.300450 0.000000
vt 3.380450 0.459550 0.000000
vt 3.362572 1.323750 0.000000
vt 3.362572 0.436250 0.000000
vt 3.351333 1.350883 0.000000
vt 3.351333 0.409117 0.000000
vt 3.489117 1.271333 0.000000
vt 3.516250 0.477428 0.000000
vt 3.516250 1.282572 0.000000
vt 3.539550 0.459550 0.000000
vt 3.539550 1.300450 0.000000
vt 3.557428 0.436250 0.000000
vt 3.557428 1.323750 0.000000
vt 3.568667 0.409117 0.000000
vt 3.539550 0.300450 0.000000
vt 3.516250 0.282572 0.000000
vt 3.489117 0.271333 0.000000
vt 3.594118 17.146593 0.000000
vt 3.620000 17.150000 0.000000
vt 3.645882 17.146593 0.000000
vt 3.670000 17.136603 0.000000
vt 3.690711 17.120711 0.000000
vt 3.706603 17.100000 0.000000
vt 3.716593 17.075882 0.000000
vt 3.720000 17.050000 0.000000
vt 3.670000 16.963397 0.000000
vt -0.000000 -0.241277 0.000000
vt 0.310000 -0.241277 0.000000
vt -0.000000 -0.120638 0.000000
vt 0.310000 -0.120638 0.000000
vt -0.000000 0.000000 0.000000
vt 0.310000 0.000000 0.000000
vt -0.000000 0.120638 0.000000
vt 0.310000 0.120638 0.000000
vt -0.000000 0.241277 0.000000
vt 0.310000 0.241277 0.000000
vt -0.000000 0.241858 0.000000
vt 0.310000 0.241858 0.000000
vt -0.000000 0.603773 0.000000
vt 0.310000 0.603773 0.000000
vt 0.000000 0.965688 0.000000
vt 0.310000 0.965688 0.000000
vt 0.000000 1.327603 0.000000
vt 0.310000 1.327603 0.000000
vt 0.000000 1.689518 0.000000
vt 0.310000 1.689518 0.000000
vt 0.000000 2.051432 0.000000
vt 0.310000 2.051432 0.000000
vt 0.000000 2.413347 0.000000
vt 0.310000 2.413347 0.000000
vt 0.000000 2.775262 0.000000
vt 0.310000 2.775262 0.000000
vt 0.000000 3.137177 0.000000
vt 0.310000 3.137177 0.000000
vt 0.000000 3.499092 0.000000
vt 0.310000 3.499092 0.000000
vt 0.000000 3.861007 0.000000
vt 0.310000 3.861007 0.000000
vt -0.810000 0.359974 0.000000
vt -0.405000 0.359974 0.000000
vt -0.810000 0.392699 0.000000
vt -0.405000 0.392699 0.000000
vt -0.810000 -0.392699 0.000000
vt -0.405000 -0.392699 0.000000
vt -0.810000 -0.359974 0.000000
vt -0.405000 -0.359974 0.000000
vt -0.810000 -0.327249 0.000000
vt -0.405000 -0.327249 0.000000
vt -0.810000 -0.294524 0.000000
vt -0.405000 -0.294524 0.000000
vt -0.810000 -0.261799 0.000000
vt -0.405000 -0.261799 0.000000
vt -0.810000 -0.229074 0.000000
vt -0.405000 -0.229074 0.000000
vt -0.810000 -0.196350 0.000000
vt -0.405000 -0.196350 0.000000
vt -0.810000 -0.163625 0.000000
vt -0.405000 -0.163625 0.000000
vt -0.810000 -0.130900 0.000000
vt -0.405000 -0.130900 0.000000
vt -0.810000 -0.098175 0.000000
vt -0.405000 -0.098175 0.000000
vt -0.810000 -0.065450 0.000000
vt -0.405000 -0.065450 0.000000
vt -0.810000 -0.032725 0.000000
vt -0.405000 -0.032725 0.000000
vt -0.810000 0.000000 0.000000
vt -0.405000 0.000000 0.000000
vt -0.810000 0.032725 0.000000
vt -0.405000 0.032725 0.000000
vt -0.810000 0.065450 0.000000
vt -0.405000 0.065450 0.000000
vt -0.810000 0.098175 0.000000
vt -0.405000 0.098175 0.000000
vt -0.810000 0.130900 0.000000
vt -0.405000 0.130900 0.000000
vt -0.810000 0.163625 0.000000
vt -0.405000 0.163625 0.000000
vt -0.810000 0.196350 0.000000
vt -0.405000 0.196350 0.000000
vt -0.810000 0.229074 0.000000
vt -0.405000 0.229074 0.000000
vt -0.810000 0.261799 0.000000
vt -0.405000 0.261799 0.000000
vt -0.810000 0.294524 0.000000
vt -0.405000 0.294524 0.000000
vt -0.810000 0.327249 0.000000
vt -0.405000 0.327249 0.000000
vt 0.000000 -0.359974 0.000000
vt 0.000000 -0.392699 0.000000
vt 0.000000 0.392699 0.000000
vt 0.000000 0.359974 0.000000
vt 0.000000 0.327249 0.000000
vt 0.000000 0.294524 0.000000
vt 0.000000 0.261799 0.000000
vt 0.000000 0.229074 0.000000
vt 0.000000 0.196350 0.000000
vt 0.000000 0.163625 0.000000
vt 0.000000 0.130900 0.000000
vt 0.000000 0.098175 0.000000
vt 0.000000 0.065450 0.000000
vt 0.000000 0.032725 0.000000
vt 0.000000 0.000000 0.000000
vt 0.000000 -0.032725 0.000000
vt 0.000000 -0.065450 0.000000
vt 0.000000 -0.098175 0.000000
vt 0.000000 -0.130900 0.000000
vt 0.000000 -0.163625 0.000000
vt 0.000000 -0.196350 0.000000
vt 0.000000 -0.229074 0.000000
vt 0.000000 -0.261799 0.000000
vt 0.000000 -0.294524 0.000000
vt 0.000000 -0.327249 0.000000
vt -0.310000 0.359974 0.000000
vt 0.000000 0.359974 0.000000
vt -0.310000 0.392699 0.000000
vt -0.000000 0.392699 0.000000
vt -0.310000 -0.392699 0.000000
vt -0.000000 -0.392699 0.000000
vt -0.310000 -0.359974 0.000000
vt 0.000000 -0.359974 0.000000
vt -0.310000 -0.327249 0.000000
vt -0.000000 -0.327249 0.000000
vt -0.310000 -0.294524 0.000000
vt 0.000000 -0.294524 0.000000
vt -0.310000 -0.261799 0.000000
vt 0.000000 -0.261799 0.000000
vt -0.310000 -0.229074 0.000000
vt 0.000000 -0.229074 0.000000
vt -0.310000 -0.196350 0.000000
vt -0.000000 -0.196350 0.000000
vt -0.310000 -0.163625 0.000000
vt 0.000000 -0.163625 0.000000
vt -0.310000 -0.130900 0.000000
vt 0.000000 -0.130900 0.000000
vt -0.310000 -0.098175 0.000000
vt 0.000000 -0.098175 0.000000
vt -0.310000 -0.065450 0.000000
vt -0.000000 -0.065450 0.000000
vt -0.310000 -0.032725 0.000000
vt 0.000000 -0.032725 0.000000
vt -0.310000 0.000000 0.000000
vt -0.000000 0.000000 0.000000
vt -0.310000 0.032725 0.000000
vt 0.000000 0.032725 0.000000
vt -0.310000 0.065450 0.000000
vt -0.000000 0.065450 0.000000
vt -0.310000 0.098175 0.000000
vt 0.000000 0.098175 0.000000
vt -0.310000 0.130900 0.000000
vt 0.000000 0.130900 0.000000
vt -0.310000 0.163625 0.000000
vt 0.000000 0.163625 0.000000
vt -0.310000 0.196350 0.000000
vt -0.000000 0.196350 0.000000
vt -0.310000 0.229074 0.000000
vt 0.000000 0.229074 0.000000
vt -0.310000 0.261799 0.000000
vt 0.000000 0.261799 0.000000
vt -0.310000 0.294524 0.000000
vt 0.000000 0.294524 0.000000
vt -0.310000 0.327249 0.000000
vt -0.000000 0.327249 0.000000
vt -0.310000 0.323977 0.000000
vt 0.000000 0.323977 0.000000
vt -0.310000 0.353429 0.000000
vt 0.000000 0.353429 0.000000
vt -0.310000 -0.353429 0.000000
vt 0.000000 -0.353429 0.000000
vt -0.310000 -0.323977 0.000000
vt 0.000000 -0.323977 0.000000
vt -0.310000 -0.294524 0.000000
vt 0.000000 -0.294524 0.000000
vt -0.310000 -0.265072 0.000000
vt 0.000000 -0.265072 0.000000
vt -0.310000 -0.235619 0.000000
vt 0.000000 -0.235619 0.000000
vt -0.310000 -0.206167 0.000000
vt 0.000000 -0.206167 0.000000
vt -0.310000 -0.176715 0.000000
vt 0.000000 -0.176715 0.000000
vt -0.310000 -0.147262 0.000000
vt 0.000000 -0.147262 0.000000
vt -0.310000 -0.117810 0.000000
vt 0.000000 -0.117810 0.000000
vt -0.310000 -0.088357 0.000000
vt -0.000000 -0.088357 0.000000
vt -0.310000 -0.058905 0.000000
vt -0.000000 -0.058905 0.000000
vt -0.310000 -0.029452 0.000000
vt 0.000000 -0.029452 0.000000
vt -0.310000 0.000000 0.000000
vt 0.000000 0.000000 0.000000
vt -0.310000 0.029452 0.000000
vt 0.000000 0.029452 0.000000
vt -0.310000 0.058905 0.000000
vt 0.000000 0.058905 0.000000
vt -0.310000 0.088357 0.000000
vt 0.000000 0.088357 0.000000
vt -0.310000 0.117810 0.000000
vt 0.000000 0.117810 0.000000
vt -0.310000 0.147262 0.000000
vt 0.000000 0.147262 0.000000
vt -0.310000 0.176715 0.000000
vt 0.000000 0.176715 0.000000
vt -0.310000 0.206167 0.000000
vt 0.000000 0.206167 0.000000
vt -0.310000 0.235619 0.000000
vt 0.000000 0.235619 0.000000
vt -0.310000 0.265072 0.000000
vt 0.000000 0.265072 0.000000
vt -0.310000 0.294524 0.000000
vt 0.000000 0.294524 0.000000
vt -0.310000 0.323977 0.000000
vt 0.000000 0.323977 0.000000
vt -0.310000 0.353429 0.000000
vt 0.000000 0.353429 0.000000
vt -0.310000 -0.353429 0.000000
vt 0.000000 -0.353429 0.000000
vt -0.310000 -0.323977 0.000000
vt 0.000000 -0.323977 0.000000
vt -0.310000 -0.294524 0.000000
vt 0.000000 -0.294524 0.000000
vt -0.310000 -0.265072 0.000000
vt 0.000000 -0.265072 0.000000
vt -0.310000 -0.235619 0.000000
vt 0.000000 -0.235619 0.000000
vt -0.310000 -0.206167 0.000000
vt 0.000000 -0.206167 0.000000
vt -0.310000 -0.176715 0.000000
vt 0.000000 -0.176715 0.000000
vt -0.310000 -0.147262 0.000000
vt 0.000000 -0.147262 0.000000
vt -0.310000 -0.117810 0.000000
vt 0.000000 -0.117810 0.000000
vt -0.310000 -0.088357 0.000000
vt -0.000000 -0.088357 0.000000
vt -0.310000 -0.058905 0.000000
vt -0.000000 -0.058905 0.000000
vt -0.310000 -0.029452 0.000000
vt 0.000000 -0.029452 0.000000
vt -0.310000 0.000000 0.000000
vt 0.000000 0.000000 0.000000
vt -0.310000 0.029452 0.000000
vt 0.000000 0.029452 0.000000
vt -0.310000 0.058905 0.000000
vt 0.000000 0.058905 0.000000
vt -0.310000 0.088357 0.000000
vt 0.000000 0.088357 0.000000
vt -0.310000 0.117810 0.000000
vt 0.000000 0.117810 0.000000
vt -0.310000 0.147262 0.000000
vt 0.000000 0.147262 0.000000
vt -0.310000 0.176715 0.000000
vt 0.000000 0.176715 0.000000
vt -0.310000 0.206167 0.000000
vt 0.000000 0.206167 0.000000
vt -0.310000 0.235619 0.000000
vt 0.000000 0.235619 0.000000
vt -0.310000 0.265072 0.000000
vt 0.000000 0.265072 0.000000
vt -0.310000 0.294524 0.000000
vt 0.000000 0.294524 0.000000
vt -1.100000 0.287979 0.000000
vt -0.630000 0.287979 0.000000
vt -1.100000 0.314159 0.000000
vt -0.630000 0.314159 0.000000
vt -1.100000 -0.314159 0.000000
vt -0.630000 -0.314159 0.000000
vt -1.100000 -0.287979 0.000000
vt -0.630000 -0.287979 0.000000
vt -1.100000 -0.261799 0.000000
vt -0.630000 -0.261799 0.000000
vt -1.100000 -0.235619 0.000000
vt -0.630000 -0.235619 0.000000
vt -1.100000 -0.209440 0.000000
vt -0.630000 -0.209440 0.000000
vt -1.100000 -0.183260 0.000000
vt -0.630000 -0.183260 0.000000
vt -1.100000 -0.157080 0.000000
vt -0.630000 -0.157080 0.000000
vt -1.100000 -0.130900 0.000000
vt -0.630000 -0.130900 0.000000
vt -1.100000 -0.104720 0.000000
vt -0.630000 -0.104720 0.000000
vt -1.100000 -0.078540 0.000000
vt -0.630000 -0.078540 0.000000
vt -1.100000 -0.052360 0.000000
vt -0.630000 -0.052360 0.000000
vt -1.100000 -0.026180 0.000000
vt -0.630000 -0.026180 0.000000
vt -1.100000 0.000000 0.000000
vt -0.630000 0.000000 0.000000
vt -1.100000 0.026180 0.000000
vt -0.630000 0.026180 0.000000
vt -1.100000 0.052360 0.000000
vt -0.630000 0.052360 0.000000
vt -1.100000 0.078540 0.000000
vt -0.630000 0.078540 0.000000
vt -1.100000 0.104720 0.000000
vt -0.630000 0.104720 0.000000
vt -1.100000 0.130900 0.000000
vt -0.630000 0.130900 0.000000
vt -1.100000 0.157080 0.000000
vt -0.630000 0.157080 0.000000
vt -1.100000 0.183260 0.000000
vt -0.630000 0.183260 0.000000
vt -1.100000 0.209440 0.000000
vt -0.630000 0.209440 0.000000
vt -1.100000 0.235619 0.000000
vt -0.630000 0.235619 0.000000
vt -1.100000 0.261799 0.000000
vt -0.630000 0.261799 0.000000
vt 0.310000 -0.287979 0.000000
vt -0.160000 -0.287979 0.000000
vt 0.310000 -0.314159 0.000000
vt -0.160000 -0.314159 0.000000
vt 0.310000 0.314159 0.000000
vt -0.160000 0.314159 0.000000
vt 0.310000 0.287979 0.000000
vt -0.160000 0.287979 0.000000
vt 0.310000 0.261799 0.000000
vt -0.160000 0.261799 0.000000
vt 0.310000 0.235619 0.000000
vt -0.160000 0.235619 0.000000
vt 0.310000 0.209440 0.000000
vt -0.160000 0.209440 0.000000
vt 0.310000 0.183260 0.000000
vt -0.160000 0.183260 0.000000
vt 0.310000 0.157080 0.000000
vt -0.160000 0.157080 0.000000
vt 0.310000 0.130900 0.000000
vt -0.160000 0.130900 0.000000
vt 0.310000 0.104720 0.000000
vt -0.160000 0.104720 0.000000
vt 0.310000 0.078540 0.000000
vt -0.160000 0.078540 0.000000
vt 0.310000 0.052360 0.000000
vt -0.160000 0.052360 0.000000
vt 0.310000 0.026180 0.000000
vt -0.160000 0.026180 0.000000
vt 0.310000 0.000000 0.000000
vt -0.160000 0.000000 0.000000
vt 0.310000 -0.026180 0.000000
vt -0.160000 -0.026180 0.000000
vt 0.310000 -0.052360 0.000000
vt -0.160000 -0.052360 0.000000
vt 0.310000 -0.078540 0.000000
vt -0.160000 -0.078540 0.000000
vt 0.310000 -0.104720 0.000000
vt -0.160000 -0.104720 0.000000
vt 0.310000 -0.130900 0.000000
vt -0.160000 -0.130900 0.000000
vt 0.310000 -0.157080 0.000000
vt -0.160000 -0.157080 0.000000
vt 0.310000 -0.183260 0.000000
vt -0.160000 -0.183260 0.000000
vt 0.310000 -0.209440 0.000000
vt -0.160000 -0.209440 0.000000
vt 0.310000 -0.235619 0.000000
vt -0.160000 -0.235619 0.000000
vt 0.310000 -0.261799 0.000000
vt -0.160000 -0.261799 0.000000
vt -1.098628 -0.137445 0.000000
vt -1.100000 -0.157080 0.000000
vt -0.630000 -0.157080 0.000000
vt -1.098628 -0.176715 0.000000
vt -0.630000 -0.183260 0.000000
vt -1.094563 -0.196350 0.000000
vt -0.630000 -0.209440 0.000000
vt -1.087962 -0.215984 0.000000
vt -0.630000 -0.235619 0.000000
vt -1.079079 -0.235619 0.000000
vt -1.068255 -0.255254 0.000000
vt -0.630000 -0.261799 0.000000
vt -1.055906 -0.274889 0.000000
vt -0.630000 -0.287979 0.000000
vt -1.042506 -0.294524 0.000000
vt -0.630000 -0.314159 0.000000
vt -1.028571 -0.314159 0.000000
vt -0.630000 0.314159 0.000000
vt -1.028571 0.314159 0.000000
vt -1.014636 0.294524 0.000000
vt -0.630000 0.287979 0.000000
vt -1.001237 0.274889 0.000000
vt -0.630000 0.261799 0.000000
vt -0.988888 0.255254 0.000000
vt -0.630000 0.235619 0.000000
vt -0.978064 0.235619 0.000000
vt -0.969181 0.215984 0.000000
vt -0.630000 0.209440 0.000000
vt -0.962580 0.196350 0.000000
vt -0.630000 0.183260 0.000000
vt -0.958515 0.176715 0.000000
vt -0.630000 0.157080 0.000000
vt -0.957143 0.157080 0.000000
vt -0.958515 0.137445 0.000000
vt -0.630000 0.130900 0.000000
vt -0.962580 0.117810 0.000000
vt -0.630000 0.104720 0.000000
vt -0.969181 0.098175 0.000000
vt -0.630000 0.078540 0.000000
vt -0.978064 0.078540 0.000000
vt -0.988888 0.058905 0.000000
vt -0.630000 0.052360 0.000000
vt -1.001237 0.039270 0.000000
vt -0.630000 0.026180 0.000000
vt -1.014636 0.019635 0.000000
vt -0.630000 0.000000 0.000000
vt -1.028571 0.000000 0.000000
vt -1.042506 -0.019635 0.000000
vt -0.630000 -0.026180 0.000000
vt -1.055906 -0.039270 0.000000
vt -0.630000 -0.052360 0.000000
vt -1.068255 -0.058905 0.000000
vt -0.630000 -0.078540 0.000000
vt -1.079079 -0.078540 0.000000
vt -1.087962 -0.098175 0.000000
vt -0.630000 -0.104720 0.000000
vt -1.094563 -0.117810 0.000000
vt -0.630000 -0.130900 0.000000
vt 0.310000 -0.287979 0.000000
vt -0.160000 -0.287979 0.000000
vt 0.310000 -0.314159 0.000000
vt -0.160000 -0.314159 0.000000
vt 0.310000 0.314159 0.000000
vt -0.160000 0.314159 0.000000
vt 0.310000 0.287979 0.000000
vt -0.160000 0.287979 0.000000
vt 0.310000 0.261799 0.000000
vt -0.160000 0.261799 0.000000
vt 0.310000 0.235619 0.000000
vt -0.160000 0.235619 0.000000
vt 0.310000 0.209440 0.000000
vt -0.160000 0.209440 0.000000
vt 0.310000 0.183260 0.000000
vt -0.160000 0.183260 0.000000
vt 0.310000 0.157080 0.000000
vt -0.160000 0.157080 0.000000
vt 0.310000 0.130900 0.000000
vt -0.160000 0.130900 0.000000
vt 0.310000 0.104720 0.000000
vt -0.160000 0.104720 0.000000
vt 0.310000 0.078540 0.000000
vt -0.160000 0.078540 0.000000
vt 0.310000 0.052360 0.000000
vt -0.160000 0.052360 0.000000
vt 0.310000 0.026180 0.000000
vt -0.160000 0.026180 0.000000
vt 0.310000 0.000000 0.000000
vt -0.160000 0.000000 0.000000
vt 0.310000 -0.026180 0.000000
vt -0.160000 -0.026180 0.000000
vt 0.310000 -0.052360 0.000000
vt -0.160000 -0.052360 0.000000
vt 0.310000 -0.078540 0.000000
vt -0.160000 -0.078540 0.000000
vt 0.310000 -0.104720 0.000000
vt -0.160000 -0.104720 0.000000
vt 0.310000 -0.130900 0.000000
vt -0.160000 -0.130900 0.000000
vt 0.310000 -0.157080 0.000000
vt -0.160000 -0.157080 0.000000
vt 0.310000 -0.183260 0.000000
vt -0.160000 -0.183260 0.000000
vt 0.310000 -0.209440 0.000000
vt -0.160000 -0.209440 0.000000
vt 0.310000 -0.235619 0.000000
vt -0.160000 -0.235619 0.000000
vt 0.310000 -0.261799 0.000000
vt -0.160000 -0.261799 0.000000
vt 0.600000 0.310000 0.000000
vt 0.000000 0.310000 0.000000
vt 0.600000 -0.000000 0.000000
vt 0.000000 -0.000000 0.000000
vt 0.600000 0.310000 0.000000
vt -0.000000 0.310000 0.000000
vt 0.600000 0.000000 0.000000
vt 0.000000 -0.000000 0.000000
vt 0.600000 0.310000 0.000000
vt 0.000000 0.310000 0.000000
vt 0.600000 -0.000000 0.000000
vt 0.000000 -0.000000 0.000000
vt 0.600000 0.310000 0.000000
vt -0.000000 0.310000 0.000000
vt 0.600000 0.000000 0.000000
vt 0.000000 -0.000000 0.000000
vt 0.600000 0.310000 0.000000
vt 0.000000 0.310000 0.000000
vt 0.600000 -0.000000 0.000000
vt 0.000000 -0.000000 0.000000
vt 0.600000 0.310000 0.000000
vt -0.000000 0.310000 0.000000
vt 0.600000 0.000000 0.000000
vt 0.000000 -0.000000 0.000000
vt 0.600000 0.310000 0.000000
vt 0.000000 0.310000 0.000000
vt 0.600000 0.000000 0.000000
vt 0.000000 0.000000 0.000000
vt 0.600000 0.310000 0.000000
vt 0.000000 0.310000 0.000000
vt 0.600000 0.000000 0.000000
vt 0.000000 0.000000 0.000000
vt 0.000000 -0.190000 0.000000
vt 0.600000 -0.190000 0.000000
vt 0.000000 0.120000 0.000000
vt 0.600000 0.120000 0.000000
vt -0.000000 -0.190000 0.000000
vt 0.600000 -0.190000 0.000000
vt 0.000000 0.120000 0.000000
vt 0.600000 0.120000 0.000000
vt 0.600000 0.310000 0.000000
vt 0.000000 0.310000 0.000000
vt 0.600000 0.000000 0.000000
vt 0.000000 0.000000 0.000000
vt 0.600000 0.310000 0.000000
vt 0.000000 0.310000 0.000000
vt 0.600000 0.000000 0.000000
vt 0.000000 -0.000000 0.000000
vt 0.600000 0.310000 0.000000
vt 0.000000 0.310000 0.000000
vt 0.600000 -0.000000 0.000000
vt 0.000000 -0.000000 0.000000
vt 0.600000 0.310000 0.000000
vt 0.000000 0.310000 0.000000
vt 0.600000 0.000000 0.000000
vt 0.000000 0.000000 0.000000
vt 0.600000 0.310000 0.000000
vt -0.000000 0.310000 0.000000
vt 0.600000 0.000000 0.000000
vt 0.000000 -0.000000 0.000000
vt 0.600000 0.310000 0.000000
vt 0.000000 0.310000 0.000000
vt 0.600000 0.000000 0.000000
vt 0.000000 -0.000000 0.000000
vt 0.600000 0.310000 0.000000
vt 0.000000 0.310000 0.000000
vt 0.600000 0.000000 0.000000
vt 0.000000 -0.000000 0.000000
vt 0.600000 0.310000 0.000000
vt 0.000000 0.310000 0.000000
vt 0.600000 0.000000 0.000000
vt 0.000000 0.000000 0.000000
vt 0.600000 0.310000 0.000000
vt 0.000000 0.310000 0.000000
vt 0.600000 0.000000 0.000000
vt 0.000000 0.000000 0.000000
vt 0.600000 0.310000 0.000000
vt 0.000000 0.310000 0.000000
vt 0.600000 0.000000 0.000000
vt 0.000000 -0.000000 0.000000
vt 0.600000 0.310000 0.000000
vt 0.000000 0.310000 0.000000
vt 0.600000 0.000000 0.000000
vt 0.000000 -0.000000 0.000000
vt 0.600000 0.310000 0.000000
vt 0.000000 0.310000 0.000000
vt 0.600000 0.000000 0.000000
vt 0.000000 -0.000000 0.000000
vt 0.600000 0.310000 0.000000
vt 0.000000 0.310000 0.000000
vt 0.600000 0.000000 0.000000
vt 0.000000 -0.000000 0.000000
vt 0.600000 0.310000 0.000000
vt 0.000000 0.310000 0.000000
vt 0.600000 0.000000 0.000000
vt 0.000000 -0.000000 0.000000
vt 0.600000 0.310000 0.000000
vt 0.000000 0.310000 0.000000
vt 0.600000 0.000000 0.000000
vt 0.000000 0.000000 0.000000
vt 0.600000 0.310000 0.000000
vt 0.000000 0.310000 0.000000
vt 0.600000 -0.000000 0.000000
vt 0.000000 -0.000000 0.000000
vt 0.600000 0.310000 0.000000
vt 0.000000 0.310000 0.000000
vt 0.600000 0.000000 0.000000
vt 0.000000 0.000000 0.000000
vt 0.600000 0.310000 0.000000
vt 0.000000 0.310000 0.000000
vt 0.600000 0.000000 0.000000
vt 0.000000 -0.000000 0.000000
vt 0.600000 0.310000 0.000000
vt 0.000000 0.310000 0.000000
vt 0.600000 0.000000 0.000000
vt 0.000000 -0.000000 0.000000
vt 0.600000 0.310000 0.000000
vt 0.000000 0.310000 0.000000
vt 0.600000 0.000000 0.000000
vt 0.000000 -0.000000 0.000000
vt -0.000000 -0.190000 0.000000
vt 0.600000 -0.190000 0.000000
vt 0.000000 0.120000 0.000000
vt 0.600000 0.120000 0.000000
vt 0.000000 -0.190000 0.000000
vt 0.600000 -0.190000 0.000000
vt 0.000000 0.120000 0.000000
vt 0.600000 0.120000 0.000000
vt -0.000000 4.800000 0.000000
vt 0.310000 4.800000 0.000000
vt -0.000000 18.250000 0.000000
vt 0.910000 18.250000 0.000000
vt 0.910000 1.880000 0.000000
vt 0.310000 1.880000 0.000000
vn -0.100000 0.000000 0.000000
vn -0.100000 0.000000 0.000000
vn -0.100000 0.000000 0.000000
vn 0.100000 0.000000 0.000000
vn 0.100000 0.000000 0.000000
vn 0.100000 0.000000 0.000000
vn 0.100000 0.000000 0.000000
vn 0.100000 0.000000 0.000000
vn 0.100000 0.000000 0.000000
vn 0.100000 0.000000 0.000000
vn 0.100000 0.000000 0.000000
vn 0.100000 0.000000 0.000000
vn 0.100000 0.000000 0.000000
vn 0.100000 0.000000 0.000000
vn 0.100000 0.000000 0.000000
vn 0.100000 0.000000 0.000000
vn 0.100000 0.000000 0.000000
vn 0.100000 0.000000 0.000000
vn 0.100000 0.000000 0.000000
vn 0.100000 0.000000 0.000000
vn 0.100000 0.000000 0.000000
vn 0.100000 0.000000 0.000000
vn 0.100000 0.000000 0.000000
vn 0.100000 0.000000 0.000000
vn 0.100000 0.000000 0.000000
vn 0.100000 0.000000 0.000000
vn 0.100000 0.000000 0.000000
vn 0.100000 0.000000 0.000000
vn 0.100000 0.000000 0.000000
vn 0.100000 0.000000 0.000000
vn 0.100000 0.000000 0.000000
vn 0.100000 0.000000 0.000000
vn 0.100000 0.000000 0.000000
vn 0.100000 0.000000 0.000000
vn 0.100000 0.000000 0.000000
vn 0.100000 0.000000 0.000000
vn 0.100000 0.000000 0.000000
vn 0.100000 0.000000 0.000000
vn 0.100000 0.000000 0.000000
vn 0.100000 0.000000 0.000000
vn 0.100000 0.000000 0.000000
vn 0.000000 -0.100000 0.000000
vn 0.000000 -0.100000 0.000000
vn 0.000000 -0.100000 0.000000
vn 0.000000 -0.100000 0.000000
vn 0.000000 -0.100000 0.000000
vn 0.000000 -0.100000 0.000000
vn 0.000000 -0.100000 0.000000
vn 0.000000 -0.100000 0.000000
vn 0.000000 -0.100000 0.000000
vn 0.000000 -0.100000 0.000000
vn 0.000000 -0.100000 0.000000
vn 0.000000 -0.100000 0.000000
vn 0.000000 -0.100000 0.000000
vn 0.000000 -0.100000 0.000000
vn 0.000000 -0.100000 0.000000
vn 0.000000 -0.100000 0.000000
vn -0.096593 0.025882 -0.000000
vn -0.096593 0.025882 -0.000000
vn -0.100000 0.000000 -0.000000
vn -0.100000 0.000000 -0.000000
vn -0.096593 -0.025882 0.000000
vn -0.096593 -0.025882 0.000000
vn -0.086603 -0.050000 0.000000
vn -0.086603 -0.050000 0.000000
vn -0.070711 -0.070711 0.000000
vn -0.070711 -0.070711 0.000000
vn -0.050000 -0.086603 0.000000
vn -0.050000 -0.086603 0.000000
vn -0.025882 -0.096593 0.000000
vn -0.025882 -0.096593 0.000000
vn 0.000000 -0.100000 0.000000
vn 0.000000 -0.100000 0.000000
vn 0.025882 -0.096593 0.000000
vn 0.025882 -0.096593 0.000000
vn 0.050000 -0.086603 0.000000
vn 0.050000 -0.086603 0.000000
vn 0.070711 -0.070711 0.000000
vn 0.070711 -0.070711 0.000000
vn 0.086603 -0.050000 0.000000
vn 0.086603 -0.050000 0.000000
vn 0.096593 -0.025882 0.000000
vn 0.096593 -0.025882 0.000000
vn 0.100000 -0.000000 0.000000
vn 0.100000 -0.000000 0.000000
vn 0.096593 0.025882 0.000000
vn 0.096593 0.025882 0.000000
vn 0.086603 0.050000 0.000000
vn 0.086603 0.050000 0.000000
vn 0.070711 0.070711 0.000000
vn 0.070711 0.070711 0.000000
vn 0.050000 0.086603 0.000000
vn 0.050000 0.086603 0.000000
vn 0.025882 0.096593 0.000000
vn 0.025882 0.096593 0.000000
vn 0.000000 0.100000 0.000000
vn 0.000000 0.100000 0.000000
vn -0.025882 0.096593 -0.000000
vn -0.025882 0.096593 -0.000000
vn -0.050000 0.086603 -0.000000
vn -0.050000 0.086603 -0.000000
vn -0.070711 0.070711 -0.000000
vn -0.070711 0.070711 -0.000000
vn -0.086603 0.050000 -0.000000
vn -0.086603 0.050000 -0.000000
vn 0.100000 0.000000 0.000000
vn 0.100000 0.000000 0.000000
vn 0.100000 0.000000 0.000000
vn 0.000000 -0.058124 0.081373
vn 0.000000 -0.058124 0.081373
vn 0.000000 -0.058124 0.081373
vn 0.000000 -0.058124 0.081373
vn 0.000000 -0.058124 0.081373
vn 0.000000 -0.058124 0.081373
vn 0.000000 -0.058124 0.081373
vn 0.000000 -0.058124 0.081373
vn 0.000000 -0.058124 0.081373
vn 0.000000 -0.058124 0.081373
vn 0.000000 -0.058124 0.081373
vn 0.000000 -0.058124 0.081373
vn 0.000000 -0.058124 0.081373
vn 0.000000 -0.058124 0.081373
vn 0.000000 -0.058124 0.081373
vn 0.000000 -0.058124 0.081373
vn 0.000000 -0.058124 0.081373
vn 0.000000 -0.058124 0.081373
vn 0.000000 -0.058124 0.081373
vn 0.000000 -0.058124 0.081373
vn 0.000000 -0.058124 0.081373
vn 0.000000 -0.058124 0.081373
vn 0.000000 -0.058124 0.081373
vn 0.000000 -0.058124 0.081373
vn 0.000000 -0.058124 0.081373
vn 0.000000 -0.058124 0.081373
vn 0.000000 -0.058124 0.081373
vn 0.000000 -0.058124 0.081373
vn 0.000000 -0.058124 0.081373
vn 0.000000 -0.058124 0.081373
vn 0.000000 -0.058124 0.081373
vn 0.000000 -0.058124 0.081373
vn 0.000000 -0.058124 0.081373
vn 0.000000 -0.058124 0.081373
vn 0.000000 -0.058124 0.081373
vn 0.000000 -0.058124 0.081373
vn 0.000000 -0.058124 0.081373
vn 0.000000 -0.058124 0.081373
vn 0.000000 -0.058124 0.081373
vn 0.000000 -0.058124 0.081373
vn 0.000000 -0.058124 0.081373
vn 0.000000 -0.058124 0.081373
vn 0.000000 -0.058124 0.081373
vn 0.000000 -0.058124 0.081373
vn 0.000000 -0.058124 0.081373
vn 0.000000 -0.058124 0.081373
vn 0.000000 -0.058124 0.081373
vn 0.000000 -0.058124 0.081373
vn 0.000000 -0.070711 0.070711
vn 0.000000 -0.070711 0.070711
vn 0.000000 -0.070711 0.070711
vn 0.000000 -0.070711 0.070711
vn 0.000000 0.070711 -0.070711
vn 0.000000 0.070711 -0.070711
vn 0.000000 0.070711 -0.070711
vn 0.000000 0.070711 -0.070711
vn 0.000000 0.070711 -0.070711
vn 0.000000 0.070711 -0.070711
vn 0.000000 0.000000 -0.100000
vn 0.000000 0.000000 -0.100000
vn 0.000000 0.000000 -0.100000
vn 0.000000 0.000000 -0.100000
vn 0.000000 0.000000 -0.100000
vn 0.000000 0.000000 -0.100000
vn 0.000000 0.000000 -0.100000
vn 0.000000 0.000000 -0.100000
vn 0.000000 0.000000 -0.100000
vn 0.000000 0.000000 -0.100000
vn 0.000000 0.000000 -0.100000
vn 0.000000 0.000000 -0.100000
vn 0.000000 0.000000 -0.100000
vn 0.000000 0.000000 -0.100000
vn 0.000000 0.000000 -0.100000
vn 0.000000 0.000000 -0.100000
vn 0.000000 0.000000 -0.100000
vn 0.000000 0.000000 -0.100000
vn 0.000000 0.000000 -0.100000
vn 0.000000 0.000000 -0.100000
vn 0.000000 0.000000 -0.100000
vn 0.000000 0.000000 -0.100000
vn 0.000000 0.000000 -0.100000
vn 0.000000 0.000000 -0.100000
vn 0.000000 0.000000 -0.100000
vn 0.000000 0.000000 -0.100000
vn 0.000000 0.000000 -0.100000
vn 0.000000 0.000000 -0.100000
vn 0.000000 0.000000 -0.100000
vn 0.000000 0.000000 -0.100000
vn 0.000000 0.000000 -0.100000
vn 0.000000 0.000000 -0.100000
vn 0.000000 0.000000 -0.100000
vn 0.000000 0.000000 -0.100000
vn 0.000000 0.000000 -0.100000
vn 0.000000 0.000000 -0.100000
vn 0.000000 0.000000 -0.100000
vn 0.000000 0.000000 -0.100000
vn 0.000000 0.000000 -0.100000
vn 0.000000 0.000000 -0.100000
vn 0.000000 0.000000 -0.100000
vn 0.000000 0.000000 -0.100000
vn 0.000000 0.000000 -0.100000
vn 0.000000 0.000000 -0.100000
vn 0.000000 0.000000 -0.100000
vn 0.000000 0.000000 -0.100000
vn 0.000000 0.000000 -0.100000
vn 0.000000 0.000000 -0.100000
vn 0.000000 0.000000 -0.100000
vn 0.000000 0.000000 -0.100000
vn 0.000000 0.000000 -0.100000
vn 0.000000 0.000000 -0.100000
vn 0.000000 0.000000 -0.100000
vn 0.000000 0.000000 -0.100000
vn 0.000000 0.000000 -0.100000
vn 0.000000 0.000000 -0.100000
vn 0.000000 0.000000 -0.100000
vn 0.000000 0.000000 -0.100000
vn 0.000000 0.000000 -0.100000
vn 0.000000 0.000000 -0.100000
vn 0.000000 0.000000 -0.100000
vn 0.000000 0.000000 -0.100000
vn 0.000000 0.000000 -0.100000
vn 0.000000 0.000000 -0.100000
vn 0.000000 0.000000 -0.100000
vn 0.000000 0.000000 -0.100000
vn 0.000000 0.000000 -0.100000
vn 0.000000 0.000000 -0.100000
vn 0.000000 0.000000 -0.100000
vn 0.000000 0.000000 -0.100000
vn 0.000000 0.000000 -0.100000
vn 0.000000 0.000000 -0.100000
vn 0.000000 0.000000 -0.100000
vn 0.000000 0.000000 -0.100000
vn 0.000000 0.000000 -0.100000
vn 0.000000 0.000000 -0.100000
vn 0.000000 0.000000 -0.100000
vn 0.000000 0.000000 -0.100000
vn 0.000000 0.000000 -0.100000
vn 0.000000 0.000000 -0.100000
vn 0.000000 0.000000 -0.100000
vn 0.000000 0.000000 -0.100000
vn 0.000000 0.000000 -0.100000
vn 0.000000 0.000000 -0.100000
vn 0.000000 0.000000 -0.100000
vn 0.000000 0.000000 -0.100000
vn 0.000000 0.000000 -0.100000
vn 0.000000 0.000000 -0.100000
vn 0.000000 0.000000 -0.100000
vn 0.000000 0.000000 -0.100000
vn 0.000000 0.000000 -0.100000
vn 0.000000 0.000000 -0.100000
vn 0.000000 0.000000 -0.100000
vn 0.000000 0.000000 -0.100000
vn 0.000000 0.000000 -0.100000
vn 0.000000 0.000000 -0.100000
vn 0.000000 0.000000 -0.100000
vn 0.000000 0.000000 -0.100000
vn 0.000000 0.000000 -0.100000
vn 0.000000 0.000000 -0.100000
vn 0.000000 0.000000 -0.100000
vn 0.000000 0.000000 -0.100000
vn 0.000000 0.000000 -0.100000
vn 0.000000 0.000000 -0.100000
vn 0.000000 0.000000 -0.100000
vn 0.000000 0.000000 -0.100000
vn 0.000000 0.000000 -0.100000
vn 0.000000 0.000000 -0.100000
vn 0.000000 0.000000 -0.100000
vn 0.000000 0.000000 -0.100000
vn 0.000000 0.000000 -0.100000
vn 0.000000 0.000000 -0.100000
vn 0.000000 0.000000 -0.100000
vn 0.000000 0.000000 -0.100000
vn 0.000000 0.000000 -0.100000
vn 0.000000 0.000000 -0.100000
vn 0.000000 0.000000 -0.100000
vn 0.000000 0.000000 -0.100000
vn 0.000000 0.000000 -0.100000
vn 0.000000 0.000000 -0.100000
vn 0.000000 0.000000 -0.100000
vn 0.000000 0.000000 -0.100000
vn 0.000000 0.000000 -0.100000
vn 0.000000 0.000000 -0.100000
vn 0.000000 0.000000 -0.100000
vn 0.000000 0.000000 -0.100000
vn 0.000000 0.000000 -0.100000
vn 0.000000 0.000000 -0.100000
vn 0.000000 0.000000 -0.100000
vn 0.000000 0.000000 -0.100000
vn 0.000000 0.000000 -0.100000
vn 0.000000 0.000000 -0.100000
vn 0.000000 0.000000 -0.100000
vn 0.000000 0.000000 -0.100000
vn 0.000000 0.000000 -0.100000
vn 0.000000 0.000000 -0.100000
vn 0.000000 0.000000 -0.100000
vn 0.000000 0.000000 -0.100000
vn 0.000000 0.000000 -0.100000
vn 0.000000 0.000000 -0.100000
vn 0.000000 0.000000 -0.100000
vn 0.000000 0.000000 -0.100000
vn 0.000000 0.000000 -0.100000
vn 0.000000 0.000000 -0.100000
vn 0.000000 0.000000 -0.100000
vn 0.000000 0.000000 -0.100000
vn 0.000000 0.000000 -0.100000
vn 0.000000 0.000000 -0.100000
vn 0.000000 0.000000 -0.100000
vn 0.000000 0.000000 -0.100000
vn 0.000000 0.000000 -0.100000
vn 0.000000 0.000000 -0.100000
vn 0.000000 0.000000 -0.100000
vn 0.000000 0.000000 -0.100000
vn 0.000000 0.000000 -0.100000
vn 0.000000 0.000000 -0.100000
vn 0.000000 0.000000 -0.100000
vn 0.000000 0.000000 -0.100000
vn 0.000000 0.000000 -0.100000
vn 0.000000 0.000000 -0.100000
vn 0.000000 0.000000 -0.100000
vn 0.000000 0.000000 -0.100000
vn 0.000000 0.000000 -0.100000
vn 0.000000 0.000000 -0.100000
vn 0.000000 0.000000 -0.100000
vn 0.000000 0.000000 -0.100000
vn 0.000000 0.000000 -0.100000
vn 0.000000 0.000000 -0.100000
vn 0.000000 0.000000 -0.100000
vn 0.000000 0.000000 -0.100000
vn 0.000000 0.000000 -0.100000
vn 0.000000 0.000000 -0.100000
vn 0.000000 0.000000 -0.100000
vn 0.000000 0.000000 -0.100000
vn 0.000000 0.000000 -0.100000
vn 0.000000 0.000000 -0.100000
vn 0.000000 0.000000 -0.100000
vn 0.000000 0.100000 0.000000
vn 0.000000 0.100000 0.000000
vn 0.000000 0.100000 0.000000
vn 0.000000 0.100000 0.000000
vn -0.100000 0.000000 0.000000
vn -0.100000 0.000000 0.000000
vn -0.100000 0.000000 0.000000
vn -0.100000 0.000000 0.000000
vn -0.100000 0.000000 0.000000
vn 0.000000 0.000000 -0.100000
vn 0.000000 0.000000 -0.100000
vn 0.000000 0.000000 -0.100000
vn 0.000000 0.000000 -0.100000
vn 0.000000 0.000000 -0.100000
vn 0.000000 0.000000 -0.100000
vn 0.000000 0.000000 -0.100000
vn 0.000000 0.000000 -0.100000
vn 0.000000 0.000000 -0.100000
vn 0.000000 0.000000 -0.100000
vn -0.100000 0.000000 0.000000
vn -0.100000 0.000000 0.000000
vn -0.100000 0.000000 0.000000
vn -0.100000 0.000000 0.000000
vn -0.100000 0.000000 0.000000
vn -0.100000 0.000000 0.000000
vn -0.100000 0.000000 0.000000
vn 0.100000 0.000000 0.000000
vn 0.100000 0.000000 0.000000
vn 0.100000 0.000000 0.000000
vn 0.100000 0.000000 0.000000
vn 0.100000 0.000000 0.000000
vn 0.100000 0.000000 0.000000
vn 0.100000 0.000000 0.000000
vn 0.100000 0.000000 0.000000
vn 0.000000 -0.100000 0.000000
vn 0.000000 -0.100000 0.000000
vn 0.000000 -0.100000 0.000000
vn 0.000000 -0.100000 0.000000
vn -0.100000 0.000000 0.000000
vn -0.100000 0.000000 0.000000
vn -0.100000 0.000000 0.000000
vn -0.100000 0.000000 0.000000
vn 0.000000 0.100000 0.000000
vn 0.000000 0.100000 0.000000
vn 0.000000 0.100000 0.000000
vn 0.000000 0.100000 0.000000
vn 0.000000 0.100000 0.000000
vn 0.000000 0.100000 0.000000
vn 0.000000 0.000000 0.100000
vn 0.000000 0.000000 0.100000
vn 0.000000 0.000000 0.100000
vn 0.000000 0.000000 0.100000
vn 0.000000 0.000000 0.100000
vn 0.000000 0.000000 0.100000
vn 0.100000 0.000000 0.000000
vn 0.100000 0.000000 0.000000
vn 0.100000 0.000000 0.000000
vn 0.000000 0.000000 0.100000
vn 0.000000 0.000000 0.100000
vn 0.000000 0.000000 0.100000
vn 0.000000 0.000000 0.100000
vn -0.000000 -0.100000 0.000000
vn -0.000000 -0.100000 0.000000
vn -0.000000 -0.100000 0.000000
vn -0.000000 -0.100000 0.000000
vn -0.000000 -0.100000 0.000000
vn 0.000000 0.000000 0.100000
vn 0.000000 0.000000 0.100000
vn 0.000000 0.000000 0.100000
vn 0.000000 0.000000 0.100000
vn 0.000000 0.000000 0.100000
vn 0.000000 0.000000 0.100000
vn 0.000000 0.000000 0.100000
vn 0.000000 0.000000 0.100000
vn 0.000000 0.000000 0.100000
vn 0.000000 0.000000 0.100000
vn 0.000000 0.000000 0.100000
vn 0.000000 0.000000 0.100000
vn 0.000000 0.000000 0.100000
vn 0.000000 0.000000 0.100000
vn 0.000000 0.000000 0.100000
vn 0.000000 0.000000 0.100000
vn 0.000000 0.000000 0.100000
vn 0.000000 0.000000 0.100000
vn 0.000000 0.000000 0.100000
vn 0.000000 0.000000 0.100000
vn 0.000000 0.000000 0.100000
vn 0.000000 0.000000 0.100000
vn 0.000000 0.000000 0.100000
vn 0.000000 0.000000 0.100000
vn 0.000000 0.000000 0.100000
vn 0.000000 0.000000 0.100000
vn 0.000000 0.000000 0.100000
vn 0.000000 0.000000 0.100000
vn 0.000000 0.000000 0.100000
vn 0.000000 0.000000 0.100000
vn 0.000000 0.000000 0.100000
vn 0.000000 0.000000 0.100000
vn 0.000000 0.000000 0.100000
vn 0.000000 0.000000 0.100000
vn 0.000000 0.000000 0.100000
vn 0.000000 0.000000 0.100000
vn -0.100000 0.000000 0.000000
vn -0.100000 0.000000 0.000000
vn -0.100000 0.000000 0.000000
vn -0.100000 0.000000 0.000000
vn -0.100000 0.000000 0.000000
vn -0.100000 0.000000 0.000000
vn -0.100000 0.000000 0.000000
vn -0.100000 0.000000 0.000000
vn -0.100000 0.000000 0.000000
vn -0.100000 0.000000 0.000000
vn -0.100000 0.000000 0.000000
vn -0.100000 0.000000 0.000000
vn -0.100000 0.000000 0.000000
vn 0.000000 0.100000 0.000000
vn 0.000000 0.100000 0.000000
vn 0.000000 0.100000 0.000000
vn 0.000000 0.100000 0.000000
vn -0.100000 0.000000 0.000000
vn -0.100000 0.000000 0.000000
vn -0.100000 0.000000 0.000000
vn -0.100000 0.000000 0.000000
vn -0.000000 0.058124 -0.081373
vn -0.000000 0.058124 -0.081373
vn -0.000000 0.058124 -0.081373
vn -0.000000 0.058124 -0.081373
vn -0.000000 0.058124 -0.081373
vn -0.000000 0.058124 -0.081373
vn -0.000000 0.058124 -0.081373
vn -0.000000 0.058124 -0.081373
vn -0.000000 0.058124 -0.081373
vn -0.000000 0.058124 -0.081373
vn -0.000000 0.058124 -0.081373
vn -0.000000 0.058124 -0.081373
vn -0.000000 0.058124 -0.081373
vn -0.000000 0.058124 -0.081373
vn -0.000000 0.058124 -0.081373
vn -0.000000 0.058124 -0.081373
vn -0.000000 0.058124 -0.081373
vn -0.000000 0.058124 -0.081373
vn -0.000000 0.058124 -0.081373
vn -0.000000 0.058124 -0.081373
vn -0.000000 0.058124 -0.081373
vn -0.000000 0.058124 -0.081373
vn -0.000000 0.058124 -0.081373
vn -0.000000 0.058124 -0.081373
vn -0.000000 0.058124 -0.081373
vn -0.000000 0.058124 -0.081373
vn -0.000000 0.058124 -0.081373
vn -0.000000 0.058124 -0.081373
vn -0.000000 0.058124 -0.081373
vn -0.000000 0.058124 -0.081373
vn -0.000000 0.058124 -0.081373
vn -0.000000 0.058124 -0.081373
vn -0.000000 0.058124 -0.081373
vn -0.000000 0.058124 -0.081373
vn -0.000000 0.058124 -0.081373
vn -0.000000 0.058124 -0.081373
vn -0.000000 0.058124 -0.081373
vn -0.000000 0.058124 -0.081373
vn -0.000000 0.058124 -0.081373
vn -0.000000 0.058124 -0.081373
vn -0.000000 0.058124 -0.081373
vn -0.000000 0.058124 -0.081373
vn 0.000000 0.000000 -0.100000
vn 0.000000 0.000000 -0.100000
vn 0.000000 0.000000 -0.100000
vn 0.000000 0.000000 -0.100000
vn 0.000000 0.000000 -0.100000
vn 0.000000 0.000000 -0.100000
vn 0.000000 0.000000 -0.100000
vn 0.000000 0.000000 -0.100000
vn 0.000000 0.000000 -0.100000
vn 0.000000 0.000000 -0.100000
vn 0.000000 0.000000 -0.100000
vn 0.000000 0.000000 -0.100000
vn 0.000000 0.000000 -0.100000
vn 0.000000 0.000000 -0.100000
vn 0.000000 0.000000 -0.100000
vn 0.000000 0.000000 -0.100000
vn 0.000000 0.000000 -0.100000
vn 0.000000 0.000000 -0.100000
vn 0.000000 0.000000 -0.100000
vn 0.000000 0.000000 -0.100000
vn 0.000000 0.000000 -0.100000
vn 0.000000 0.000000 -0.100000
vn 0.000000 0.000000 -0.100000
vn 0.000000 0.000000 -0.100000
vn 0.000000 0.000000 -0.100000
vn 0.000000 0.000000 -0.100000
vn 0.000000 0.000000 -0.100000
vn 0.000000 0.000000 -0.100000
vn 0.000000 0.000000 -0.100000
vn 0.000000 0.000000 -0.100000
vn 0.000000 0.000000 -0.100000
vn 0.000000 0.000000 -0.100000
vn 0.000000 0.000000 -0.100000
vn 0.000000 0.000000 -0.100000
vn 0.100000 0.000000 0.000000
vn 0.100000 0.000000 0.000000
vn 0.100000 0.000000 0.000000
vn 0.100000 0.000000 0.000000
vn 0.100000 0.000000 0.000000
vn 0.100000 0.000000 0.000000
vn 0.000000 0.000000 -0.100000
vn 0.000000 0.000000 -0.100000
vn 0.000000 0.000000 -0.100000
vn 0.000000 0.000000 -0.100000
vn 0.000000 0.000000 -0.100000
vn 0.000000 0.000000 -0.100000
vn 0.000000 0.000000 -0.100000
vn 0.000000 0.000000 -0.100000
vn 0.000000 0.000000 -0.100000
vn 0.000000 0.000000 -0.100000
vn 0.000000 0.000000 -0.100000
vn 0.000000 0.000000 -0.100000
vn 0.000000 0.000000 -0.100000
vn 0.000000 0.000000 -0.100000
vn 0.000000 0.000000 -0.100000
vn 0.000000 0.000000 -0.100000
vn 0.000000 0.000000 -0.100000
vn 0.000000 0.000000 -0.100000
vn 0.000000 0.000000 -0.100000
vn 0.000000 0.000000 -0.100000
vn 0.000000 0.000000 -0.100000
vn 0.000000 0.000000 -0.100000
vn 0.000000 0.000000 -0.100000
vn 0.000000 0.000000 -0.100000
vn 0.000000 0.000000 -0.100000
vn 0.000000 0.000000 -0.100000
vn 0.000000 0.000000 -0.100000
vn 0.000000 0.000000 -0.100000
vn 0.000000 0.000000 -0.100000
vn 0.000000 0.000000 -0.100000
vn 0.000000 0.000000 -0.100000
vn 0.000000 0.000000 -0.100000
vn 0.000000 0.000000 -0.100000
vn 0.000000 0.000000 -0.100000
vn 0.000000 0.000000 -0.100000
vn 0.000000 0.000000 -0.100000
vn 0.000000 0.000000 -0.100000
vn 0.000000 0.000000 -0.100000
vn 0.000000 0.000000 -0.100000
vn 0.000000 0.000000 -0.100000
vn 0.000000 0.000000 -0.100000
vn 0.000000 0.000000 -0.100000
vn -0.100000 0.000000 0.000000
vn -0.100000 0.000000 0.000000
vn -0.100000 0.000000 0.000000
vn -0.100000 0.000000 0.000000
vn -0.100000 0.000000 0.000000
vn -0.100000 0.000000 0.000000
vn -0.100000 0.000000 0.000000
vn -0.100000 0.000000 0.000000
vn -0.100000 0.000000 0.000000
vn -0.100000 0.000000 0.000000
vn -0.000000 0.020791 -0.097815
vn -0.000000 0.020791 -0.097815
vn -0.000000 0.000000 -0.100000
vn -0.000000 0.000000 -0.100000
vn 0.000000 -0.020791 -0.097815
vn 0.000000 -0.020791 -0.097815
vn 0.000000 -0.040674 -0.091355
vn 0.000000 -0.040674 -0.091355
vn 0.000000 -0.058779 -0.080902
vn 0.000000 -0.058779 -0.080902
vn 0.000000 -0.074314 -0.066913
vn 0.000000 -0.074314 -0.066913
vn 0.000000 -0.086603 -0.050000
vn 0.000000 -0.086603 -0.050000
vn 0.000000 -0.095106 -0.030902
vn 0.000000 -0.095106 -0.030902
vn 0.000000 -0.099452 -0.010453
vn 0.000000 -0.099452 -0.010453
vn 0.000000 -0.099452 0.010453
vn 0.000000 -0.099452 0.010453
vn 0.000000 -0.095106 0.030902
vn 0.000000 -0.095106 0.030902
vn 0.000000 -0.086603 0.050000
vn 0.000000 -0.086603 0.050000
vn 0.000000 -0.074314 0.066913
vn 0.000000 -0.074314 0.066913
vn 0.000000 -0.058779 0.080902
vn 0.000000 -0.058779 0.080902
vn 0.000000 -0.040674 0.091355
vn 0.000000 -0.040674 0.091355
vn 0.000000 -0.020791 0.097815
vn 0.000000 -0.020791 0.097815
vn 0.000000 0.000000 0.100000
vn 0.000000 0.000000 0.100000
vn 0.000000 0.020791 0.097815
vn 0.000000 0.020791 0.097815
vn 0.000000 0.040674 0.091355
vn 0.000000 0.040674 0.091355
vn 0.000000 0.058779 0.080902
vn 0.000000 0.058779 0.080902
vn 0.000000 0.074314 0.066913
vn 0.000000 0.074314 0.066913
vn 0.000000 0.086603 0.050000
vn 0.000000 0.086603 0.050000
vn 0.000000 0.095106 0.030902
vn 0.000000 0.095106 0.030902
vn 0.000000 0.099452 0.010453
vn 0.000000 0.099452 0.010453
vn -0.000000 0.099452 -0.010453
vn -0.000000 0.099452 -0.010453
vn -0.000000 0.095106 -0.030902
vn -0.000000 0.095106 -0.030902
vn -0.000000 0.086603 -0.050000
vn -0.000000 0.086603 -0.050000
vn -0.000000 0.074314 -0.066913
vn -0.000000 0.074314 -0.066913
vn -0.000000 0.058779 -0.080902
vn -0.000000 0.058779 -0.080902
vn -0.000000 0.040674 -0.091355
vn -0.000000 0.040674 -0.091355
vn -0.000000 0.000000 -0.100000
vn -0.000000 0.000000 -0.100000
vn -0.000000 0.000000 -0.100000
vn -0.000000 0.000000 -0.100000
vn -0.000000 0.000000 -0.100000
vn -0.000000 0.000000 -0.100000
vn -0.000000 0.000000 -0.100000
vn -0.000000 0.000000 -0.100000
vn -0.000000 0.000000 -0.100000
vn -0.000000 0.000000 -0.100000
vn -0.000000 0.000000 -0.100000
vn -0.000000 0.000000 -0.100000
vn -0.000000 0.000000 -0.100000
vn -0.000000 0.000000 -0.100000
vn -0.000000 0.000000 -0.100000
vn -0.000000 0.000000 -0.100000
vn -0.000000 0.000000 -0.100000
vn -0.000000 0.000000 -0.100000
vn -0.000000 0.000000 -0.100000
vn -0.000000 0.000000 -0.100000
vn -0.000000 0.000000 -0.100000
vn -0.000000 0.000000 -0.100000
vn -0.000000 0.000000 -0.100000
vn -0.000000 0.000000 -0.100000
vn -0.000000 0.000000 -0.100000
vn -0.000000 0.000000 -0.100000
vn -0.000000 0.000000 -0.100000
vn -0.000000 0.000000 -0.100000
vn -0.000000 0.000000 -0.100000
vn -0.000000 0.000000 -0.100000
vn -0.000000 0.000000 -0.100000
vn -0.000000 0.000000 -0.100000
vn -0.000000 0.000000 -0.100000
vn -0.000000 0.000000 -0.100000
vn -0.000000 0.000000 -0.100000
vn -0.000000 0.000000 -0.100000
vn -0.000000 0.000000 -0.100000
vn -0.000000 0.000000 -0.100000
vn -0.000000 0.000000 -0.100000
vn -0.000000 0.000000 -0.100000
vn -0.097094 0.023932 0.000000
vn -0.097094 0.023932 0.000000
vn -0.088546 0.046472 0.000000
vn -0.088546 0.046472 0.000000
vn -0.074851 0.066312 0.000000
vn -0.074851 0.066312 0.000000
vn -0.056806 0.082298 0.000000
vn -0.056806 0.082298 0.000000
vn -0.035460 0.093502 0.000000
vn -0.035460 0.093502 0.000000
vn -0.012054 0.099271 0.000000
vn -0.012054 0.099271 0.000000
vn 0.012054 0.099271 0.000000
vn 0.012054 0.099271 0.000000
vn 0.035460 0.093502 0.000000
vn 0.035460 0.093502 0.000000
vn 0.056806 0.082298 0.000000
vn 0.056806 0.082298 0.000000
vn 0.074851 0.066312 0.000000
vn 0.074851 0.066312 0.000000
vn 0.088546 0.046472 0.000000
vn 0.088546 0.046472 0.000000
vn 0.097094 0.023932 0.000000
vn 0.097094 0.023932 0.000000
vn 0.100000 -0.000000 0.000000
vn 0.100000 -0.000000 0.000000
vn 0.100000 0.000000 0.000000
vn 0.100000 0.000000 0.000000
vn 0.100000 0.000000 0.000000
vn 0.100000 0.000000 0.000000
vn 0.000000 0.100000 0.000000
vn 0.000000 0.100000 0.000000
vn 0.019509 0.098079 0.000000
vn 0.023932 0.097094 0.000000
vn 0.038268 0.092388 0.000000
vn 0.046472 0.088546 0.000000
vn 0.055557 0.083147 0.000000
vn 0.066312 0.074851 0.000000
vn 0.070711 0.070711 0.000000
vn 0.082298 0.056806 0.000000
vn 0.083147 0.055557 0.000000
vn 0.093502 0.035460 0.000000
vn 0.092388 0.038268 0.000000
vn 0.098079 0.019509 0.000000
vn 0.099271 0.012054 0.000000
vn 0.100000 0.000000 0.000000
vn 0.099271 -0.012054 0.000000
vn 0.098079 -0.019509 0.000000
vn 0.093502 -0.035460 0.000000
vn 0.092388 -0.038268 0.000000
vn 0.082298 -0.056806 0.000000
vn 0.083147 -0.055557 0.000000
vn 0.070711 -0.070711 0.000000
vn 0.066312 -0.074851 0.000000
vn 0.055557 -0.083147 0.000000
vn 0.046472 -0.088546 0.000000
vn 0.038268 -0.092388 0.000000
vn 0.023932 -0.097094 0.000000
vn 0.019509 -0.098079 0.000000
vn 0.000000 -0.100000 0.000000
vn 0.000000 -0.100000 0.000000
vn -0.019509 -0.098079 0.000000
vn -0.023932 -0.097094 0.000000
vn -0.038268 -0.092388 0.000000
vn -0.046472 -0.088546 0.000000
vn -0.055557 -0.083147 0.000000
vn -0.066312 -0.074851 0.000000
vn -0.070711 -0.070711 0.000000
vn -0.082298 -0.056806 0.000000
vn -0.083147 -0.055557 0.000000
vn -0.092388 -0.038268 0.000000
vn -0.093502 -0.035460 0.000000
vn -0.098079 -0.019509 0.000000
vn -0.099271 -0.012054 0.000000
vn -0.100000 -0.000000 0.000000
vn -0.099271 0.012054 0.000000
vn -0.098079 0.019509 0.000000
vn -0.093502 0.035460 0.000000
vn -0.092388 0.038268 0.000000
vn -0.082298 0.056806 0.000000
vn -0.083147 0.055557 0.000000
vn -0.070711 0.070711 0.000000
vn -0.066312 0.074851 0.000000
vn -0.055557 0.083147 0.000000
vn -0.046472 0.088546 0.000000
vn -0.038268 0.092388 0.000000
vn -0.023932 0.097094 0.000000
vn -0.019509 0.098079 0.000000
vn 0.000000 -0.100000 0.000000
vn 0.000000 -0.100000 0.000000
vn 0.000000 -0.100000 0.000000
vn 0.000000 -0.100000 0.000000
vn 0.100000 0.000000 0.000000
vn 0.100000 0.000000 0.000000
vn 0.100000 0.000000 0.000000
vn 0.100000 0.000000 0.000000
vn 0.100000 0.000000 0.000000
vn 0.100000 0.000000 0.000000
vn 0.000000 0.100000 0.000000
vn 0.000000 0.100000 0.000000
vn 0.000000 0.100000 0.000000
vn 0.000000 0.100000 0.000000
vn 0.000000 0.100000 0.000000
vn 0.000000 0.100000 0.000000
vn 0.000000 0.000000 0.100000
vn 0.000000 0.000000 0.100000
vn 0.000000 0.000000 0.100000
vn 0.000000 0.000000 0.100000
vn 0.000000 -0.100000 0.000000
vn 0.000000 -0.100000 0.000000
vn 0.000000 -0.100000 0.000000
vn 0.000000 -0.100000 0.000000
vn 0.000000 -0.100000 0.000000
vn 0.000000 -0.100000 0.000000
vn 0.000000 -0.100000 0.000000
vn 0.000000 -0.100000 0.000000
vn 0.000000 -0.100000 0.000000
vn 0.000000 -0.100000 0.000000
vn 0.100000 0.000000 0.000000
vn 0.100000 0.000000 0.000000
vn 0.100000 0.000000 0.000000
vn 0.100000 0.000000 0.000000
vn 0.100000 0.000000 0.000000
vn 0.100000 0.000000 0.000000
vn -0.000000 0.100000 -0.000000
vn -0.000000 0.100000 -0.000000
vn -0.000000 0.100000 -0.000000
vn -0.000000 0.100000 -0.000000
vn 0.000000 -0.100000 0.000000
vn 0.000000 -0.100000 0.000000
vn 0.000000 -0.100000 0.000000
vn 0.000000 -0.100000 0.000000
vn 0.000000 0.100000 0.000000
vn 0.000000 0.100000 0.000000
vn 0.000000 0.100000 0.000000
vn 0.000000 0.100000 0.000000
vn 0.000000 0.100000 0.000000
vn 0.000000 0.100000 0.000000
vn 0.000000 0.100000 0.000000
vn 0.000000 0.100000 0.000000
vn 0.000000 0.100000 0.000000
vn 0.000000 0.100000 0.000000
vn -0.100000 0.000000 0.000000
vn -0.100000 0.000000 0.000000
vn -0.100000 0.000000 0.000000
vn -0.100000 0.000000 0.000000
vn -0.100000 0.000000 0.000000
vn -0.100000 0.000000 0.000000
vn -0.100000 0.000000 0.000000
vn -0.100000 0.000000 0.000000
vn 0.100000 0.000000 0.000000
vn 0.100000 0.000000 0.000000
vn 0.100000 0.000000 0.000000
vn 0.100000 0.000000 0.000000
vn 0.000000 0.100000 0.000000
vn 0.000000 0.100000 0.000000
vn 0.000000 0.100000 0.000000
vn 0.000000 0.100000 0.000000
vn 0.000000 0.100000 0.000000
vn 0.000000 0.100000 0.000000
vn -0.100000 0.000000 0.000000
vn -0.100000 0.000000 0.000000
vn -0.100000 0.000000 0.000000
vn -0.100000 0.000000 0.000000
vn -0.100000 0.000000 0.000000
vn -0.100000 0.000000 0.000000
vn -0.100000 0.000000 0.000000
vn -0.100000 0.000000 0.000000
vn -0.100000 0.000000 0.000000
vn -0.100000 0.000000 0.000000
vn -0.100000 0.000000 0.000000
vn -0.100000 0.000000 0.000000
vn -0.100000 0.000000 0.000000
vn -0.100000 0.000000 0.000000
vn -0.100000 0.000000 0.000000
vn -0.100000 0.000000 0.000000
vn -0.100000 0.000000 0.000000
vn -0.100000 0.000000 0.000000
vn -0.100000 0.000000 0.000000
vn -0.100000 0.000000 0.000000
vn -0.100000 0.000000 0.000000
vn -0.100000 0.000000 0.000000
vn -0.100000 0.000000 0.000000
vn -0.100000 0.000000 0.000000
vn -0.100000 0.000000 0.000000
vn -0.100000 0.000000 0.000000
vn -0.100000 0.000000 0.000000
vn -0.100000 0.000000 0.000000
vn -0.100000 0.000000 0.000000
vn -0.100000 0.000000 0.000000
vn -0.100000 0.000000 0.000000
vn -0.100000 0.000000 0.000000
vn -0.100000 0.000000 0.000000
vn -0.100000 0.000000 0.000000
vn -0.100000 0.000000 0.000000
vn -0.100000 0.000000 0.000000
vn -0.100000 0.000000 0.000000
vn 0.000000 0.100000 0.000000
vn 0.000000 0.100000 0.000000
vn 0.000000 0.100000 0.000000
vn 0.000000 0.100000 0.000000
vn 0.096593 0.025882 0.000000
vn 0.096593 0.025882 0.000000
vn 0.086603 0.050000 0.000000
vn 0.086603 0.050000 0.000000
vn 0.070711 0.070711 0.000000
vn 0.070711 0.070711 0.000000
vn 0.050000 0.086603 0.000000
vn 0.050000 0.086603 0.000000
vn 0.025882 0.096593 0.000000
vn 0.025882 0.096593 0.000000
vn 0.000000 0.100000 0.000000
vn 0.000000 0.100000 0.000000
vn 0.000000 0.100000 0.000000
vn 0.000000 0.100000 0.000000
vn 0.000000 0.000000 0.100000
vn 0.000000 0.000000 0.100000
vn 0.000000 0.000000 0.100000
vn 0.000000 0.000000 0.100000
vn 0.000000 0.000000 0.100000
vn 0.000000 0.000000 0.100000
vn 0.000000 0.000000 0.100000
vn 0.000000 0.000000 0.100000
vn 0.000000 0.000000 0.100000
vn 0.000000 0.000000 0.100000
vn 0.000000 0.000000 0.100000
vn 0.000000 0.000000 0.100000
vn 0.000000 0.000000 0.100000
vn 0.000000 0.000000 0.100000
vn 0.000000 0.000000 0.100000
vn 0.000000 0.000000 0.100000
vn 0.000000 0.000000 0.100000
vn 0.000000 0.000000 0.100000
vn 0.000000 0.000000 0.100000
vn 0.000000 0.000000 0.100000
vn 0.000000 0.000000 0.100000
vn 0.000000 0.000000 0.100000
vn 0.000000 0.000000 0.100000
vn 0.000000 0.000000 0.100000
vn 0.000000 0.000000 0.100000
vn 0.000000 0.000000 0.100000
vn 0.000000 0.000000 0.100000
vn 0.000000 0.000000 0.100000
vn 0.000000 0.000000 0.100000
vn 0.000000 0.000000 0.100000
vn 0.000000 0.000000 0.100000
vn 0.000000 0.000000 0.100000
vn 0.000000 0.000000 0.100000
vn 0.000000 0.000000 0.100000
vn 0.000000 0.000000 0.100000
vn 0.000000 0.000000 0.100000
vn 0.000000 0.000000 0.100000
vn 0.000000 0.000000 0.100000
vn 0.000000 0.000000 0.100000
vn 0.000000 0.000000 0.100000
vn 0.000000 0.000000 0.100000
vn 0.000000 0.000000 0.100000
vn 0.000000 0.000000 0.100000
vn 0.000000 0.000000 0.100000
vn 0.000000 0.000000 0.100000
vn 0.000000 0.000000 0.100000
vn 0.000000 0.000000 0.100000
vn 0.000000 0.000000 0.100000
vn 0.000000 0.000000 0.100000
vn 0.000000 0.000000 0.100000
vn 0.000000 0.000000 0.100000
vn 0.000000 0.000000 0.100000
vn 0.000000 0.000000 0.100000
vn 0.000000 0.000000 0.100000
vn 0.000000 0.000000 0.100000
vn 0.000000 0.000000 0.100000
vn 0.000000 0.000000 0.100000
vn 0.000000 0.000000 0.100000
vn 0.000000 0.000000 0.100000
vn 0.000000 0.000000 0.100000
vn 0.000000 0.000000 0.100000
vn 0.000000 0.000000 0.100000
vn 0.000000 0.000000 0.100000
vn 0.000000 0.000000 0.100000
vn 0.000000 0.000000 0.100000
vn 0.000000 0.000000 0.100000
vn 0.000000 0.000000 0.100000
vn 0.000000 0.000000 0.100000
vn 0.000000 0.000000 0.100000
vn 0.000000 0.000000 0.100000
vn 0.000000 0.000000 0.100000
vn 0.000000 0.000000 0.100000
vn 0.000000 0.000000 0.100000
vn 0.000000 0.000000 0.100000
vn 0.000000 0.000000 0.100000
vn 0.000000 0.000000 0.100000
vn 0.000000 0.000000 0.100000
vn 0.000000 0.000000 0.100000
vn 0.000000 0.000000 0.100000
vn 0.000000 0.000000 0.100000
vn 0.000000 0.000000 0.100000
vn 0.000000 0.000000 0.100000
vn 0.000000 0.000000 0.100000
vn 0.000000 0.000000 0.100000
vn 0.000000 0.000000 0.100000
vn 0.000000 0.000000 0.100000
vn 0.000000 0.000000 0.100000
vn 0.000000 0.000000 0.100000
vn 0.000000 0.000000 0.100000
vn 0.000000 0.000000 0.100000
vn 0.000000 0.000000 0.100000
vn 0.000000 0.000000 0.100000
vn 0.000000 0.000000 0.100000
vn 0.000000 0.000000 0.100000
vn 0.000000 0.000000 0.100000
vn 0.000000 0.000000 0.100000
vn 0.000000 0.000000 0.100000
vn 0.000000 0.000000 0.100000
vn 0.000000 0.000000 0.100000
vn 0.000000 0.000000 0.100000
vn 0.000000 0.000000 0.100000
vn 0.000000 0.000000 0.100000
vn 0.000000 0.000000 0.100000
vn 0.000000 0.000000 0.100000
vn 0.000000 0.000000 0.100000
vn 0.000000 0.000000 0.100000
vn 0.000000 0.000000 0.100000
vn 0.000000 0.000000 0.100000
vn 0.000000 0.000000 0.100000
vn 0.000000 0.000000 0.100000
vn 0.000000 0.000000 0.100000
vn 0.000000 0.000000 0.100000
vn 0.000000 0.000000 0.100000
vn 0.000000 0.000000 0.100000
vn 0.000000 0.000000 0.100000
vn 0.000000 0.000000 0.100000
vn 0.000000 0.000000 0.100000
vn 0.000000 0.000000 0.100000
vn 0.000000 0.000000 0.100000
vn 0.000000 0.000000 0.100000
vn 0.000000 0.000000 0.100000
vn 0.000000 0.000000 0.100000
vn 0.000000 0.000000 0.100000
vn 0.000000 0.000000 0.100000
vn 0.000000 0.000000 0.100000
vn 0.000000 0.000000 0.100000
vn 0.000000 0.000000 0.100000
vn 0.000000 0.000000 0.100000
vn 0.000000 0.000000 0.100000
vn 0.000000 0.000000 0.100000
vn 0.000000 0.000000 0.100000
vn 0.000000 0.000000 0.100000
vn 0.000000 0.000000 0.100000
vn 0.000000 0.000000 0.100000
vn 0.000000 0.000000 0.100000
vn 0.000000 0.000000 0.100000
vn 0.000000 0.000000 0.100000
vn 0.000000 0.000000 0.100000
vn 0.000000 0.000000 0.100000
vn 0.000000 0.000000 0.100000
vn 0.000000 0.000000 0.100000
vn 0.000000 0.000000 0.100000
vn 0.000000 0.000000 0.100000
vn 0.000000 0.000000 0.100000
vn 0.000000 0.000000 0.100000
vn 0.000000 0.000000 0.100000
vn 0.000000 0.000000 0.100000
vn 0.000000 0.000000 0.100000
vn 0.000000 0.000000 0.100000
vn 0.000000 0.000000 0.100000
vn 0.000000 0.000000 0.100000
vn 0.000000 0.000000 0.100000
vn 0.000000 0.000000 0.100000
vn 0.000000 0.000000 0.100000
vn 0.000000 0.000000 0.100000
vn 0.000000 0.000000 0.100000
vn 0.000000 0.000000 0.100000
vn 0.000000 0.000000 0.100000
vn 0.000000 0.000000 0.100000
vn 0.000000 0.000000 0.100000
vn 0.000000 0.000000 0.100000
vn 0.000000 0.000000 0.100000
vn 0.000000 0.000000 0.100000
vn 0.000000 0.000000 0.100000
vn 0.000000 0.000000 0.100000
vn 0.000000 0.000000 0.100000
vn 0.000000 0.000000 0.100000
vn 0.000000 0.000000 0.100000
vn 0.000000 0.000000 0.100000
vn 0.000000 0.000000 0.100000
vn 0.000000 0.000000 0.100000
vn 0.000000 0.000000 0.100000
vn 0.000000 0.000000 0.100000
vn 0.000000 0.000000 0.100000
vn 0.000000 0.000000 0.100000
vn 0.000000 0.000000 0.100000
vn 0.000000 0.000000 0.100000
vn 0.000000 0.000000 0.100000
vn 0.000000 0.000000 0.100000
vn 0.000000 0.000000 0.100000
vn 0.000000 0.000000 0.100000
vn 0.000000 0.000000 0.100000
vn 0.000000 0.000000 0.100000
vn 0.000000 0.000000 0.100000
vn 0.000000 0.000000 0.100000
vn 0.000000 0.000000 0.100000
vn 0.000000 0.000000 0.100000
vn 0.000000 0.000000 0.100000
vn 0.000000 0.000000 0.100000
vn 0.000000 0.000000 0.100000
vn 0.000000 0.000000 0.100000
vn 0.000000 0.000000 0.100000
vn 0.000000 0.000000 0.100000
vn 0.000000 0.000000 0.100000
vn 0.000000 0.000000 0.100000
vn 0.000000 0.000000 0.100000
vn 0.000000 0.000000 0.100000
vn 0.000000 0.000000 0.100000
vn 0.000000 0.000000 0.100000
vn 0.000000 0.000000 0.100000
vn 0.000000 0.000000 0.100000
vn -0.015023 0.098865 0.000000
vn -0.015023 0.098865 0.000000
vn -0.029704 0.095486 0.000000
vn -0.029704 0.095486 0.000000
vn -0.043712 0.089940 0.000000
vn -0.043712 0.089940 0.000000
vn -0.056727 0.082353 0.000000
vn -0.056727 0.082353 0.000000
vn -0.051660 0.085623 -0.000000
vn -0.051660 0.085623 -0.000000
vn -0.046404 0.088581 -0.000000
vn -0.046404 0.088581 -0.000000
vn -0.040980 0.091218 -0.000000
vn -0.040980 0.091218 -0.000000
vn -0.035407 0.093522 -0.000000
vn -0.035407 0.093522 -0.000000
vn -0.029704 0.095486 -0.000000
vn -0.029704 0.095486 -0.000000
vn -0.023894 0.097103 -0.000000
vn -0.023894 0.097103 -0.000000
vn -0.017997 0.098367 -0.000000
vn -0.017997 0.098367 -0.000000
vn -0.012035 0.099273 -0.000000
vn -0.012035 0.099273 -0.000000
vn -0.006028 0.099818 -0.000000
vn -0.006028 0.099818 -0.000000
vn 0.000000 0.100000 0.000000
vn 0.000000 0.100000 0.000000
vn -0.096593 0.025882 -0.000000
vn -0.096593 0.025882 -0.000000
vn -0.100000 0.000000 -0.000000
vn -0.100000 0.000000 -0.000000
vn -0.096593 -0.025882 0.000000
vn -0.096593 -0.025882 0.000000
vn -0.086603 -0.050000 0.000000
vn -0.086603 -0.050000 0.000000
vn -0.070711 -0.070711 0.000000
vn -0.070711 -0.070711 0.000000
vn -0.050000 -0.086603 0.000000
vn -0.050000 -0.086603 0.000000
vn -0.025882 -0.096593 0.000000
vn -0.025882 -0.096593 0.000000
vn 0.000000 -0.100000 0.000000
vn 0.000000 -0.100000 0.000000
vn 0.025882 -0.096593 0.000000
vn 0.025882 -0.096593 0.000000
vn 0.050000 -0.086603 0.000000
vn 0.050000 -0.086603 0.000000
vn 0.070711 -0.070711 0.000000
vn 0.070711 -0.070711 0.000000
vn 0.086603 -0.050000 0.000000
vn 0.086603 -0.050000 0.000000
vn 0.096593 -0.025882 0.000000
vn 0.096593 -0.025882 0.000000
vn 0.100000 -0.000000 0.000000
vn 0.100000 -0.000000 0.000000
vn 0.096593 0.025882 0.000000
vn 0.096593 0.025882 0.000000
vn 0.086603 0.050000 0.000000
vn 0.086603 0.050000 0.000000
vn 0.070711 0.070711 0.000000
vn 0.070711 0.070711 0.000000
vn 0.050000 0.086603 0.000000
vn 0.050000 0.086603 0.000000
vn 0.025882 0.096593 0.000000
vn 0.025882 0.096593 0.000000
vn 0.000000 0.100000 0.000000
vn 0.000000 0.100000 0.000000
vn -0.025882 0.096593 -0.000000
vn -0.025882 0.096593 -0.000000
vn -0.050000 0.086603 -0.000000
vn -0.050000 0.086603 -0.000000
vn -0.070711 0.070711 -0.000000
vn -0.070711 0.070711 -0.000000
vn -0.086603 0.050000 -0.000000
vn -0.086603 0.050000 -0.000000
vn -0.096593 -0.025882 0.000000
vn -0.100000 -0.000000 0.000000
vn -0.096593 0.025882 -0.000000
vn -0.086603 0.050000 -0.000000
vn -0.070711 0.070711 -0.000000
vn -0.050000 0.086603 -0.000000
vn -0.025882 0.096593 -0.000000
vn 0.000000 0.100000 0.000000
vn 0.025882 0.096593 0.000000
vn 0.050000 0.086603 0.000000
vn 0.070711 0.070711 0.000000
vn 0.086603 0.050000 0.000000
vn 0.096593 0.025882 0.000000
vn 0.100000 -0.000000 0.000000
vn 0.096593 -0.025882 0.000000
vn 0.086603 -0.050000 0.000000
vn 0.070711 -0.070711 0.000000
vn 0.050000 -0.086603 0.000000
vn 0.025882 -0.096593 0.000000
vn 0.000000 -0.100000 0.000000
vn -0.025882 -0.096593 0.000000
vn -0.050000 -0.086603 0.000000
vn -0.070711 -0.070711 0.000000
vn -0.086603 -0.050000 0.000000
vn -0.096593 0.025882 -0.000000
vn -0.096593 0.025882 -0.000000
vn -0.100000 0.000000 -0.000000
vn -0.100000 0.000000 -0.000000
vn -0.096593 -0.025882 0.000000
vn -0.096593 -0.025882 0.000000
vn -0.086603 -0.050000 0.000000
vn -0.086603 -0.050000 0.000000
vn -0.070711 -0.070711 0.000000
vn -0.070711 -0.070711 0.000000
vn -0.050000 -0.086603 0.000000
vn -0.050000 -0.086603 0.000000
vn -0.025882 -0.096593 0.000000
vn -0.025882 -0.096593 0.000000
vn 0.000000 -0.100000 0.000000
vn 0.000000 -0.100000 0.000000
vn 0.025882 -0.096593 0.000000
vn 0.025882 -0.096593 0.000000
vn 0.050000 -0.086603 0.000000
vn 0.050000 -0.086603 0.000000
vn 0.070711 -0.070711 0.000000
vn 0.070711 -0.070711 0.000000
vn 0.086603 -0.050000 0.000000
vn 0.086603 -0.050000 0.000000
vn 0.096593 -0.025882 0.000000
vn 0.096593 -0.025882 0.000000
vn 0.100000 -0.000000 0.000000
vn 0.100000 -0.000000 0.000000
vn 0.096593 0.025882 0.000000
vn 0.096593 0.025882 0.000000
vn 0.086603 0.050000 0.000000
vn 0.086603 0.050000 0.000000
vn 0.070711 0.070711 0.000000
vn 0.070711 0.070711 0.000000
vn 0.050000 0.086603 0.000000
vn 0.050000 0.086603 0.000000
vn 0.025882 0.096593 0.000000
vn 0.025882 0.096593 0.000000
vn 0.000000 0.100000 0.000000
vn 0.000000 0.100000 0.000000
vn -0.025882 0.096593 -0.000000
vn -0.025882 0.096593 -0.000000
vn -0.050000 0.086603 -0.000000
vn -0.050000 0.086603 -0.000000
vn -0.070711 0.070711 -0.000000
vn -0.070711 0.070711 -0.000000
vn -0.086603 0.050000 -0.000000
vn -0.086603 0.050000 -0.000000
vn 0.096593 0.025882 0.000000
vn 0.096593 0.025882 0.000000
vn 0.100000 0.000000 0.000000
vn 0.100000 0.000000 0.000000
vn 0.096593 -0.025882 0.000000
vn 0.096593 -0.025882 0.000000
vn 0.086603 -0.050000 0.000000
vn 0.086603 -0.050000 0.000000
vn 0.070711 -0.070711 0.000000
vn 0.070711 -0.070711 0.000000
vn 0.050000 -0.086603 0.000000
vn 0.050000 -0.086603 0.000000
vn 0.025882 -0.096593 0.000000
vn 0.025882 -0.096593 0.000000
vn -0.000000 -0.100000 0.000000
vn -0.000000 -0.100000 0.000000
vn -0.025882 -0.096593 0.000000
vn -0.025882 -0.096593 0.000000
vn -0.050000 -0.086603 0.000000
vn -0.050000 -0.086603 0.000000
vn -0.070711 -0.070711 0.000000
vn -0.070711 -0.070711 0.000000
vn -0.086603 -0.050000 0.000000
vn -0.086603 -0.050000 0.000000
vn -0.096593 -0.025882 0.000000
vn -0.096593 -0.025882 0.000000
vn -0.100000 0.000000 0.000000
vn -0.100000 0.000000 0.000000
vn -0.096593 0.025882 -0.000000
vn -0.096593 0.025882 -0.000000
vn -0.086603 0.050000 -0.000000
vn -0.086603 0.050000 -0.000000
vn -0.070711 0.070711 -0.000000
vn -0.070711 0.070711 -0.000000
vn -0.050000 0.086603 -0.000000
vn -0.050000 0.086603 -0.000000
vn -0.025882 0.096593 -0.000000
vn -0.025882 0.096593 -0.000000
vn -0.000000 0.100000 -0.000000
vn -0.000000 0.100000 -0.000000
vn 0.025882 0.096593 0.000000
vn 0.025882 0.096593 0.000000
vn 0.050000 0.086603 0.000000
vn 0.050000 0.086603 0.000000
vn 0.070711 0.070711 0.000000
vn 0.070711 0.070711 0.000000
vn 0.086603 0.050000 0.000000
vn 0.086603 0.050000 0.000000
vn 0.096593 0.025882 0.000000
vn 0.096593 0.025882 0.000000
vn 0.100000 0.000000 0.000000
vn 0.100000 0.000000 0.000000
vn 0.096593 -0.025882 0.000000
vn 0.096593 -0.025882 0.000000
vn 0.086603 -0.050000 0.000000
vn 0.086603 -0.050000 0.000000
vn 0.070711 -0.070711 0.000000
vn 0.070711 -0.070711 0.000000
vn 0.050000 -0.086603 0.000000
vn 0.050000 -0.086603 0.000000
vn 0.025882 -0.096593 0.000000
vn 0.025882 -0.096593 0.000000
vn -0.000000 -0.100000 0.000000
vn -0.000000 -0.100000 0.000000
vn -0.025882 -0.096593 0.000000
vn -0.025882 -0.096593 0.000000
vn -0.050000 -0.086603 0.000000
vn -0.050000 -0.086603 0.000000
vn -0.070711 -0.070711 0.000000
vn -0.070711 -0.070711 0.000000
vn -0.086603 -0.050000 0.000000
vn -0.086603 -0.050000 0.000000
vn -0.096593 -0.025882 0.000000
vn -0.096593 -0.025882 0.000000
vn -0.100000 0.000000 0.000000
vn -0.100000 0.000000 0.000000
vn -0.096593 0.025882 -0.000000
vn -0.096593 0.025882 -0.000000
vn -0.086603 0.050000 -0.000000
vn -0.086603 0.050000 -0.000000
vn -0.070711 0.070711 -0.000000
vn -0.070711 0.070711 -0.000000
vn -0.050000 0.086603 -0.000000
vn -0.050000 0.086603 -0.000000
vn -0.025882 0.096593 -0.000000
vn -0.025882 0.096593 -0.000000
vn -0.000000 0.100000 -0.000000
vn -0.000000 0.100000 -0.000000
vn 0.025882 0.096593 0.000000
vn 0.025882 0.096593 0.000000
vn 0.050000 0.086603 0.000000
vn 0.050000 0.086603 0.000000
vn 0.070711 0.070711 0.000000
vn 0.070711 0.070711 0.000000
vn 0.086603 0.050000 0.000000
vn 0.086603 0.050000 0.000000
vn 0.096593 -0.025882 0.000000
vn 0.096593 -0.025882 0.000000
vn 0.100000 -0.000000 0.000000
vn 0.100000 -0.000000 0.000000
vn 0.096593 0.025882 0.000000
vn 0.096593 0.025882 0.000000
vn 0.086603 0.050000 0.000000
vn 0.086603 0.050000 0.000000
vn 0.070711 0.070711 0.000000
vn 0.070711 0.070711 0.000000
vn 0.050000 0.086603 0.000000
vn 0.050000 0.086603 0.000000
vn 0.025882 0.096593 0.000000
vn 0.025882 0.096593 0.000000
vn -0.000000 0.100000 -0.000000
vn -0.000000 0.100000 -0.000000
vn -0.025882 0.096593 -0.000000
vn -0.025882 0.096593 -0.000000
vn -0.050000 0.086603 -0.000000
vn -0.050000 0.086603 -0.000000
vn -0.070711 0.070711 -0.000000
vn -0.070711 0.070711 -0.000000
vn -0.086603 0.050000 -0.000000
vn -0.086603 0.050000 -0.000000
vn -0.096593 0.025882 -0.000000
vn -0.096593 0.025882 -0.000000
vn -0.100000 0.000000 0.000000
vn -0.100000 0.000000 0.000000
vn -0.096593 -0.025882 0.000000
vn -0.096593 -0.025882 0.000000
vn -0.086603 -0.050000 0.000000
vn -0.086603 -0.050000 0.000000
vn -0.070711 -0.070711 0.000000
vn -0.070711 -0.070711 0.000000
vn -0.050000 -0.086603 0.000000
vn -0.050000 -0.086603 0.000000
vn -0.025882 -0.096593 0.000000
vn -0.025882 -0.096593 0.000000
vn -0.000000 -0.100000 0.000000
vn -0.000000 -0.100000 0.000000
vn 0.025882 -0.096593 0.000000
vn 0.025882 -0.096593 0.000000
vn 0.050000 -0.086603 0.000000
vn 0.050000 -0.086603 0.000000
vn 0.070711 -0.070711 0.000000
vn 0.070711 -0.070711 0.000000
vn 0.086603 -0.050000 0.000000
vn 0.086603 -0.050000 0.000000
vn 0.096593 0.025882 0.000000
vn 0.096593 0.025882 0.000000
vn 0.100000 0.000000 0.000000
vn 0.100000 0.000000 0.000000
vn 0.096593 -0.025882 0.000000
vn 0.096593 -0.025882 0.000000
vn 0.086603 -0.050000 0.000000
vn 0.086603 -0.050000 0.000000
vn 0.070711 -0.070711 0.000000
vn 0.070711 -0.070711 0.000000
vn 0.050000 -0.086603 0.000000
vn 0.050000 -0.086603 0.000000
vn 0.025882 -0.096593 0.000000
vn 0.025882 -0.096593 0.000000
vn -0.000000 -0.100000 0.000000
vn -0.000000 -0.100000 0.000000
vn -0.025882 -0.096593 0.000000
vn -0.025882 -0.096593 0.000000
vn -0.050000 -0.086603 0.000000
vn -0.050000 -0.086603 0.000000
vn -0.070711 -0.070711 0.000000
vn -0.070711 -0.070711 0.000000
vn -0.086603 -0.050000 0.000000
vn -0.086603 -0.050000 0.000000
vn -0.096593 -0.025882 0.000000
vn -0.096593 -0.025882 0.000000
vn -0.100000 0.000000 0.000000
vn -0.100000 0.000000 0.000000
vn -0.096593 0.025882 -0.000000
vn -0.096593 0.025882 -0.000000
vn -0.086603 0.050000 -0.000000
vn -0.086603 0.050000 -0.000000
vn -0.070711 0.070711 -0.000000
vn -0.070711 0.070711 -0.000000
vn -0.050000 0.086603 -0.000000
vn -0.050000 0.086603 -0.000000
vn -0.025882 0.096593 -0.000000
vn -0.025882 0.096593 -0.000000
vn -0.000000 0.100000 -0.000000
vn -0.000000 0.100000 -0.000000
vn 0.025882 0.096593 0.000000
vn 0.025882 0.096593 0.000000
vn 0.050000 0.086603 0.000000
vn 0.050000 0.086603 0.000000
vn 0.070711 0.070711 0.000000
vn 0.070711 0.070711 0.000000
vn 0.086603 0.050000 0.000000
vn 0.086603 0.050000 0.000000
vn -0.019509 0.098079 -0.000000
vn -0.000000 0.100000 -0.000000
vn -0.000000 0.100000 -0.000000
vn 0.019509 0.098079 0.000000
vn 0.025882 0.096593 0.000000
vn 0.038268 0.092388 0.000000
vn 0.050000 0.086603 0.000000
vn 0.055557 0.083147 0.000000
vn 0.070711 0.070711 0.000000
vn 0.070711 0.070711 0.000000
vn 0.083147 0.055557 0.000000
vn 0.086603 0.050000 0.000000
vn 0.092388 0.038268 0.000000
vn 0.096593 0.025882 0.000000
vn 0.098079 0.019509 0.000000
vn 0.100000 0.000000 0.000000
vn 0.100000 0.000000 0.000000
vn 0.098079 -0.019509 0.000000
vn 0.096593 -0.025882 0.000000
vn 0.092388 -0.038268 0.000000
vn 0.086603 -0.050000 0.000000
vn 0.083147 -0.055557 0.000000
vn 0.070711 -0.070711 0.000000
vn 0.070711 -0.070711 0.000000
vn 0.055557 -0.083147 0.000000
vn 0.050000 -0.086603 0.000000
vn 0.038268 -0.092388 0.000000
vn 0.025882 -0.096593 0.000000
vn 0.019509 -0.098079 0.000000
vn -0.000000 -0.100000 0.000000
vn -0.000000 -0.100000 0.000000
vn -0.019509 -0.098079 0.000000
vn -0.025882 -0.096593 0.000000
vn -0.038268 -0.092388 0.000000
vn -0.050000 -0.086603 0.000000
vn -0.055557 -0.083147 0.000000
vn -0.070711 -0.070711 0.000000
vn -0.070711 -0.070711 0.000000
vn -0.083147 -0.055557 0.000000
vn -0.086603 -0.050000 0.000000
vn -0.092388 -0.038268 0.000000
vn -0.096593 -0.025882 0.000000
vn -0.098079 -0.019509 0.000000
vn -0.100000 0.000000 0.000000
vn -0.100000 0.000000 0.000000
vn -0.098079 0.019509 -0.000000
vn -0.096593 0.025882 -0.000000
vn -0.092388 0.038268 -0.000000
vn -0.086603 0.050000 -0.000000
vn -0.083147 0.055557 -0.000000
vn -0.070711 0.070711 -0.000000
vn -0.070711 0.070711 -0.000000
vn -0.055557 0.083147 -0.000000
vn -0.050000 0.086603 -0.000000
vn -0.038268 0.092388 -0.000000
vn -0.025882 0.096593 -0.000000
vn 0.096593 0.025882 0.000000
vn 0.096593 0.025882 0.000000
vn 0.100000 0.000000 0.000000
vn 0.100000 0.000000 0.000000
vn 0.096593 -0.025882 0.000000
vn 0.096593 -0.025882 0.000000
vn 0.086603 -0.050000 0.000000
vn 0.086603 -0.050000 0.000000
vn 0.070711 -0.070711 0.000000
vn 0.070711 -0.070711 0.000000
vn 0.050000 -0.086603 0.000000
vn 0.050000 -0.086603 0.000000
vn 0.025882 -0.096593 0.000000
vn 0.025882 -0.096593 0.000000
vn -0.000000 -0.100000 0.000000
vn -0.000000 -0.100000 0.000000
vn -0.025882 -0.096593 0.000000
vn -0.025882 -0.096593 0.000000
vn -0.050000 -0.086603 0.000000
vn -0.050000 -0.086603 0.000000
vn -0.070711 -0.070711 0.000000
vn -0.070711 -0.070711 0.000000
vn -0.086603 -0.050000 0.000000
vn -0.086603 -0.050000 0.000000
vn -0.096593 -0.025882 0.000000
vn -0.096593 -0.025882 0.000000
vn -0.100000 0.000000 0.000000
vn -0.100000 0.000000 0.000000
vn -0.096593 0.025882 -0.000000
vn -0.096593 0.025882 -0.000000
vn -0.086603 0.050000 -0.000000
vn -0.086603 0.050000 -0.000000
vn -0.070711 0.070711 -0.000000
vn -0.070711 0.070711 -0.000000
vn -0.050000 0.086603 -0.000000
vn -0.050000 0.086603 -0.000000
vn -0.025882 0.096593 -0.000000
vn -0.025882 0.096593 -0.000000
vn -0.000000 0.100000 -0.000000
vn -0.000000 0.100000 -0.000000
vn 0.025882 0.096593 0.000000
vn 0.025882 0.096593 0.000000
vn 0.050000 0.086603 0.000000
vn 0.050000 0.086603 0.000000
vn 0.070711 0.070711 0.000000
vn 0.070711 0.070711 0.000000
vn 0.086603 0.050000 0.000000
vn 0.086603 0.050000 0.000000
vn -0.100000 0.000000 0.000000
vn -0.100000 0.000000 0.000000
vn -0.100000 0.000000 0.000000
vn -0.100000 0.000000 0.000000
vn 0.000000 -0.100000 0.000000
vn 0.000000 -0.100000 0.000000
vn 0.000000 -0.100000 0.000000
vn 0.000000 -0.100000 0.000000
vn -0.100000 0.000000 0.000000
vn -0.100000 0.000000 0.000000
vn -0.100000 0.000000 0.000000
vn -0.100000 0.000000 0.000000
vn 0.000000 -0.100000 0.000000
vn 0.000000 -0.100000 0.000000
vn 0.000000 -0.100000 0.000000
vn 0.000000 -0.100000 0.000000
vn -0.100000 0.000000 0.000000
vn -0.100000 0.000000 0.000000
vn -0.100000 0.000000 0.000000
vn -0.100000 0.000000 0.000000
vn 0.000000 -0.100000 0.000000
vn 0.000000 -0.100000 0.000000
vn 0.000000 -0.100000 0.000000
vn 0.000000 -0.100000 0.000000
vn -0.000000 0.100000 0.000000
vn -0.000000 0.100000 0.000000
vn -0.000000 0.100000 0.000000
vn -0.000000 0.100000 0.000000
vn -0.100000 0.000000 0.000000
vn -0.100000 0.000000 0.000000
vn -0.100000 0.000000 0.000000
vn -0.100000 0.000000 0.000000
vn 0.000000 -0.100000 0.000000
vn 0.000000 -0.100000 0.000000
vn 0.000000 -0.100000 0.000000
vn 0.000000 -0.100000 0.000000
vn 0.100000 0.000000 0.000000
vn 0.100000 0.000000 0.000000
vn 0.100000 0.000000 0.000000
vn 0.100000 0.000000 0.000000
vn 0.000000 -0.100000 0.000000
vn 0.000000 -0.100000 0.000000
vn 0.000000 -0.100000 0.000000
vn 0.000000 -0.100000 0.000000
vn 0.100000 0.000000 0.000000
vn 0.100000 0.000000 0.000000
vn 0.100000 0.000000 0.000000
vn 0.100000 0.000000 0.000000
vn -0.100000 0.000000 0.000000
vn -0.100000 0.000000 0.000000
vn -0.100000 0.000000 0.000000
vn -0.100000 0.000000 0.000000
vn 0.000000 -0.100000 0.000000
vn 0.000000 -0.100000 0.000000
vn 0.000000 -0.100000 0.000000
vn 0.000000 -0.100000 0.000000
vn 0.000000 -0.100000 0.000000
vn 0.000000 -0.100000 0.000000
vn 0.000000 -0.100000 0.000000
vn 0.000000 -0.100000 0.000000
vn 0.100000 0.000000 0.000000
vn 0.100000 0.000000 0.000000
vn 0.100000 0.000000 0.000000
vn 0.100000 0.000000 0.000000
vn 0.100000 0.000000 0.000000
vn 0.100000 0.000000 0.000000
vn 0.100000 0.000000 0.000000
vn 0.100000 0.000000 0.000000
vn -0.000000 -0.100000 0.000000
vn -0.000000 -0.100000 0.000000
vn -0.000000 -0.100000 0.000000
vn -0.000000 -0.100000 0.000000
vn 0.000000 0.100000 0.000000
vn 0.000000 0.100000 0.000000
vn 0.000000 0.100000 0.000000
vn 0.000000 0.100000 0.000000
vn 0.100000 0.000000 0.000000
vn 0.100000 0.000000 0.000000
vn 0.100000 0.000000 0.000000
vn 0.100000 0.000000 0.000000
vn 0.000000 0.100000 0.000000
vn 0.000000 0.100000 0.000000
vn 0.000000 0.100000 0.000000
vn 0.000000 0.100000 0.000000
vn 0.100000 0.000000 0.000000
vn 0.100000 0.000000 0.000000
vn 0.100000 0.000000 0.000000
vn 0.100000 0.000000 0.000000
vn 0.000000 0.100000 0.000000
vn 0.000000 0.100000 0.000000
vn 0.000000 0.100000 0.000000
vn 0.000000 0.100000 0.000000
vn 0.100000 0.000000 0.000000
vn 0.100000 0.000000 0.000000
vn 0.100000 0.000000 0.000000
vn 0.100000 0.000000 0.000000
vn -0.100000 0.000000 0.000000
vn -0.100000 0.000000 0.000000
vn -0.100000 0.000000 0.000000
vn -0.100000 0.000000 0.000000
vn -0.000000 0.100000 -0.000000
vn -0.000000 0.100000 -0.000000
vn -0.000000 0.100000 -0.000000
vn -0.000000 0.100000 -0.000000
vn -0.100000 0.000000 0.000000
vn -0.100000 0.000000 0.000000
vn -0.100000 0.000000 0.000000
vn -0.100000 0.000000 0.000000
vn 0.000000 0.100000 0.000000
vn 0.000000 0.100000 0.000000
vn 0.000000 0.100000 0.000000
vn 0.000000 0.100000 0.000000
vn 0.000000 0.100000 0.000000
vn 0.000000 0.100000 0.000000
vn 0.000000 0.100000 0.000000
vn 0.000000 0.100000 0.000000
vn 0.100000 0.000000 0.000000
vn 0.100000 0.000000 0.000000
vn 0.100000 0.000000 0.000000
vn 0.100000 0.000000 0.000000
vn -0.000000 0.100000 -0.000000
vn -0.000000 0.100000 -0.000000
vn -0.000000 0.100000 -0.000000
vn -0.000000 0.100000 -0.000000
vn -0.100000 0.000000 0.000000
vn -0.100000 0.000000 0.000000
vn -0.100000 0.000000 0.000000
vn -0.100000 0.000000 0.000000
vn 0.000000 0.100000 0.000000
vn 0.000000 0.100000 0.000000
vn 0.000000 0.100000 0.000000
vn 0.000000 0.100000 0.000000
usemtl Steel_-_Satin
f 1/1/1 2/2/2 3/3/3
f 11/4/4 4/5/5 10/6/6
f 10/6/6 4/5/5 5/7/7
f 10/6/6 5/7/7 13/8/8
f 13/8/8 5/7/7 12/9/9
f 12/9/9 5/7/7 41/10/10
f 41/10/10 5/7/7 40/11/11
f 40/11/11 5/7/7 39/12/12
f 39/12/12 5/7/7 38/13/13
f 38/13/13 5/7/7 37/14/14
f 37/14/14 5/7/7 36/15/15
f 36/15/15 5/7/7 35/16/16
f 35/16/16 5/7/7 6/17/17
f 35/16/16 6/17/17 34/18/18
f 34/18/18 6/17/17 33/19/19
f 33/19/19 6/17/17 32/20/20
f 32/20/20 6/17/17 31/21/21
f 31/21/21 6/17/17 30/22/22
f 30/22/22 6/17/17 29/23/23
f 29/23/23 6/17/17 28/24/24
f 28/24/24 6/17/17 27/25/25
f 27/25/25 6/17/17 7/26/26
f 27/25/25 7/26/26 26/27/27
f 26/27/27 7/26/26 25/28/28
f 25/28/28 7/26/26 24/29/29
f 24/29/29 7/26/26 23/30/30
f 23/30/30 7/26/26 9/31/31
f 23/30/30 9/31/31 22/32/32
f 22/32/32 9/31/31 21/33/33
f 21/33/33 9/31/31 20/34/34
f 20/34/34 9/31/31 19/35/35
f 19/35/35 9/31/31 18/36/36
f 18/36/36 9/31/31 17/37/37
f 17/37/37 9/31/31 16/38/38
f 16/38/38 9/31/31 10/6/6
f 16/38/38 10/6/6 15/39/39
f 15/39/39 10/6/6 14/40/40
f 14/40/40 10/6/6 13/8/8
f 7/26/26 8/41/41 9/31/31
f 42/42/42 46/43/43 5/44/44
f 5/44/44 46/43/43 54/45/45
f 5/44/44 54/45/45 6/46/46
f 6/46/46 54/45/45 55/47/47
f 46/43/43 42/42/42 45/48/48
f 45/48/48 42/42/42 43/49/49
f 45/48/48 43/49/49 44/50/50
f 47/51/51 48/52/52 46/43/43
f 46/43/43 48/52/52 53/53/53
f 46/43/43 53/53/53 54/45/45
f 48/52/52 49/54/54 53/53/53
f 53/53/53 49/54/54 52/55/55
f 52/55/55 49/54/54 51/56/56
f 51/56/56 49/54/54 50/57/57
f 57/58/58 103/59/59 56/60/60
f 56/60/60 103/59/59 80/61/61
f 56/62/60 80/63/61 79/64/62
f 79/64/62 80/63/61 81/65/63
f 79/64/62 81/65/63 78/66/64
f 78/66/64 81/65/63 82/67/65
f 78/66/64 82/67/65 77/68/66
f 77/68/66 82/67/65 83/69/67
f 77/68/66 83/69/67 76/70/68
f 76/70/68 83/69/67 84/71/69
f 76/70/68 84/71/69 75/72/70
f 75/72/70 84/71/69 85/73/71
f 75/72/70 85/73/71 74/74/72
f 74/74/72 85/73/71 86/75/73
f 74/74/72 86/75/73 73/76/74
f 73/76/74 86/75/73 87/77/75
f 73/76/74 87/77/75 72/78/76
f 72/78/76 87/77/75 88/79/77
f 72/78/76 88/79/77 71/80/78
f 71/80/78 88/79/77 89/81/79
f 71/80/78 89/81/79 70/82/80
f 70/82/80 89/81/79 90/83/81
f 70/82/80 90/83/81 69/84/82
f 69/84/82 90/83/81 91/85/83
f 69/84/82 91/85/83 68/86/84
f 68/86/84 91/85/83 92/87/85
f 68/86/84 92/87/85 67/88/86
f 67/88/86 92/87/85 93/89/87
f 67/88/86 93/89/87 66/90/88
f 66/90/88 93/89/87 94/91/89
f 66/90/88 94/91/89 65/92/90
f 65/92/90 94/91/89 95/93/91
f 65/92/90 95/93/91 64/94/92
f 64/94/92 95/93/91 96/95/93
f 64/94/92 96/95/93 63/96/94
f 63/96/94 96/95/93 97/97/95
f 63/96/94 97/97/95 62/98/96
f 62/98/96 97/97/95 98/99/97
f 62/98/96 98/99/97 61/100/98
f 61/100/98 98/99/97 99/101/99
f 61/100/98 99/101/99 60/102/100
f 60/102/100 99/101/99 100/103/101
f 60/102/100 100/103/101 59/104/102
f 59/104/102 100/103/101 101/105/103
f 59/104/102 101/105/103 58/106/104
f 58/106/104 101/105/103 102/107/105
f 58/106/104 102/107/105 57/58/58
f 57/58/58 102/107/105 103/59/59
f 104/108/106 105/109/107 106/110/108
f 2/111/109 1/112/110 114/113/111
f 114/113/111 1/112/110 107/114/112
f 114/113/111 107/114/112 113/115/113
f 113/115/113 107/114/112 110/116/114
f 113/115/113 110/116/114 112/117/115
f 112/117/115 110/116/114 111/118/116
f 108/119/117 109/120/118 107/114/112
f 107/114/112 109/120/118 110/116/114
f 115/121/119 116/122/120 114/113/111
f 114/113/111 116/122/120 2/111/109
f 2/111/109 116/122/120 152/123/121
f 152/123/121 116/122/120 117/124/122
f 152/123/121 117/124/122 124/125/123
f 124/125/123 117/124/122 123/126/124
f 123/126/124 117/124/122 122/127/125
f 122/127/125 117/124/122 121/128/126
f 121/128/126 117/124/122 120/129/127
f 120/129/127 117/124/122 119/130/128
f 119/130/128 117/124/122 118/131/129
f 124/125/123 125/132/130 152/123/121
f 152/123/121 125/132/130 126/133/131
f 152/123/121 126/133/131 127/134/132
f 127/134/132 128/135/133 152/123/121
f 152/123/121 128/135/133 129/136/134
f 152/123/121 129/136/134 130/137/135
f 130/137/135 131/138/136 152/123/121
f 152/123/121 131/138/136 132/139/137
f 152/123/121 132/139/137 133/140/138
f 133/140/138 134/141/139 152/123/121
f 152/123/121 134/141/139 151/142/140
f 151/142/140 134/141/139 135/143/141
f 151/142/140 135/143/141 136/144/142
f 136/144/142 137/145/143 151/142/140
f 151/142/140 137/145/143 138/146/144
f 151/142/140 138/146/144 139/147/145
f 139/147/145 140/148/146 151/142/140
f 151/142/140 140/148/146 141/149/147
f 151/142/140 141/149/147 142/150/148
f 151/142/140 142/150/148 150/151/149
f 150/151/149 142/150/148 143/152/150
f 150/151/149 143/152/150 144/153/151
f 144/153/151 145/154/152 150/151/149
f 150/151/149 145/154/152 146/155/153
f 150/151/149 146/155/153 147/156/154
f 147/156/154 148/157/155 150/151/149
f 150/151/149 148/157/155 149/158/156
f 150/151/149 149/158/156 118/131/129
f 46/159/157 45/160/158 153/161/159
f 153/161/159 45/160/158 154/162/160
f 155/163/161 156/164/162 160/165/163
f 160/165/163 156/164/162 159/166/164
f 159/166/164 156/164/162 158/167/165
f 158/167/165 156/164/162 157/168/166
f 162/169/167 196/170/168 161/171/169
f 161/171/169 196/170/168 197/172/170
f 161/171/169 197/172/170 184/173/171
f 184/173/171 197/172/170 198/174/172
f 184/173/171 198/174/172 183/175/173
f 183/175/173 198/174/172 199/176/174
f 183/175/173 199/176/174 182/177/175
f 182/177/175 199/176/174 200/178/176
f 182/177/175 200/178/176 181/179/177
f 181/179/177 200/178/176 201/180/178
f 181/179/177 201/180/178 180/181/179
f 180/181/179 201/180/178 202/182/180
f 180/181/179 202/182/180 292/183/181
f 292/183/181 202/182/180 203/184/182
f 292/183/181 203/184/182 204/185/183
f 196/170/168 162/169/167 195/186/184
f 195/186/184 162/169/167 163/187/185
f 195/186/184 163/187/185 194/188/186
f 194/188/186 163/187/185 164/189/187
f 194/188/186 164/189/187 193/190/188
f 193/190/188 164/189/187 320/191/189
f 193/190/188 320/191/189 192/192/190
f 192/192/190 320/191/189 191/193/191
f 191/193/191 320/191/189 321/194/192
f 191/193/191 321/194/192 190/195/193
f 190/195/193 321/194/192 189/196/194
f 189/196/194 321/194/192 188/197/195
f 188/197/195 321/194/192 187/198/196
f 187/198/196 321/194/192 186/199/197
f 186/199/197 321/194/192 185/200/198
f 185/200/198 321/194/192 292/183/181
f 185/200/198 292/183/181 208/201/199
f 208/201/199 292/183/181 207/202/200
f 207/202/200 292/183/181 206/203/201
f 206/203/201 292/183/181 205/204/202
f 205/204/202 292/183/181 204/185/183
f 164/189/187 165/205/203 320/191/189
f 320/191/189 165/205/203 327/206/204
f 320/191/189 327/206/204 323/207/205
f 323/207/205 327/206/204 324/208/206
f 323/207/205 324/208/206 248/209/207
f 248/209/207 324/208/206 325/210/208
f 248/209/207 325/210/208 315/211/209
f 315/211/209 325/210/208 326/212/210
f 315/211/209 326/212/210 10/213/211
f 10/213/211 326/212/210 174/214/212
f 10/213/211 174/214/212 11/215/213
f 11/215/213 174/214/212 175/216/214
f 11/215/213 175/216/214 176/217/215
f 165/205/203 166/218/216 327/206/204
f 327/206/204 166/218/216 167/219/217
f 327/206/204 167/219/217 326/212/210
f 326/212/210 167/219/217 168/220/218
f 326/212/210 168/220/218 169/221/219
f 169/221/219 170/222/220 326/212/210
f 326/212/210 170/222/220 171/223/221
f 326/212/210 171/223/221 172/224/222
f 172/224/222 173/225/223 326/212/210
f 326/212/210 173/225/223 174/214/212
f 176/217/215 177/226/224 11/215/213
f 11/215/213 177/226/224 178/227/225
f 11/215/213 178/227/225 228/228/226
f 228/228/226 178/227/225 227/229/227
f 227/229/227 178/227/225 293/230/228
f 227/229/227 293/230/228 226/231/229
f 226/231/229 293/230/228 301/232/230
f 226/231/229 301/232/230 302/233/231
f 178/227/225 179/234/232 293/230/228
f 293/230/228 179/234/232 292/183/181
f 292/183/181 179/234/232 180/181/179
f 232/235/233 209/236/234 11/215/213
f 11/215/213 209/236/234 210/237/235
f 11/215/213 210/237/235 314/238/236
f 314/238/236 210/237/235 211/239/237
f 314/238/236 211/239/237 212/240/238
f 314/238/236 212/240/238 313/241/239
f 313/241/239 212/240/238 213/242/240
f 313/241/239 213/242/240 214/243/241
f 313/241/239 214/243/241 312/244/242
f 312/244/242 214/243/241 215/245/243
f 312/244/242 215/245/243 311/246/244
f 311/246/244 215/245/243 309/247/245
f 311/246/244 309/247/245 310/248/246
f 215/245/243 216/249/247 309/247/245
f 309/247/245 216/249/247 308/250/248
f 308/250/248 216/249/247 217/251/249
f 308/250/248 217/251/249 218/252/250
f 219/253/251 304/254/252 218/252/250
f 218/252/250 304/254/252 305/255/253
f 218/252/250 305/255/253 306/256/254
f 219/253/251 220/257/255 304/254/252
f 304/254/252 220/257/255 221/258/256
f 304/254/252 221/258/256 303/259/257
f 303/259/257 221/258/256 222/260/258
f 303/259/257 222/260/258 223/261/259
f 223/261/259 224/262/260 303/259/257
f 303/259/257 224/262/260 225/263/261
f 303/259/257 225/263/261 302/233/231
f 302/233/231 225/263/261 226/231/229
f 228/228/226 229/264/262 11/215/213
f 11/215/213 229/264/262 230/265/263
f 11/215/213 230/265/263 231/266/264
f 231/266/264 232/235/233 11/215/213
f 234/267/265 256/268/266 233/269/267
f 233/269/267 256/268/266 253/270/268
f 233/269/267 253/270/268 288/271/269
f 288/271/269 253/270/268 287/272/270
f 287/272/270 253/270/268 286/273/271
f 286/273/271 253/270/268 254/274/272
f 286/273/271 254/274/272 285/275/273
f 285/275/273 254/274/272 250/276/274
f 285/275/273 250/276/274 284/277/275
f 284/277/275 250/276/274 283/278/276
f 283/278/276 250/276/274 251/279/277
f 283/278/276 251/279/277 282/280/278
f 282/280/278 251/279/277 257/281/279
f 282/280/278 257/281/279 281/282/280
f 281/282/280 257/281/279 280/283/281
f 280/283/281 257/281/279 258/284/282
f 280/283/281 258/284/282 261/285/283
f 261/285/283 258/284/282 264/286/284
f 264/286/284 258/284/282 259/287/285
f 264/286/284 259/287/285 319/288/286
f 319/288/286 259/287/285 260/289/287
f 319/288/286 260/289/287 318/290/288
f 318/290/288 260/289/287 252/291/289
f 318/290/288 252/291/289 249/292/290
f 235/293/291 54/294/292 234/267/265
f 234/267/265 54/294/292 53/295/293
f 234/267/265 53/295/293 256/268/266
f 256/268/266 53/295/293 255/296/294
f 255/296/294 53/295/293 249/292/290
f 255/296/294 249/292/290 254/274/272
f 254/274/272 249/292/290 250/276/274
f 236/297/295 241/298/296 235/293/291
f 235/293/291 241/298/296 242/299/297
f 235/293/291 242/299/297 54/294/292
f 54/294/292 242/299/297 317/300/298
f 317/300/298 242/299/297 243/301/299
f 317/300/298 243/301/299 239/302/300
f 239/302/300 243/301/299 238/303/301
f 238/303/301 243/301/299 244/304/302
f 238/303/301 244/304/302 322/305/303
f 322/305/303 244/304/302 321/194/192
f 321/194/192 244/304/302 241/298/296
f 321/194/192 241/298/296 292/183/181
f 292/183/181 241/298/296 236/297/295
f 292/183/181 236/297/295 233/269/267
f 238/303/301 322/305/303 237/306/304
f 237/306/304 322/305/303 245/307/305
f 237/306/304 245/307/305 240/308/306
f 240/308/306 245/307/305 246/309/307
f 240/308/306 246/309/307 317/300/298
f 317/300/298 246/309/307 316/310/308
f 316/310/308 246/309/307 247/311/309
f 316/310/308 247/311/309 248/209/207
f 239/302/300 240/308/306 317/300/298
f 323/207/205 248/209/207 322/305/303
f 322/305/303 248/209/207 245/307/305
f 257/281/279 251/279/277 260/289/287
f 260/289/287 251/279/277 252/291/289
f 280/283/281 261/285/283 279/312/310
f 279/312/310 261/285/283 262/313/311
f 279/312/310 262/313/311 278/314/312
f 278/314/312 262/313/311 277/315/313
f 277/315/313 262/313/311 276/316/314
f 276/316/314 262/313/311 275/317/315
f 275/317/315 262/313/311 265/318/316
f 275/317/315 265/318/316 274/319/317
f 274/319/317 265/318/316 273/320/318
f 273/320/318 265/318/316 272/321/319
f 272/321/319 265/318/316 271/322/320
f 271/322/320 265/318/316 270/323/321
f 270/323/321 265/318/316 269/324/322
f 269/324/322 265/318/316 268/325/323
f 268/325/323 265/318/316 267/326/324
f 267/326/324 265/318/316 266/327/325
f 265/318/316 262/313/311 43/328/326
f 43/328/326 262/313/311 263/329/327
f 43/328/326 263/329/327 158/330/328
f 158/330/328 263/329/327 264/286/284
f 158/330/328 264/286/284 159/331/329
f 159/331/329 264/286/284 319/288/286
f 159/331/329 319/288/286 48/332/330
f 158/330/328 44/333/331 43/328/326
f 233/269/267 288/271/269 292/183/181
f 292/183/181 288/271/269 289/334/332
f 292/183/181 289/334/332 290/335/333
f 290/335/333 291/336/334 292/183/181
f 292/183/181 291/336/334 266/327/325
f 294/337/335 295/338/336 293/230/228
f 293/230/228 295/338/336 296/339/337
f 293/230/228 296/339/337 297/340/338
f 297/340/338 298/341/339 293/230/228
f 293/230/228 298/341/339 299/342/340
f 293/230/228 299/342/340 300/343/341
f 300/343/341 301/232/230 293/230/228
f 307/344/342 308/250/248 306/256/254
f 306/256/254 308/250/248 218/252/250
f 315/211/209 316/310/308 248/209/207
f 53/295/293 318/290/288 249/292/290
f 48/332/330 47/345/343 159/331/329
f 160/346/344 328/347/345 155/348/346
f 155/348/346 328/347/345 329/349/347
f 156/350/348 155/351/349 330/352/350
f 330/352/350 155/351/349 331/353/351
f 331/353/351 155/351/349 329/354/352
f 329/355/353 328/356/354 331/357/355
f 331/357/355 328/356/354 332/358/356
f 331/357/355 332/358/356 333/359/357
f 333/359/357 334/360/358 331/357/355
f 330/361/359 335/362/360 156/363/361
f 156/363/361 335/362/360 157/364/362
f 336/365/363 154/366/364 335/367/365
f 335/367/365 154/366/364 157/368/366
f 157/368/366 154/366/364 44/369/367
f 157/368/366 44/369/367 158/370/368
f 154/366/364 45/371/369 44/369/367
f 159/372/370 47/373/371 160/374/372
f 160/374/372 47/373/371 153/375/373
f 160/374/372 153/375/373 328/376/374
f 328/376/374 153/375/373 332/377/375
f 332/377/375 153/375/373 337/378/376
f 47/373/371 46/379/377 153/375/373
f 337/380/378 338/381/379 332/382/380
f 332/382/380 338/381/379 333/383/381
f 338/384/382 339/385/383 333/386/384
f 333/386/384 339/385/383 334/387/385
f 336/388/386 335/389/387 339/390/388
f 339/390/388 335/389/387 334/391/389
f 334/391/389 335/389/387 331/392/390
f 331/392/390 335/389/387 330/393/391
f 154/394/392 336/395/393 153/396/394
f 153/396/394 336/395/393 337/397/395
f 337/397/395 336/395/393 338/398/396
f 338/398/396 336/395/393 339/399/397
f 340/400/398 2/401/399 152/402/400
f 341/403/401 340/404/402 151/405/403
f 151/405/403 340/404/402 152/406/404
f 3/407/405 2/408/406 342/409/407
f 342/409/407 2/408/406 341/410/408
f 341/410/408 2/408/406 340/411/409
f 81/412/410 80/413/411 3/414/412
f 3/414/412 80/413/411 103/415/413
f 3/414/412 103/415/413 102/416/414
f 3/414/412 102/416/414 1/417/415
f 1/417/415 102/416/414 101/418/416
f 1/417/415 101/418/416 100/419/417
f 100/419/417 99/420/418 1/417/415
f 1/417/415 99/420/418 98/421/419
f 1/417/415 98/421/419 97/422/420
f 1/417/415 97/422/420 342/423/421
f 342/423/421 97/422/420 96/424/422
f 342/423/421 96/424/422 95/425/423
f 95/425/423 94/426/424 342/423/421
f 342/423/421 94/426/424 93/427/425
f 342/423/421 93/427/425 92/428/426
f 92/428/426 91/429/427 342/423/421
f 342/423/421 91/429/427 90/430/428
f 342/423/421 90/430/428 89/431/429
f 89/431/429 88/432/430 342/423/421
f 342/423/421 88/432/430 87/433/431
f 342/423/421 87/433/431 3/414/412
f 3/414/412 87/433/431 86/434/432
f 3/414/412 86/434/432 85/435/433
f 85/435/433 84/436/434 3/414/412
f 3/414/412 84/436/434 83/437/435
f 3/414/412 83/437/435 82/438/436
f 82/438/436 81/412/410 3/414/412
f 342/423/421 50/439/437 1/417/415
f 1/417/415 50/439/437 343/440/438
f 1/417/415 343/440/438 344/441/439
f 50/439/437 49/442/440 343/440/438
f 345/443/441 346/444/442 344/441/439
f 344/441/439 346/444/442 1/417/415
f 347/445/443 348/446/444 346/444/442
f 346/444/442 348/446/444 107/447/445
f 346/444/442 107/447/445 1/417/415
f 50/448/446 342/449/447 51/450/448
f 51/450/448 342/449/447 352/451/449
f 352/451/449 342/449/447 351/452/450
f 351/452/450 342/449/447 341/453/451
f 351/452/450 341/453/451 151/454/452
f 351/452/450 151/454/452 350/455/453
f 350/455/453 151/454/452 150/456/454
f 350/455/453 150/456/454 265/457/455
f 43/458/456 42/459/457 265/457/455
f 265/457/455 42/459/457 349/460/458
f 265/457/455 349/460/458 350/455/453
f 352/461/459 351/462/460 106/463/461
f 106/463/461 351/462/460 104/464/462
f 343/465/463 49/466/464 319/467/465
f 319/467/465 49/466/464 48/468/466
f 7/469/467 105/470/468 354/471/469
f 354/471/469 105/470/468 104/472/470
f 354/471/469 104/472/470 353/473/471
f 353/473/471 104/472/470 372/474/472
f 353/473/471 372/474/472 350/475/473
f 350/475/473 372/474/472 373/476/474
f 350/475/473 373/476/474 374/477/475
f 351/478/476 357/479/477 104/472/470
f 104/472/470 357/479/477 358/480/478
f 104/472/470 358/480/478 359/481/479
f 350/475/473 378/482/480 351/478/476
f 351/478/476 378/482/480 379/483/481
f 351/478/476 379/483/481 380/484/482
f 355/485/483 356/486/484 354/471/469
f 354/471/469 356/486/484 7/469/467
f 356/486/484 8/487/485 7/469/467
f 359/481/479 360/488/486 104/472/470
f 104/472/470 360/488/486 361/489/487
f 104/472/470 361/489/487 362/490/488
f 362/490/488 363/491/489 104/472/470
f 104/472/470 363/491/489 364/492/490
f 104/472/470 364/492/490 365/493/491
f 365/493/491 366/494/492 104/472/470
f 104/472/470 366/494/492 367/495/493
f 104/472/470 367/495/493 368/496/494
f 368/496/494 369/497/495 104/472/470
f 104/472/470 369/497/495 370/498/496
f 104/472/470 370/498/496 371/499/497
f 371/499/497 372/474/472 104/472/470
f 374/477/475 375/500/498 350/475/473
f 350/475/473 375/500/498 376/501/499
f 350/475/473 376/501/499 377/502/500
f 377/502/500 378/482/480 350/475/473
f 380/484/482 381/503/501 351/478/476
f 351/478/476 381/503/501 382/504/502
f 351/478/476 382/504/502 383/505/503
f 383/505/503 384/506/504 351/478/476
f 351/478/476 384/506/504 385/507/505
f 351/478/476 385/507/505 386/508/506
f 386/508/506 387/509/507 351/478/476
f 351/478/476 387/509/507 388/510/508
f 351/478/476 388/510/508 357/479/477
f 57/511/509 56/512/510 106/513/511
f 106/513/511 56/512/510 79/514/512
f 106/513/511 79/514/512 78/515/513
f 78/515/513 77/516/514 106/513/511
f 106/513/511 77/516/514 76/517/515
f 106/513/511 76/517/515 75/518/516
f 75/518/516 74/519/517 106/513/511
f 106/513/511 74/519/517 73/520/518
f 106/513/511 73/520/518 352/521/519
f 352/521/519 73/520/518 72/522/520
f 352/521/519 72/522/520 71/523/521
f 71/523/521 70/524/522 352/521/519
f 352/521/519 70/524/522 69/525/523
f 352/521/519 69/525/523 68/526/524
f 68/526/524 67/527/525 352/521/519
f 352/521/519 67/527/525 66/528/526
f 352/521/519 66/528/526 65/529/527
f 65/529/527 64/530/528 352/521/519
f 352/521/519 64/530/528 63/531/529
f 352/521/519 63/531/529 105/532/530
f 105/532/530 63/531/529 62/533/531
f 105/532/530 62/533/531 61/534/532
f 61/534/532 60/535/533 105/532/530
f 105/532/530 60/535/533 59/536/534
f 105/532/530 59/536/534 58/537/535
f 105/532/530 58/537/535 106/513/511
f 106/513/511 58/537/535 57/511/509
f 52/538/536 51/539/537 390/540/538
f 390/540/538 51/539/537 105/532/530
f 390/540/538 105/532/530 389/541/539
f 389/541/539 105/532/530 7/542/540
f 389/541/539 7/542/540 6/543/541
f 51/539/537 352/521/519 105/532/530
f 6/543/541 55/544/542 389/541/539
f 318/545/543 53/546/544 345/547/545
f 345/547/545 53/546/544 52/548/546
f 345/547/545 52/548/546 390/549/547
f 345/547/545 344/550/548 318/545/543
f 414/551/549 391/552/550 431/553/551
f 431/553/551 391/552/550 392/554/552
f 431/553/551 392/554/552 430/555/553
f 430/555/553 392/554/552 393/556/554
f 430/555/553 393/556/554 394/557/555
f 394/557/555 395/558/556 430/555/553
f 430/555/553 395/558/556 396/559/557
f 430/555/553 396/559/557 397/560/558
f 397/560/558 398/561/559 430/555/553
f 430/555/553 398/561/559 419/562/560
f 430/555/553 419/562/560 420/563/561
f 419/562/560 398/561/559 418/564/562
f 418/564/562 398/561/559 399/565/563
f 418/564/562 399/565/563 417/566/564
f 417/566/564 399/565/563 400/567/565
f 417/566/564 400/567/565 416/568/566
f 416/568/566 400/567/565 401/569/567
f 416/568/566 401/569/567 402/570/568
f 416/568/566 402/570/568 415/571/569
f 415/571/569 402/570/568 403/572/570
f 415/571/569 403/572/570 404/573/571
f 404/573/571 405/574/572 415/571/569
f 415/571/569 405/574/572 432/575/573
f 432/575/573 405/574/572 406/576/574
f 432/575/573 406/576/574 407/577/575
f 407/577/575 408/578/576 432/575/573
f 432/575/573 408/578/576 431/553/551
f 431/553/551 408/578/576 409/579/577
f 431/553/551 409/579/577 410/580/578
f 410/580/578 411/581/579 431/553/551
f 431/553/551 411/581/579 412/582/580
f 431/553/551 412/582/580 413/583/581
f 413/583/581 414/551/549 431/553/551
f 430/555/553 420/563/561 429/584/582
f 429/584/582 420/563/561 421/585/583
f 429/584/582 421/585/583 422/586/584
f 422/586/584 423/587/585 429/584/582
f 429/584/582 423/587/585 424/588/586
f 429/584/582 424/588/586 425/589/587
f 425/589/587 426/590/588 429/584/582
f 429/584/582 426/590/588 427/591/589
f 429/584/582 427/591/589 428/592/590
f 433/593/591 434/594/592 428/595/593
f 428/595/593 434/594/592 54/596/594
f 428/595/593 54/596/594 317/597/595
f 54/596/594 434/594/592 55/598/596
f 55/598/596 434/594/592 347/599/597
f 55/598/596 347/599/597 389/600/598
f 389/600/598 347/599/597 346/601/599
f 317/597/595 429/602/600 428/595/593
f 41/603/601 464/604/602 12/605/603
f 12/605/603 464/604/602 435/606/604
f 12/607/603 435/608/604 13/609/605
f 13/609/605 435/608/604 436/610/606
f 13/609/605 436/610/606 14/611/607
f 14/611/607 436/610/606 437/612/608
f 14/611/607 437/612/608 15/613/609
f 15/613/609 437/612/608 438/614/610
f 15/613/609 438/614/610 16/615/611
f 16/615/611 438/614/610 439/616/612
f 16/615/611 439/616/612 17/617/613
f 17/617/613 439/616/612 440/618/614
f 17/617/613 440/618/614 18/619/615
f 18/619/615 440/618/614 441/620/616
f 18/619/615 441/620/616 19/621/617
f 19/621/617 441/620/616 442/622/618
f 19/621/617 442/622/618 20/623/619
f 20/623/619 442/622/618 443/624/620
f 20/623/619 443/624/620 21/625/621
f 21/625/621 443/624/620 444/626/622
f 21/625/621 444/626/622 22/627/623
f 22/627/623 444/626/622 445/628/624
f 22/627/623 445/628/624 23/629/625
f 23/629/625 445/628/624 446/630/626
f 23/629/625 446/630/626 24/631/627
f 24/631/627 446/630/626 447/632/628
f 24/631/627 447/632/628 25/633/629
f 25/633/629 447/632/628 448/634/630
f 25/633/629 448/634/630 26/635/631
f 26/635/631 448/634/630 449/636/632
f 26/635/631 449/636/632 27/637/633
f 27/637/633 449/636/632 450/638/634
f 27/637/633 450/638/634 28/639/635
f 28/639/635 450/638/634 451/640/636
f 28/639/635 451/640/636 29/641/637
f 29/641/637 451/640/636 452/642/638
f 29/641/637 452/642/638 30/643/639
f 30/643/639 452/642/638 453/644/640
f 30/643/639 453/644/640 31/645/641
f 31/645/641 453/644/640 454/646/642
f 31/645/641 454/646/642 32/647/643
f 32/647/643 454/646/642 455/648/644
f 32/647/643 455/648/644 33/649/645
f 33/649/645 455/648/644 456/650/646
f 33/649/645 456/650/646 34/651/647
f 34/651/647 456/650/646 457/652/648
f 34/651/647 457/652/648 35/653/649
f 35/653/649 457/652/648 458/654/650
f 35/653/649 458/654/650 36/655/651
f 36/655/651 458/654/650 459/656/652
f 36/655/651 459/656/652 37/657/653
f 37/657/653 459/656/652 460/658/654
f 37/657/653 460/658/654 38/659/655
f 38/659/655 460/658/654 461/660/656
f 38/659/655 461/660/656 39/661/657
f 39/661/657 461/660/656 462/662/658
f 39/661/657 462/662/658 40/663/659
f 40/663/659 462/662/658 463/664/660
f 40/663/659 463/664/660 41/603/601
f 41/603/601 463/664/660 464/604/602
f 434/665/661 485/666/662 465/667/663
f 465/667/663 485/666/662 486/668/664
f 465/667/663 486/668/664 487/669/665
f 433/670/666 481/671/667 434/665/661
f 434/665/661 481/671/667 482/672/668
f 434/665/661 482/672/668 483/673/669
f 466/674/670 502/675/671 433/670/666
f 433/670/666 502/675/671 479/676/672
f 433/670/666 479/676/672 480/677/673
f 502/675/671 466/674/670 501/678/674
f 501/678/674 466/674/670 467/679/675
f 501/678/674 467/679/675 500/680/676
f 500/680/676 467/679/675 499/681/677
f 499/681/677 467/679/675 468/682/678
f 499/681/677 468/682/678 469/683/679
f 499/681/677 469/683/679 498/684/680
f 498/684/680 469/683/679 470/685/681
f 498/684/680 470/685/681 497/686/682
f 497/686/682 470/685/681 471/687/683
f 497/686/682 471/687/683 472/688/684
f 472/688/684 473/689/685 497/686/682
f 497/686/682 473/689/685 496/690/686
f 496/690/686 473/689/685 474/691/687
f 496/690/686 474/691/687 495/692/688
f 495/692/688 474/691/687 475/693/689
f 495/692/688 475/693/689 476/694/690
f 477/695/691 493/696/692 476/694/690
f 476/694/690 493/696/692 494/697/693
f 476/694/690 494/697/693 495/692/688
f 493/696/692 477/695/691 492/698/694
f 492/698/694 477/695/691 478/699/695
f 492/698/694 478/699/695 491/700/696
f 491/700/696 478/699/695 490/701/697
f 490/701/697 478/699/695 489/702/698
f 489/702/698 478/699/695 465/667/663
f 489/702/698 465/667/663 488/703/699
f 488/703/699 465/667/663 487/669/665
f 480/677/673 481/671/667 433/670/666
f 483/673/669 484/704/700 434/665/661
f 434/665/661 484/704/700 485/666/662
f 433/705/591 428/706/593 466/707/701
f 466/707/701 428/706/593 427/708/702
f 466/707/701 427/708/702 467/709/703
f 467/709/703 427/708/702 426/710/704
f 467/709/703 426/710/704 468/711/705
f 468/711/705 426/710/704 425/712/706
f 468/711/705 425/712/706 469/713/707
f 469/713/707 425/712/706 424/714/708
f 469/713/707 424/714/708 470/715/709
f 470/715/709 424/714/708 423/716/710
f 470/715/709 423/716/710 471/717/711
f 471/717/711 423/716/710 422/718/712
f 471/717/711 422/718/712 472/719/713
f 472/719/713 422/718/712 421/720/714
f 472/719/713 421/720/714 473/721/715
f 473/721/715 421/720/714 420/722/716
f 473/721/715 420/722/716 474/723/717
f 474/723/717 420/722/716 419/724/718
f 474/723/717 419/724/718 475/725/719
f 475/725/719 419/724/718 418/726/720
f 475/725/719 418/726/720 476/727/721
f 476/727/721 418/726/720 417/728/722
f 476/727/721 417/728/722 477/729/723
f 477/729/723 417/728/722 416/730/724
f 477/729/723 416/730/724 478/731/725
f 478/731/725 416/730/724 415/732/726
f 415/733/727 432/734/728 478/735/729
f 478/735/729 432/734/728 465/736/730
f 118/737/731 266/738/732 119/739/733
f 119/739/733 266/738/732 291/740/734
f 119/739/733 291/740/734 120/741/735
f 120/741/735 291/740/734 290/742/736
f 120/741/735 290/742/736 121/743/737
f 121/743/737 290/742/736 289/744/738
f 121/743/737 289/744/738 122/745/739
f 122/745/739 289/744/738 288/746/740
f 122/745/739 288/746/740 123/747/741
f 123/747/741 288/746/740 287/748/742
f 123/747/741 287/748/742 124/749/743
f 124/749/743 287/748/742 125/750/744
f 125/750/744 287/748/742 286/751/745
f 125/750/744 286/751/745 126/752/746
f 126/752/746 286/751/745 285/753/747
f 126/752/746 285/753/747 127/754/748
f 127/754/748 285/753/747 284/755/749
f 127/754/748 284/755/749 128/756/750
f 128/756/750 284/755/749 283/757/751
f 128/756/750 283/757/751 129/758/752
f 129/758/752 283/757/751 130/759/753
f 130/759/753 283/757/751 282/760/754
f 130/759/753 282/760/754 131/761/755
f 131/761/755 282/760/754 281/762/756
f 131/761/755 281/762/756 132/763/757
f 132/763/757 281/762/756 280/764/758
f 132/763/757 280/764/758 133/765/759
f 133/765/759 280/764/758 279/766/760
f 133/765/759 279/766/760 134/767/761
f 134/767/761 279/766/760 135/768/762
f 135/768/762 279/766/760 278/769/763
f 135/768/762 278/769/763 136/770/764
f 136/770/764 278/769/763 277/771/765
f 136/770/764 277/771/765 137/772/766
f 137/772/766 277/771/765 276/773/767
f 137/772/766 276/773/767 138/774/768
f 138/774/768 276/773/767 275/775/769
f 138/774/768 275/775/769 139/776/770
f 139/776/770 275/775/769 140/777/771
f 140/777/771 275/775/769 274/778/772
f 140/777/771 274/778/772 141/779/773
f 141/779/773 274/778/772 273/780/774
f 141/779/773 273/780/774 142/781/775
f 142/782/775 273/783/774 272/784/776
f 142/782/775 272/784/776 143/785/777
f 143/785/777 272/784/776 271/786/778
f 143/785/777 271/786/778 144/787/779
f 144/787/779 271/786/778 270/788/780
f 144/787/779 270/788/780 145/789/781
f 145/789/781 270/788/780 146/790/782
f 146/790/782 270/788/780 269/791/783
f 146/790/782 269/791/783 147/792/784
f 147/792/784 269/791/783 268/793/785
f 147/792/784 268/793/785 148/794/786
f 148/794/786 268/793/785 267/795/787
f 148/794/786 267/795/787 149/796/788
f 149/796/788 267/795/787 266/738/732
f 149/796/788 266/738/732 118/737/731
f 118/797/789 117/798/790 266/799/791
f 266/799/791 117/798/790 292/800/792
f 116/801/793 354/802/794 117/803/795
f 117/803/795 354/802/794 353/804/796
f 117/803/795 353/804/796 293/805/797
f 293/805/797 292/806/798 117/803/795
f 315/807/799 10/808/800 108/809/801
f 108/809/801 10/808/800 9/810/802
f 108/809/801 9/810/802 503/811/803
f 503/811/803 109/812/804 108/809/801
f 8/813/805 356/814/806 9/815/807
f 9/815/807 356/814/806 503/816/808
f 266/817/791 265/818/809 118/819/789
f 118/819/789 265/818/809 150/820/810
f 389/821/811 346/822/812 390/823/813
f 390/823/813 346/822/812 345/824/814
f 325/825/815 324/826/816 109/827/817
f 109/827/817 324/826/816 110/828/818
f 355/829/819 326/830/820 356/831/821
f 356/831/821 326/830/820 325/832/822
f 356/831/821 325/832/822 109/833/823
f 109/833/823 503/834/824 356/831/821
f 430/835/825 429/836/826 316/837/827
f 316/837/827 429/836/826 317/838/828
f 323/839/829 322/840/830 113/841/831
f 113/841/831 322/840/830 114/842/832
f 327/843/833 326/844/834 111/845/835
f 111/845/835 326/844/834 355/846/836
f 111/845/835 355/846/836 112/847/837
f 112/847/837 355/846/836 354/848/838
f 112/847/837 354/848/838 115/849/839
f 115/849/839 354/848/838 116/850/840
f 321/851/841 320/852/842 115/849/839
f 115/849/839 320/852/842 112/847/837
f 327/853/843 111/854/844 324/855/845
f 324/855/845 111/854/844 110/856/846
f 321/857/847 115/858/848 322/859/849
f 322/859/849 115/858/848 114/860/850
f 320/861/851 323/862/852 112/863/853
f 112/863/853 323/862/852 113/864/854
f 432/865/855 431/866/856 465/867/857
f 465/867/857 431/866/856 348/868/858
f 465/867/857 348/868/858 347/869/859
f 347/869/859 434/870/860 465/867/857
f 436/871/861 435/872/862 430/873/863
f 430/873/863 435/872/862 464/874/864
f 430/873/863 464/874/864 431/875/865
f 431/875/865 464/874/864 463/876/866
f 431/875/865 463/876/866 462/877/867
f 462/877/867 461/878/868 431/875/865
f 431/875/865 461/878/868 460/879/869
f 431/875/865 460/879/869 459/880/870
f 459/880/870 458/881/871 431/875/865
f 431/875/865 458/881/871 348/882/872
f 348/882/872 458/881/871 457/883/873
f 348/882/872 457/883/873 456/884/874
f 456/884/874 455/885/875 348/882/872
f 348/882/872 455/885/875 454/886/876
f 348/882/872 454/886/876 453/887/877
f 453/887/877 452/888/878 348/882/872
f 348/882/872 452/888/878 451/889/879
f 348/882/872 451/889/879 450/890/880
f 348/882/872 450/890/880 107/891/881
f 107/891/881 450/890/880 449/892/882
f 107/891/881 449/892/882 448/893/883
f 448/893/883 447/894/884 107/891/881
f 107/891/881 447/894/884 446/895/885
f 107/891/881 446/895/885 445/896/886
f 445/896/886 444/897/887 107/891/881
f 107/891/881 444/897/887 108/898/888
f 108/898/888 444/897/887 443/899/889
f 108/898/888 443/899/889 442/900/890
f 442/900/890 441/901/891 108/898/888
f 108/898/888 441/901/891 440/902/892
f 108/898/888 440/902/892 315/903/893
f 315/903/893 440/902/892 439/904/894
f 315/903/893 439/904/894 430/873/863
f 430/873/863 439/904/894 438/905/895
f 430/873/863 438/905/895 437/906/896
f 437/906/896 436/871/861 430/873/863
f 430/873/863 316/907/897 315/903/893
f 344/908/898 343/909/899 318/910/900
f 318/910/900 343/909/899 319/911/901
f 4/912/5 11/913/4 509/914/902
f 509/914/902 11/913/4 314/915/903
f 509/914/902 314/915/903 508/916/904
f 508/916/904 314/915/903 313/917/905
f 508/916/904 313/917/905 507/918/906
f 507/918/906 313/917/905 312/919/907
f 507/918/906 312/919/907 506/920/908
f 506/920/908 312/919/907 311/921/909
f 506/920/908 311/921/909 505/922/910
f 505/922/910 311/921/909 310/923/911
f 505/922/910 310/923/911 504/924/912
f 504/924/912 310/923/911 309/925/913
f 309/926/913 308/927/914 504/928/912
f 504/928/912 308/927/914 510/929/915
f 4/930/916 617/931/917 5/932/918
f 5/932/918 617/931/917 618/933/919
f 5/932/918 618/933/919 619/934/920
f 509/935/921 604/936/922 4/930/916
f 4/930/916 604/936/922 581/937/923
f 4/930/916 581/937/923 582/938/924
f 508/939/925 602/940/926 509/935/921
f 509/935/921 602/940/926 603/941/927
f 509/935/921 603/941/927 604/936/922
f 507/942/928 600/943/929 508/939/925
f 508/939/925 600/943/929 601/944/930
f 508/939/925 601/944/930 602/940/926
f 600/943/929 507/942/928 599/945/931
f 599/945/931 507/942/928 506/946/932
f 599/945/931 506/946/932 504/947/933
f 504/947/933 506/946/932 505/948/934
f 599/945/931 504/947/933 598/949/935
f 598/949/935 504/947/933 510/950/936
f 598/949/935 510/950/936 597/951/937
f 597/951/937 510/950/936 596/952/938
f 596/952/938 510/950/936 512/953/939
f 596/952/938 512/953/939 513/954/940
f 510/950/936 511/955/941 512/953/939
f 513/954/940 514/956/942 596/952/938
f 596/952/938 514/956/942 595/957/943
f 595/957/943 514/956/942 594/958/944
f 594/958/944 514/956/942 593/959/945
f 593/959/945 514/956/942 515/960/946
f 593/959/945 515/960/946 592/961/947
f 592/961/947 515/960/946 591/962/948
f 591/962/948 515/960/946 590/963/949
f 590/963/949 515/960/946 589/964/950
f 589/964/950 515/960/946 516/965/951
f 589/964/950 516/965/951 588/966/952
f 588/966/952 516/965/951 517/967/953
f 588/966/952 517/967/953 587/968/954
f 587/968/954 517/967/953 611/969/955
f 587/968/954 611/969/955 612/970/956
f 517/967/953 518/971/957 611/969/955
f 611/969/955 518/971/957 635/972/958
f 611/969/955 635/972/958 636/973/959
f 518/971/957 519/974/960 635/972/958
f 635/972/958 519/974/960 520/975/961
f 635/972/958 520/975/961 634/976/962
f 634/976/962 520/975/961 521/977/963
f 634/976/962 521/977/963 633/978/964
f 633/978/964 521/977/963 522/979/965
f 633/978/964 522/979/965 632/980/966
f 632/980/966 522/979/965 631/981/967
f 631/981/967 522/979/965 523/982/968
f 631/981/967 523/982/968 630/983/969
f 630/983/969 523/982/968 629/984/970
f 629/984/970 523/982/968 652/985/971
f 652/985/971 523/982/968 524/986/972
f 652/985/971 524/986/972 651/987/973
f 651/987/973 524/986/972 650/988/974
f 650/988/974 524/986/972 542/989/975
f 650/988/974 542/989/975 649/990/976
f 649/990/976 542/989/975 543/991/977
f 649/990/976 543/991/977 648/992/978
f 648/992/978 543/991/977 537/993/979
f 648/992/978 537/993/979 647/994/980
f 647/994/980 537/993/979 538/995/981
f 647/994/980 538/995/981 623/996/982
f 623/996/982 538/995/981 622/997/983
f 622/997/983 538/995/981 621/998/984
f 621/998/984 538/995/981 577/999/985
f 621/998/984 577/999/985 620/1000/986
f 620/1000/986 577/999/985 578/1001/987
f 620/1000/986 578/1001/987 619/934/920
f 619/934/920 578/1001/987 579/1002/988
f 619/934/920 579/1002/988 5/932/918
f 5/932/918 579/1002/988 580/1003/989
f 5/932/918 580/1003/989 557/1004/990
f 349/1005/991 684/1006/992 524/986/972
f 524/986/972 684/1006/992 685/1007/993
f 524/986/972 685/1007/993 686/1008/994
f 42/1009/995 554/1010/996 349/1005/991
f 349/1005/991 554/1010/996 698/1011/997
f 349/1005/991 698/1011/997 699/1012/998
f 5/932/918 671/1013/999 42/1009/995
f 42/1009/995 671/1013/999 672/1014/1000
f 42/1009/995 672/1014/1000 673/1015/1001
f 526/1016/1002 556/1017/1003 525/1018/1004
f 525/1018/1004 556/1017/1003 42/1009/995
f 525/1018/1004 42/1009/995 528/1019/1005
f 528/1019/1005 42/1009/995 552/1020/1006
f 528/1019/1005 552/1020/1006 549/1021/1007
f 527/1022/1008 694/1023/1009 526/1016/1002
f 526/1016/1002 694/1023/1009 695/1024/1010
f 526/1016/1002 695/1024/1010 555/1025/1011
f 555/1025/1011 695/1024/1010 554/1010/996
f 554/1010/996 695/1024/1010 696/1026/1012
f 554/1010/996 696/1026/1012 697/1027/1013
f 528/1019/1005 549/1021/1007 527/1022/1008
f 527/1022/1008 549/1021/1007 693/1028/1014
f 527/1022/1008 693/1028/1014 694/1023/1009
f 530/1029/1015 551/1030/1016 529/1031/1017
f 529/1031/1017 551/1030/1016 42/1009/995
f 529/1031/1017 42/1009/995 673/1015/1001
f 531/1032/1018 524/986/972 530/1029/1015
f 530/1029/1015 524/986/972 688/1033/1019
f 530/1029/1015 688/1033/1019 689/1034/1020
f 524/986/972 531/1032/1018 547/1035/1021
f 547/1035/1021 531/1032/1018 532/1036/1022
f 547/1035/1021 532/1036/1022 546/1037/1023
f 546/1037/1023 532/1036/1022 674/1038/1024
f 546/1037/1023 674/1038/1024 675/1039/1025
f 674/1038/1024 532/1036/1022 673/1015/1001
f 673/1015/1001 532/1036/1022 529/1031/1017
f 534/1040/1026 657/1041/1027 533/1042/1028
f 533/1042/1028 657/1041/1027 658/1043/1029
f 533/1042/1028 658/1043/1029 541/1044/1030
f 541/1044/1030 658/1043/1029 659/1045/1031
f 541/1044/1030 659/1045/1031 544/1046/1032
f 544/1046/1032 659/1045/1031 660/1047/1033
f 544/1046/1032 660/1047/1033 540/1048/1034
f 540/1048/1034 660/1047/1033 573/1049/1035
f 540/1048/1034 573/1049/1035 574/1050/1036
f 535/1051/1037 545/1052/1038 534/1040/1026
f 534/1040/1026 545/1052/1038 655/1053/1039
f 534/1040/1026 655/1053/1039 656/1054/1040
f 536/1055/1041 524/986/972 535/1051/1037
f 535/1051/1037 524/986/972 548/1056/1042
f 535/1051/1037 548/1056/1042 545/1052/1038
f 524/986/972 536/1055/1041 542/989/975
f 542/989/975 536/1055/1041 533/1042/1028
f 542/989/975 533/1042/1028 541/1044/1030
f 538/995/981 539/1057/1043 577/999/985
f 577/999/985 539/1057/1043 576/1058/1044
f 576/1058/1044 539/1057/1043 575/1059/1045
f 575/1059/1045 539/1057/1043 574/1050/1036
f 574/1050/1036 539/1057/1043 540/1048/1034
f 540/1048/1034 537/993/979 544/1046/1032
f 544/1046/1032 537/993/979 543/991/977
f 546/1037/1023 676/1060/1046 545/1052/1038
f 545/1052/1038 676/1060/1046 653/1061/1047
f 545/1052/1038 653/1061/1047 654/1062/1048
f 547/1035/1021 548/1056/1042 524/986/972
f 550/1063/1049 691/1064/1050 549/1021/1007
f 549/1021/1007 691/1064/1050 692/1065/1051
f 549/1021/1007 692/1065/1051 693/1028/1014
f 551/1030/1016 530/1029/1015 550/1063/1049
f 550/1063/1049 530/1029/1015 689/1034/1020
f 550/1063/1049 689/1034/1020 690/1066/1052
f 551/1030/1016 552/1020/1006 42/1009/995
f 556/1017/1003 553/1067/1053 42/1009/995
f 42/1009/995 553/1067/1053 554/1010/996
f 555/1025/1011 556/1017/1003 526/1016/1002
f 557/1004/990 558/1068/1054 5/932/918
f 5/932/918 558/1068/1054 559/1069/1055
f 5/932/918 559/1069/1055 560/1070/1056
f 560/1070/1056 561/1071/1057 5/932/918
f 5/932/918 561/1071/1057 562/1072/1058
f 5/932/918 562/1072/1058 563/1073/1059
f 563/1073/1059 564/1074/1060 5/932/918
f 5/932/918 564/1074/1060 670/1075/1061
f 5/932/918 670/1075/1061 671/1013/999
f 564/1074/1060 565/1076/1062 670/1075/1061
f 670/1075/1061 565/1076/1062 669/1077/1063
f 669/1077/1063 565/1076/1062 668/1078/1064
f 668/1078/1064 565/1076/1062 566/1079/1065
f 668/1078/1064 566/1079/1065 667/1080/1066
f 667/1080/1066 566/1079/1065 567/1081/1067
f 667/1080/1066 567/1081/1067 666/1082/1068
f 666/1082/1068 567/1081/1067 568/1083/1069
f 666/1082/1068 568/1083/1069 665/1084/1070
f 665/1084/1070 568/1083/1069 569/1085/1071
f 665/1084/1070 569/1085/1071 664/1086/1072
f 664/1086/1072 569/1085/1071 570/1087/1073
f 664/1086/1072 570/1087/1073 663/1088/1074
f 663/1088/1074 570/1087/1073 571/1089/1075
f 663/1088/1074 571/1089/1075 662/1090/1076
f 662/1090/1076 571/1089/1075 572/1091/1077
f 662/1090/1076 572/1091/1077 661/1092/1078
f 661/1092/1078 572/1091/1077 573/1049/1035
f 661/1092/1078 573/1049/1035 660/1047/1033
f 582/938/924 583/1093/1079 4/930/916
f 4/930/916 583/1093/1079 584/1094/1080
f 4/930/916 584/1094/1080 585/1095/1081
f 585/1095/1081 586/1096/1082 4/930/916
f 4/930/916 586/1096/1082 612/970/956
f 4/930/916 612/970/956 613/1097/1083
f 586/1096/1082 587/968/954 612/970/956
f 606/1098/1084 641/1099/1085 605/1100/1086
f 605/1100/1086 641/1099/1085 642/1101/1087
f 605/1100/1086 642/1101/1087 628/1102/1088
f 628/1102/1088 642/1101/1087 643/1103/1089
f 628/1102/1088 643/1103/1089 627/1104/1090
f 627/1104/1090 643/1103/1089 644/1105/1091
f 627/1104/1090 644/1105/1091 626/1106/1092
f 626/1106/1092 644/1105/1091 645/1107/1093
f 626/1106/1092 645/1107/1093 625/1108/1094
f 625/1108/1094 645/1107/1093 646/1109/1095
f 625/1108/1094 646/1109/1095 624/1110/1096
f 624/1110/1096 646/1109/1095 647/994/980
f 624/1110/1096 647/994/980 623/996/982
f 641/1099/1085 606/1098/1084 640/1111/1097
f 640/1111/1097 606/1098/1084 607/1112/1098
f 640/1111/1097 607/1112/1098 639/1113/1099
f 639/1113/1099 607/1112/1098 608/1114/1100
f 639/1113/1099 608/1114/1100 638/1115/1101
f 638/1115/1101 608/1114/1100 609/1116/1102
f 638/1115/1101 609/1116/1102 637/1117/1103
f 637/1117/1103 609/1116/1102 610/1118/1104
f 637/1117/1103 610/1118/1104 636/973/959
f 636/973/959 610/1118/1104 611/969/955
f 613/1097/1083 614/1119/1105 4/930/916
f 4/930/916 614/1119/1105 615/1120/1106
f 4/930/916 615/1120/1106 616/1121/1107
f 616/1121/1107 617/931/917 4/930/916
f 654/1062/1048 655/1053/1039 545/1052/1038
f 656/1054/1040 657/1041/1027 534/1040/1026
f 675/1039/1025 676/1060/1046 546/1037/1023
f 700/1122/1108 677/1123/1109 349/1005/991
f 349/1005/991 677/1123/1109 678/1124/1110
f 349/1005/991 678/1124/1110 679/1125/1111
f 679/1125/1111 680/1126/1112 349/1005/991
f 349/1005/991 680/1126/1112 681/1127/1113
f 349/1005/991 681/1127/1113 682/1128/1114
f 682/1128/1114 683/1129/1115 349/1005/991
f 349/1005/991 683/1129/1115 684/1006/992
f 686/1008/994 687/1130/1116 524/986/972
f 524/986/972 687/1130/1116 688/1033/1019
f 690/1066/1052 691/1064/1050 550/1063/1049
f 697/1027/1013 698/1011/997 554/1010/996
f 699/1012/998 700/1122/1108 349/1005/991
f 510/1131/915 308/1132/914 511/1133/1117
f 511/1133/1117 308/1132/914 307/1134/1118
f 511/1133/1117 307/1134/1118 512/1135/1119
f 512/1135/1119 307/1134/1118 306/1136/1120
f 512/1135/1119 306/1136/1120 513/1137/1121
f 513/1137/1121 306/1136/1120 305/1138/1122
f 513/1137/1121 305/1138/1122 514/1139/1123
f 514/1139/1123 305/1138/1122 304/1140/1124
f 514/1141/1123 304/1142/1124 515/1143/1125
f 515/1143/1125 304/1142/1124 303/1144/1126
f 515/1143/1125 303/1144/1126 516/1145/1127
f 516/1145/1127 303/1144/1126 302/1146/1128
f 516/1145/1127 302/1146/1128 517/1147/1129
f 517/1147/1129 302/1146/1128 301/1148/1130
f 517/1147/1129 301/1148/1130 518/1149/1131
f 518/1149/1131 301/1148/1130 300/1150/1132
f 518/1149/1131 300/1150/1132 519/1151/1133
f 519/1151/1133 300/1150/1132 299/1152/1134
f 519/1151/1133 299/1152/1134 520/1153/1135
f 520/1153/1135 299/1152/1134 298/1154/1136
f 520/1153/1135 298/1154/1136 521/1155/1137
f 521/1155/1137 298/1154/1136 297/1156/1138
f 521/1155/1137 297/1156/1138 522/1157/1139
f 522/1157/1139 297/1156/1138 296/1158/1140
f 522/1157/1139 296/1158/1140 523/1159/1141
f 523/1159/1141 296/1158/1140 295/1160/1142
f 523/1159/1141 295/1160/1142 524/1161/1143
f 524/1161/1143 295/1160/1142 294/1162/1144
f 414/1163/1145 702/1164/1146 391/1165/1147
f 391/1165/1147 702/1164/1146 701/1166/1148
f 391/1167/1147 701/1168/1148 392/1169/1149
f 392/1169/1149 701/1168/1148 724/1170/1150
f 392/1169/1149 724/1170/1150 393/1171/1151
f 393/1171/1151 724/1170/1150 723/1172/1152
f 393/1171/1151 723/1172/1152 394/1173/1153
f 394/1173/1153 723/1172/1152 722/1174/1154
f 394/1173/1153 722/1174/1154 395/1175/1155
f 395/1175/1155 722/1174/1154 721/1176/1156
f 395/1175/1155 721/1176/1156 396/1177/1157
f 396/1177/1157 721/1176/1156 720/1178/1158
f 396/1177/1157 720/1178/1158 397/1179/1159
f 397/1179/1159 720/1178/1158 719/1180/1160
f 397/1179/1159 719/1180/1160 398/1181/1161
f 398/1181/1161 719/1180/1160 718/1182/1162
f 398/1181/1161 718/1182/1162 399/1183/1163
f 399/1183/1163 718/1182/1162 717/1184/1164
f 399/1183/1163 717/1184/1164 400/1185/1165
f 400/1185/1165 717/1184/1164 716/1186/1166
f 400/1185/1165 716/1186/1166 401/1187/1167
f 401/1187/1167 716/1186/1166 715/1188/1168
f 401/1187/1167 715/1188/1168 402/1189/1169
f 402/1189/1169 715/1188/1168 714/1190/1170
f 402/1189/1169 714/1190/1170 403/1191/1171
f 403/1191/1171 714/1190/1170 713/1192/1172
f 403/1191/1171 713/1192/1172 404/1193/1173
f 404/1193/1173 713/1192/1172 712/1194/1174
f 404/1193/1173 712/1194/1174 405/1195/1175
f 405/1195/1175 712/1194/1174 711/1196/1176
f 405/1195/1175 711/1196/1176 406/1197/1177
f 406/1197/1177 711/1196/1176 710/1198/1178
f 406/1197/1177 710/1198/1178 407/1199/1179
f 407/1199/1179 710/1198/1178 709/1200/1180
f 407/1199/1179 709/1200/1180 408/1201/1181
f 408/1201/1181 709/1200/1180 708/1202/1182
f 408/1201/1181 708/1202/1182 409/1203/1183
f 409/1203/1183 708/1202/1182 707/1204/1184
f 409/1203/1183 707/1204/1184 410/1205/1185
f 410/1205/1185 707/1204/1184 706/1206/1186
f 410/1205/1185 706/1206/1186 411/1207/1187
f 411/1207/1187 706/1206/1186 705/1208/1188
f 411/1207/1187 705/1208/1188 412/1209/1189
f 412/1209/1189 705/1208/1188 704/1210/1190
f 412/1209/1189 704/1210/1190 413/1211/1191
f 413/1211/1191 704/1210/1190 703/1212/1192
f 413/1211/1191 703/1212/1192 414/1163/1145
f 414/1163/1145 703/1212/1192 702/1164/1146
f 580/1213/1193 724/1170/1150 557/1214/1194
f 557/1214/1194 724/1170/1150 701/1168/1148
f 557/1215/1194 701/1166/1148 558/1216/1195
f 558/1216/1195 701/1166/1148 702/1164/1146
f 558/1216/1195 702/1164/1146 559/1217/1196
f 559/1217/1196 702/1164/1146 703/1212/1192
f 559/1217/1196 703/1212/1192 560/1218/1197
f 560/1218/1197 703/1212/1192 704/1210/1190
f 560/1218/1197 704/1210/1190 561/1219/1198
f 561/1219/1198 704/1210/1190 705/1208/1188
f 561/1219/1198 705/1208/1188 562/1220/1199
f 562/1220/1199 705/1208/1188 706/1206/1186
f 562/1220/1199 706/1206/1186 563/1221/1200
f 563/1221/1200 706/1206/1186 707/1204/1184
f 563/1221/1200 707/1204/1184 564/1222/1201
f 564/1222/1201 707/1204/1184 708/1202/1182
f 564/1222/1201 708/1202/1182 565/1223/1202
f 565/1223/1202 708/1202/1182 709/1200/1180
f 565/1223/1202 709/1200/1180 566/1224/1203
f 566/1224/1203 709/1200/1180 710/1198/1178
f 566/1224/1203 710/1198/1178 567/1225/1204
f 567/1225/1204 710/1198/1178 711/1196/1176
f 567/1225/1204 711/1196/1176 568/1226/1205
f 568/1226/1205 711/1196/1176 712/1194/1174
f 568/1226/1205 712/1194/1174 569/1227/1206
f 569/1227/1206 712/1194/1174 713/1192/1172
f 569/1227/1206 713/1192/1172 570/1228/1207
f 570/1228/1207 713/1192/1172 714/1190/1170
f 570/1228/1207 714/1190/1170 571/1229/1208
f 571/1229/1208 714/1190/1170 715/1188/1168
f 571/1229/1208 715/1188/1168 572/1230/1209
f 572/1230/1209 715/1188/1168 716/1186/1166
f 572/1230/1209 716/1186/1166 573/1231/1210
f 573/1231/1210 716/1186/1166 717/1184/1164
f 573/1231/1210 717/1184/1164 574/1232/1211
f 574/1232/1211 717/1184/1164 718/1182/1162
f 574/1232/1211 718/1182/1162 575/1233/1212
f 575/1233/1212 718/1182/1162 719/1180/1160
f 575/1233/1212 719/1180/1160 576/1234/1213
f 576/1234/1213 719/1180/1160 720/1178/1158
f 576/1234/1213 720/1178/1158 577/1235/1214
f 577/1235/1214 720/1178/1158 721/1176/1156
f 577/1235/1214 721/1176/1156 578/1236/1215
f 578/1236/1215 721/1176/1156 722/1174/1154
f 578/1236/1215 722/1174/1154 579/1237/1216
f 579/1237/1216 722/1174/1154 723/1172/1152
f 579/1237/1216 723/1172/1152 580/1213/1193
f 580/1213/1193 723/1172/1152 724/1170/1150
f 232/1238/1217 582/1239/1218 209/1240/1219
f 209/1240/1219 582/1239/1218 581/1241/1220
f 209/1242/1219 581/1243/1220 210/1244/1221
f 210/1244/1221 581/1243/1220 604/1245/1222
f 210/1244/1221 604/1245/1222 211/1246/1223
f 211/1246/1223 604/1245/1222 603/1247/1224
f 211/1246/1223 603/1247/1224 212/1248/1225
f 212/1248/1225 603/1247/1224 602/1249/1226
f 212/1248/1225 602/1249/1226 213/1250/1227
f 213/1250/1227 602/1249/1226 601/1251/1228
f 213/1250/1227 601/1251/1228 214/1252/1229
f 214/1252/1229 601/1251/1228 600/1253/1230
f 214/1252/1229 600/1253/1230 215/1254/1231
f 215/1254/1231 600/1253/1230 599/1255/1232
f 215/1254/1231 599/1255/1232 216/1256/1233
f 216/1256/1233 599/1255/1232 598/1257/1234
f 216/1256/1233 598/1257/1234 217/1258/1235
f 217/1258/1235 598/1257/1234 597/1259/1236
f 217/1258/1235 597/1259/1236 218/1260/1237
f 218/1260/1237 597/1259/1236 596/1261/1238
f 218/1260/1237 596/1261/1238 219/1262/1239
f 219/1262/1239 596/1261/1238 595/1263/1240
f 219/1262/1239 595/1263/1240 220/1264/1241
f 220/1264/1241 595/1263/1240 594/1265/1242
f 220/1264/1241 594/1265/1242 221/1266/1243
f 221/1266/1243 594/1265/1242 593/1267/1244
f 221/1266/1243 593/1267/1244 222/1268/1245
f 222/1268/1245 593/1267/1244 592/1269/1246
f 222/1268/1245 592/1269/1246 223/1270/1247
f 223/1270/1247 592/1269/1246 591/1271/1248
f 223/1270/1247 591/1271/1248 224/1272/1249
f 224/1272/1249 591/1271/1248 590/1273/1250
f 224/1272/1249 590/1273/1250 225/1274/1251
f 225/1274/1251 590/1273/1250 589/1275/1252
f 225/1274/1251 589/1275/1252 226/1276/1253
f 226/1276/1253 589/1275/1252 588/1277/1254
f 226/1276/1253 588/1277/1254 227/1278/1255
f 227/1278/1255 588/1277/1254 587/1279/1256
f 227/1278/1255 587/1279/1256 228/1280/1257
f 228/1280/1257 587/1279/1256 586/1281/1258
f 228/1280/1257 586/1281/1258 229/1282/1259
f 229/1282/1259 586/1281/1258 585/1283/1260
f 229/1282/1259 585/1283/1260 230/1284/1261
f 230/1284/1261 585/1283/1260 584/1285/1262
f 230/1284/1261 584/1285/1262 231/1286/1263
f 231/1286/1263 584/1285/1262 583/1287/1264
f 231/1286/1263 583/1287/1264 232/1238/1217
f 232/1238/1217 583/1287/1264 582/1239/1218
f 628/1288/1265 162/1289/1266 605/1290/1267
f 605/1290/1267 162/1289/1266 161/1291/1268
f 605/1292/1267 161/1293/1268 606/1294/1269
f 606/1294/1269 161/1293/1268 184/1295/1270
f 606/1294/1269 184/1295/1270 607/1296/1271
f 607/1296/1271 184/1295/1270 183/1297/1272
f 607/1296/1271 183/1297/1272 608/1298/1273
f 608/1298/1273 183/1297/1272 182/1299/1274
f 608/1298/1273 182/1299/1274 609/1300/1275
f 609/1300/1275 182/1299/1274 181/1301/1276
f 609/1300/1275 181/1301/1276 610/1302/1277
f 610/1302/1277 181/1301/1276 180/1303/1278
f 610/1302/1277 180/1303/1278 611/1304/1279
f 611/1304/1279 180/1303/1278 179/1305/1280
f 611/1304/1279 179/1305/1280 612/1306/1281
f 612/1306/1281 179/1305/1280 178/1307/1282
f 612/1306/1281 178/1307/1282 613/1308/1283
f 613/1308/1283 178/1307/1282 177/1309/1284
f 613/1308/1283 177/1309/1284 614/1310/1285
f 614/1310/1285 177/1309/1284 176/1311/1286
f 614/1310/1285 176/1311/1286 615/1312/1287
f 615/1312/1287 176/1311/1286 175/1313/1288
f 615/1312/1287 175/1313/1288 616/1314/1289
f 616/1314/1289 175/1313/1288 174/1315/1290
f 616/1314/1289 174/1315/1290 617/1316/1291
f 617/1316/1291 174/1315/1290 173/1317/1292
f 617/1316/1291 173/1317/1292 618/1318/1293
f 618/1318/1293 173/1317/1292 172/1319/1294
f 618/1318/1293 172/1319/1294 619/1320/1295
f 619/1320/1295 172/1319/1294 171/1321/1296
f 619/1320/1295 171/1321/1296 620/1322/1297
f 620/1322/1297 171/1321/1296 170/1323/1298
f 620/1322/1297 170/1323/1298 621/1324/1299
f 621/1324/1299 170/1323/1298 169/1325/1300
f 621/1324/1299 169/1325/1300 622/1326/1301
f 622/1326/1301 169/1325/1300 168/1327/1302
f 622/1326/1301 168/1327/1302 623/1328/1303
f 623/1328/1303 168/1327/1302 167/1329/1304
f 623/1328/1303 167/1329/1304 624/1330/1305
f 624/1330/1305 167/1329/1304 166/1331/1306
f 624/1330/1305 166/1331/1306 625/1332/1307
f 625/1332/1307 166/1331/1306 165/1333/1308
f 625/1332/1307 165/1333/1308 626/1334/1309
f 626/1334/1309 165/1333/1308 164/1335/1310
f 626/1334/1309 164/1335/1310 627/1336/1311
f 627/1336/1311 164/1335/1310 163/1337/1312
f 627/1336/1311 163/1337/1312 628/1288/1265
f 628/1288/1265 163/1337/1312 162/1289/1266
f 652/1338/1313 186/1339/1314 629/1340/1315
f 629/1340/1315 186/1339/1314 185/1341/1316
f 629/1342/1315 185/1343/1316 630/1344/1317
f 630/1344/1317 185/1343/1316 208/1345/1318
f 630/1344/1317 208/1345/1318 631/1346/1319
f 631/1346/1319 208/1345/1318 207/1347/1320
f 631/1346/1319 207/1347/1320 632/1348/1321
f 632/1348/1321 207/1347/1320 206/1349/1322
f 632/1348/1321 206/1349/1322 633/1350/1323
f 633/1350/1323 206/1349/1322 205/1351/1324
f 633/1350/1323 205/1351/1324 634/1352/1325
f 634/1352/1325 205/1351/1324 204/1353/1326
f 634/1352/1325 204/1353/1326 635/1354/1327
f 635/1354/1327 204/1353/1326 203/1355/1328
f 635/1354/1327 203/1355/1328 636/1356/1329
f 636/1356/1329 203/1355/1328 202/1357/1330
f 636/1356/1329 202/1357/1330 637/1358/1331
f 637/1358/1331 202/1357/1330 201/1359/1332
f 637/1358/1331 201/1359/1332 638/1360/1333
f 638/1360/1333 201/1359/1332 200/1361/1334
f 638/1360/1333 200/1361/1334 639/1362/1335
f 639/1362/1335 200/1361/1334 199/1363/1336
f 639/1362/1335 199/1363/1336 640/1364/1337
f 640/1364/1337 199/1363/1336 198/1365/1338
f 640/1364/1337 198/1365/1338 641/1366/1339
f 641/1366/1339 198/1365/1338 197/1367/1340
f 641/1366/1339 197/1367/1340 642/1368/1341
f 642/1368/1341 197/1367/1340 196/1369/1342
f 642/1368/1341 196/1369/1342 643/1370/1343
f 643/1370/1343 196/1369/1342 195/1371/1344
f 643/1370/1343 195/1371/1344 644/1372/1345
f 644/1372/1345 195/1371/1344 194/1373/1346
f 644/1372/1345 194/1373/1346 645/1374/1347
f 645/1374/1347 194/1373/1346 193/1375/1348
f 645/1374/1347 193/1375/1348 646/1376/1349
f 646/1376/1349 193/1375/1348 192/1377/1350
f 646/1376/1349 192/1377/1350 647/1378/1351
f 647/1378/1351 192/1377/1350 191/1379/1352
f 647/1378/1351 191/1379/1352 648/1380/1353
f 648/1380/1353 191/1379/1352 190/1381/1354
f 648/1380/1353 190/1381/1354 649/1382/1355
f 649/1382/1355 190/1381/1354 189/1383/1356
f 649/1382/1355 189/1383/1356 650/1384/1357
f 650/1384/1357 189/1383/1356 188/1385/1358
f 650/1384/1357 188/1385/1358 651/1386/1359
f 651/1386/1359 188/1385/1358 187/1387/1360
f 651/1386/1359 187/1387/1360 652/1338/1313
f 652/1338/1313 187/1387/1360 186/1339/1314
f 502/1388/1361 727/1389/1362 479/1390/1363
f 479/1390/1363 727/1389/1362 725/1391/1364
f 479/1392/1363 725/1393/1364 480/1394/1365
f 480/1394/1365 725/1393/1364 771/1395/1366
f 480/1394/1365 771/1395/1366 481/1396/1367
f 481/1396/1367 771/1395/1366 769/1397/1368
f 481/1396/1367 769/1397/1368 482/1398/1369
f 482/1398/1369 769/1397/1368 767/1399/1370
f 482/1398/1369 767/1399/1370 483/1400/1371
f 483/1400/1371 767/1399/1370 765/1401/1372
f 483/1400/1371 765/1401/1372 484/1402/1373
f 484/1402/1373 765/1401/1372 763/1403/1374
f 484/1402/1373 763/1403/1374 485/1404/1375
f 485/1404/1375 763/1403/1374 761/1405/1376
f 485/1404/1375 761/1405/1376 486/1406/1377
f 486/1406/1377 761/1405/1376 759/1407/1378
f 486/1406/1377 759/1407/1378 487/1408/1379
f 487/1408/1379 759/1407/1378 757/1409/1380
f 487/1408/1379 757/1409/1380 488/1410/1381
f 488/1410/1381 757/1409/1380 755/1411/1382
f 488/1410/1381 755/1411/1382 489/1412/1383
f 489/1412/1383 755/1411/1382 753/1413/1384
f 489/1412/1383 753/1413/1384 490/1414/1385
f 490/1414/1385 753/1413/1384 751/1415/1386
f 490/1414/1385 751/1415/1386 491/1416/1387
f 491/1416/1387 751/1415/1386 749/1417/1388
f 491/1416/1387 749/1417/1388 492/1418/1389
f 492/1418/1389 749/1417/1388 747/1419/1390
f 492/1418/1389 747/1419/1390 493/1420/1391
f 493/1420/1391 747/1419/1390 745/1421/1392
f 493/1420/1391 745/1421/1392 494/1422/1393
f 494/1422/1393 745/1421/1392 743/1423/1394
f 494/1422/1393 743/1423/1394 495/1424/1395
f 495/1424/1395 743/1423/1394 741/1425/1396
f 495/1424/1395 741/1425/1396 496/1426/1397
f 496/1426/1397 741/1425/1396 739/1427/1398
f 496/1426/1397 739/1427/1398 497/1428/1399
f 497/1428/1399 739/1427/1398 737/1429/1400
f 497/1428/1399 737/1429/1400 498/1430/1401
f 498/1430/1401 737/1429/1400 735/1431/1402
f 498/1430/1401 735/1431/1402 499/1432/1403
f 499/1432/1403 735/1431/1402 733/1433/1404
f 499/1432/1403 733/1433/1404 500/1434/1405
f 500/1434/1405 733/1433/1404 731/1435/1406
f 500/1434/1405 731/1435/1406 501/1436/1407
f 501/1436/1407 731/1435/1406 729/1437/1408
f 501/1436/1407 729/1437/1408 502/1388/1361
f 502/1388/1361 729/1437/1408 727/1389/1362
f 676/1438/1409 772/1439/1410 653/1440/1411
f 653/1440/1411 772/1439/1410 726/1441/1412
f 653/1442/1411 726/1443/1412 654/1444/1413
f 654/1444/1413 726/1443/1412 728/1445/1414
f 654/1444/1413 728/1445/1414 655/1446/1415
f 655/1446/1415 728/1445/1414 730/1447/1416
f 655/1446/1415 730/1447/1416 656/1448/1417
f 656/1448/1417 730/1447/1416 732/1449/1418
f 656/1448/1417 732/1449/1418 657/1450/1419
f 657/1450/1419 732/1449/1418 734/1451/1420
f 657/1450/1419 734/1451/1420 658/1452/1421
f 658/1452/1421 734/1451/1420 736/1453/1422
f 658/1452/1421 736/1453/1422 659/1454/1423
f 659/1454/1423 736/1453/1422 738/1455/1424
f 659/1454/1423 738/1455/1424 660/1456/1425
f 660/1456/1425 738/1455/1424 740/1457/1426
f 660/1456/1425 740/1457/1426 661/1458/1427
f 661/1458/1427 740/1457/1426 742/1459/1428
f 661/1458/1427 742/1459/1428 662/1460/1429
f 662/1460/1429 742/1459/1428 744/1461/1430
f 662/1460/1429 744/1461/1430 663/1462/1431
f 663/1462/1431 744/1461/1430 746/1463/1432
f 663/1462/1431 746/1463/1432 664/1464/1433
f 664/1464/1433 746/1463/1432 748/1465/1434
f 664/1464/1433 748/1465/1434 665/1466/1435
f 665/1466/1435 748/1465/1434 750/1467/1436
f 665/1466/1435 750/1467/1436 666/1468/1437
f 666/1468/1437 750/1467/1436 752/1469/1438
f 666/1468/1437 752/1469/1438 667/1470/1439
f 667/1470/1439 752/1469/1438 754/1471/1440
f 667/1470/1439 754/1471/1440 668/1472/1441
f 668/1472/1441 754/1471/1440 756/1473/1442
f 668/1472/1441 756/1473/1442 669/1474/1443
f 669/1474/1443 756/1473/1442 758/1475/1444
f 669/1474/1443 758/1475/1444 670/1476/1445
f 670/1476/1445 758/1475/1444 760/1477/1446
f 670/1476/1445 760/1477/1446 671/1478/1447
f 671/1478/1447 760/1477/1446 762/1479/1448
f 671/1478/1447 762/1479/1448 672/1480/1449
f 672/1480/1449 762/1479/1448 764/1481/1450
f 672/1480/1449 764/1481/1450 673/1482/1451
f 673/1482/1451 764/1481/1450 766/1483/1452
f 673/1482/1451 766/1483/1452 674/1484/1453
f 674/1484/1453 766/1483/1452 768/1485/1454
f 674/1484/1453 768/1485/1454 675/1486/1455
f 675/1486/1455 768/1485/1454 770/1487/1456
f 675/1486/1455 770/1487/1456 676/1438/1409
f 676/1438/1409 770/1487/1456 772/1439/1410
f 725/1393/1364 726/1441/1412 771/1395/1366
f 771/1395/1366 726/1441/1412 772/1439/1410
f 771/1395/1366 772/1439/1410 769/1397/1368
f 769/1397/1368 772/1439/1410 770/1487/1456
f 769/1397/1368 770/1487/1456 767/1399/1370
f 767/1399/1370 770/1487/1456 768/1485/1454
f 767/1399/1370 768/1485/1454 765/1401/1372
f 765/1401/1372 768/1485/1454 766/1483/1452
f 765/1401/1372 766/1483/1452 763/1403/1374
f 763/1403/1374 766/1483/1452 764/1481/1450
f 763/1403/1374 764/1481/1450 761/1405/1376
f 761/1405/1376 764/1481/1450 762/1479/1448
f 761/1405/1376 762/1479/1448 759/1407/1378
f 759/1407/1378 762/1479/1448 760/1477/1446
f 759/1407/1378 760/1477/1446 757/1409/1380
f 757/1409/1380 760/1477/1446 758/1475/1444
f 757/1409/1380 758/1475/1444 755/1411/1382
f 755/1411/1382 758/1475/1444 756/1473/1442
f 755/1411/1382 756/1473/1442 753/1413/1384
f 753/1413/1384 756/1473/1442 754/1471/1440
f 753/1413/1384 754/1471/1440 751/1415/1386
f 751/1415/1386 754/1471/1440 752/1469/1438
f 751/1415/1386 752/1469/1438 749/1417/1388
f 749/1417/1388 752/1469/1438 750/1467/1436
f 749/1417/1388 750/1467/1436 747/1419/1390
f 747/1419/1390 750/1467/1436 748/1465/1434
f 747/1419/1390 748/1465/1434 745/1421/1392
f 745/1421/1392 748/1465/1434 746/1463/1432
f 745/1421/1392 746/1463/1432 743/1423/1394
f 743/1423/1394 746/1463/1432 744/1461/1430
f 743/1423/1394 744/1461/1430 741/1425/1396
f 741/1425/1396 744/1461/1430 742/1459/1428
f 741/1425/1396 742/1459/1428 739/1427/1398
f 739/1427/1398 742/1459/1428 740/1457/1426
f 739/1427/1398 740/1457/1426 737/1429/1400
f 737/1429/1400 740/1457/1426 738/1455/1424
f 737/1429/1400 738/1455/1424 735/1431/1402
f 735/1431/1402 738/1455/1424 736/1453/1422
f 735/1431/1402 736/1453/1422 733/1433/1404
f 733/1433/1404 736/1453/1422 734/1451/1420
f 733/1433/1404 734/1451/1420 731/1435/1406
f 731/1435/1406 734/1451/1420 732/1449/1418
f 731/1435/1406 732/1449/1418 729/1437/1408
f 729/1437/1408 732/1449/1418 730/1447/1416
f 729/1437/1408 730/1447/1416 727/1389/1362
f 727/1389/1362 730/1447/1416 728/1445/1414
f 727/1389/1362 728/1445/1414 725/1391/1364
f 725/1391/1364 728/1445/1414 726/1443/1412
f 358/1488/1457 357/1489/1458 776/1490/1459
f 776/1490/1459 357/1489/1458 388/1491/1460
f 776/1490/1459 388/1491/1460 777/1492/1461
f 777/1492/1461 388/1491/1460 387/1493/1462
f 777/1492/1461 387/1493/1462 779/1494/1463
f 779/1494/1463 387/1493/1462 386/1495/1464
f 779/1494/1463 386/1495/1464 781/1496/1465
f 781/1496/1465 386/1495/1464 385/1497/1466
f 781/1496/1465 385/1497/1466 384/1498/1467
f 781/1496/1465 384/1498/1467 783/1499/1468
f 783/1499/1468 384/1498/1467 383/1500/1469
f 783/1499/1468 383/1500/1469 785/1501/1470
f 785/1501/1470 383/1500/1469 382/1502/1471
f 785/1501/1470 382/1502/1471 774/1503/1472
f 774/1503/1472 382/1502/1471 381/1504/1473
f 774/1505/1472 381/1506/1473 380/1507/1474
f 774/1505/1472 380/1507/1474 787/1508/1475
f 787/1508/1475 380/1507/1474 379/1509/1476
f 787/1508/1475 379/1509/1476 789/1510/1477
f 789/1510/1477 379/1509/1476 378/1511/1478
f 789/1510/1477 378/1511/1478 791/1512/1479
f 791/1512/1479 378/1511/1478 377/1513/1480
f 791/1512/1479 377/1513/1480 376/1514/1481
f 791/1512/1479 376/1514/1481 793/1515/1482
f 793/1515/1482 376/1514/1481 375/1516/1483
f 793/1515/1482 375/1516/1483 795/1517/1484
f 795/1517/1484 375/1516/1483 374/1518/1485
f 795/1517/1484 374/1518/1485 797/1519/1486
f 797/1519/1486 374/1518/1485 373/1520/1487
f 797/1519/1486 373/1520/1487 372/1521/1488
f 797/1519/1486 372/1521/1488 799/1522/1489
f 799/1522/1489 372/1521/1488 371/1523/1490
f 799/1522/1489 371/1523/1490 801/1524/1491
f 801/1524/1491 371/1523/1490 370/1525/1492
f 801/1524/1491 370/1525/1492 803/1526/1493
f 803/1526/1493 370/1525/1492 369/1527/1494
f 803/1526/1493 369/1527/1494 368/1528/1495
f 803/1526/1493 368/1528/1495 805/1529/1496
f 805/1529/1496 368/1528/1495 367/1530/1497
f 805/1529/1496 367/1530/1497 807/1531/1498
f 807/1531/1498 367/1530/1497 366/1532/1499
f 807/1531/1498 366/1532/1499 809/1533/1500
f 809/1533/1500 366/1532/1499 365/1534/1501
f 809/1533/1500 365/1534/1501 364/1535/1502
f 809/1533/1500 364/1535/1502 811/1536/1503
f 811/1536/1503 364/1535/1502 363/1537/1504
f 811/1536/1503 363/1537/1504 813/1538/1505
f 813/1538/1505 363/1537/1504 362/1539/1506
f 813/1538/1505 362/1539/1506 815/1540/1507
f 815/1540/1507 362/1539/1506 361/1541/1508
f 815/1540/1507 361/1541/1508 360/1542/1509
f 815/1540/1507 360/1542/1509 817/1543/1510
f 817/1543/1510 360/1542/1509 359/1544/1511
f 817/1543/1510 359/1544/1511 819/1545/1512
f 819/1545/1512 359/1544/1511 358/1488/1457
f 819/1545/1512 358/1488/1457 776/1490/1459
f 700/1546/1513 786/1547/1514 677/1548/1515
f 677/1548/1515 786/1547/1514 773/1549/1516
f 677/1550/1515 773/1551/1516 678/1552/1517
f 678/1552/1517 773/1551/1516 788/1553/1518
f 678/1552/1517 788/1553/1518 679/1554/1519
f 679/1554/1519 788/1553/1518 790/1555/1520
f 679/1554/1519 790/1555/1520 680/1556/1521
f 680/1556/1521 790/1555/1520 792/1557/1522
f 680/1556/1521 792/1557/1522 681/1558/1523
f 681/1558/1523 792/1557/1522 794/1559/1524
f 681/1558/1523 794/1559/1524 682/1560/1525
f 682/1560/1525 794/1559/1524 796/1561/1526
f 682/1560/1525 796/1561/1526 683/1562/1527
f 683/1562/1527 796/1561/1526 798/1563/1528
f 683/1562/1527 798/1563/1528 684/1564/1529
f 684/1564/1529 798/1563/1528 800/1565/1530
f 684/1564/1529 800/1565/1530 685/1566/1531
f 685/1566/1531 800/1565/1530 802/1567/1532
f 685/1566/1531 802/1567/1532 686/1568/1533
f 686/1568/1533 802/1567/1532 804/1569/1534
f 686/1568/1533 804/1569/1534 687/1570/1535
f 687/1570/1535 804/1569/1534 806/1571/1536
f 687/1570/1535 806/1571/1536 688/1572/1537
f 688/1572/1537 806/1571/1536 808/1573/1538
f 688/1572/1537 808/1573/1538 689/1574/1539
f 689/1574/1539 808/1573/1538 810/1575/1540
f 689/1574/1539 810/1575/1540 690/1576/1541
f 690/1576/1541 810/1575/1540 812/1577/1542
f 690/1576/1541 812/1577/1542 691/1578/1543
f 691/1578/1543 812/1577/1542 814/1579/1544
f 691/1578/1543 814/1579/1544 692/1580/1545
f 692/1580/1545 814/1579/1544 816/1581/1546
f 692/1580/1545 816/1581/1546 693/1582/1547
f 693/1582/1547 816/1581/1546 818/1583/1548
f 693/1582/1547 818/1583/1548 694/1584/1549
f 694/1584/1549 818/1583/1548 820/1585/1550
f 694/1584/1549 820/1585/1550 695/1586/1551
f 695/1586/1551 820/1585/1550 775/1587/1552
f 695/1586/1551 775/1587/1552 696/1588/1553
f 696/1588/1553 775/1587/1552 778/1589/1554
f 696/1588/1553 778/1589/1554 697/1590/1555
f 697/1590/1555 778/1589/1554 780/1591/1556
f 697/1590/1555 780/1591/1556 698/1592/1557
f 698/1592/1557 780/1591/1556 782/1593/1558
f 698/1592/1557 782/1593/1558 699/1594/1559
f 699/1594/1559 782/1593/1558 784/1595/1560
f 699/1594/1559 784/1595/1560 700/1546/1513
f 700/1546/1513 784/1595/1560 786/1547/1514
f 773/1551/1516 774/1505/1472 788/1553/1518
f 788/1553/1518 774/1505/1472 787/1508/1475
f 788/1553/1518 787/1508/1475 790/1555/1520
f 790/1555/1520 787/1508/1475 789/1510/1477
f 790/1555/1520 789/1510/1477 792/1557/1522
f 792/1557/1522 789/1510/1477 791/1512/1479
f 792/1557/1522 791/1512/1479 794/1559/1524
f 794/1559/1524 791/1512/1479 793/1515/1482
f 794/1559/1524 793/1515/1482 796/1561/1526
f 796/1561/1526 793/1515/1482 795/1517/1484
f 796/1561/1526 795/1517/1484 798/1563/1528
f 798/1563/1528 795/1517/1484 797/1519/1486
f 798/1563/1528 797/1519/1486 800/1565/1530
f 800/1565/1530 797/1519/1486 799/1522/1489
f 800/1565/1530 799/1522/1489 802/1567/1532
f 802/1567/1532 799/1522/1489 801/1524/1491
f 802/1567/1532 801/1524/1491 804/1569/1534
f 804/1569/1534 801/1524/1491 803/1526/1493
f 804/1569/1534 803/1526/1493 806/1571/1536
f 806/1571/1536 803/1526/1493 805/1529/1496
f 806/1571/1536 805/1529/1496 808/1573/1538
f 808/1573/1538 805/1529/1496 807/1531/1498
f 808/1573/1538 807/1531/1498 810/1575/1540
f 810/1575/1540 807/1531/1498 809/1533/1500
f 810/1575/1540 809/1533/1500 812/1577/1542
f 812/1577/1542 809/1533/1500 811/1536/1503
f 812/1577/1542 811/1536/1503 814/1579/1544
f 814/1579/1544 811/1536/1503 813/1538/1505
f 814/1579/1544 813/1538/1505 816/1581/1546
f 816/1581/1546 813/1538/1505 815/1540/1507
f 816/1581/1546 815/1540/1507 818/1583/1548
f 818/1583/1548 815/1540/1507 817/1543/1510
f 818/1583/1548 817/1543/1510 820/1585/1550
f 820/1585/1550 817/1543/1510 819/1545/1512
f 820/1585/1550 819/1545/1512 775/1587/1552
f 775/1587/1552 819/1545/1512 776/1490/1459
f 775/1587/1552 776/1490/1459 778/1589/1554
f 778/1589/1554 776/1490/1459 777/1492/1461
f 778/1589/1554 777/1492/1461 780/1591/1556
f 780/1591/1556 777/1492/1461 779/1494/1463
f 780/1591/1556 779/1494/1463 782/1593/1558
f 782/1593/1558 779/1494/1463 781/1496/1465
f 782/1593/1558 781/1496/1465 784/1595/1560
f 784/1595/1560 781/1496/1465 783/1499/1468
f 784/1595/1560 783/1499/1468 786/1547/1514
f 786/1547/1514 783/1499/1468 785/1501/1470
f 786/1547/1514 785/1501/1470 773/1549/1516
f 773/1549/1516 785/1501/1470 774/1503/1472
f 261/1596/1561 264/1597/1562 555/1598/1563
f 555/1598/1563 264/1597/1562 556/1599/1564
f 262/1600/1565 261/1601/1566 554/1602/1567
f 554/1602/1567 261/1601/1566 555/1603/1568
f 257/1604/1569 260/1605/1570 527/1606/1571
f 527/1606/1571 260/1605/1570 528/1607/1572
f 258/1608/1573 257/1609/1574 526/1610/1575
f 526/1610/1575 257/1609/1574 527/1611/1576
f 253/1612/1577 256/1613/1578 531/1614/1579
f 531/1614/1579 256/1613/1578 532/1615/1580
f 254/1616/1581 253/1617/1582 530/1618/1583
f 530/1618/1583 253/1617/1582 531/1619/1584
f 249/1620/1585 252/1621/1586 551/1622/1587
f 551/1622/1587 252/1621/1586 552/1623/1588
f 250/1624/1589 249/1625/1590 550/1626/1591
f 550/1626/1591 249/1625/1590 551/1627/1592
f 245/1628/1593 248/1629/1594 537/1630/1595
f 537/1630/1595 248/1629/1594 538/1631/1596
f 246/1632/1597 245/1633/1598 540/1634/1599
f 540/1634/1599 245/1633/1598 537/1635/1600
f 241/1636/1601 244/1637/1602 535/1638/1603
f 535/1638/1603 244/1637/1602 536/1639/1604
f 242/1640/1605 241/1641/1606 534/1642/1607
f 534/1642/1607 241/1641/1606 535/1643/1608
f 237/1644/1609 240/1645/1610 543/1646/1611
f 543/1646/1611 240/1645/1610 544/1647/1612
f 238/1648/1613 237/1649/1614 542/1650/1615
f 542/1650/1615 237/1649/1614 543/1651/1616
f 233/1652/1617 236/1653/1618 547/1654/1619
f 547/1654/1619 236/1653/1618 548/1655/1620
f 234/1656/1621 233/1657/1622 546/1658/1623
f 546/1658/1623 233/1657/1622 547/1659/1624
f 252/1660/1625 251/1661/1626 552/1662/1627
f 552/1662/1627 251/1661/1626 549/1663/1628
f 251/1664/1629 250/1665/1630 549/1666/1631
f 549/1666/1631 250/1665/1630 550/1667/1632
f 240/1668/1633 239/1669/1634 544/1670/1635
f 544/1670/1635 239/1669/1634 541/1671/1636
f 239/1672/1637 238/1673/1638 541/1674/1639
f 541/1674/1639 238/1673/1638 542/1675/1640
f 256/1676/1641 255/1677/1642 532/1678/1643
f 532/1678/1643 255/1677/1642 529/1679/1644
f 255/1680/1645 254/1681/1646 529/1682/1647
f 529/1682/1647 254/1681/1646 530/1683/1648
f 260/1684/1649 259/1685/1650 528/1686/1651
f 528/1686/1651 259/1685/1650 525/1687/1652
f 259/1688/1653 258/1689/1654 525/1690/1655
f 525/1690/1655 258/1689/1654 526/1691/1656
f 244/1692/1657 243/1693/1658 536/1694/1659
f 536/1694/1659 243/1693/1658 533/1695/1660
f 243/1696/1661 242/1697/1662 533/1698/1663
f 533/1698/1663 242/1697/1662 534/1699/1664
f 236/1700/1665 235/1701/1666 548/1702/1667
f 548/1702/1667 235/1701/1666 545/1703/1668
f 235/1704/1669 234/1705/1670 545/1706/1671
f 545/1706/1671 234/1705/1670 546/1707/1672
f 264/1708/1673 263/1709/1674 556/1710/1675
f 556/1710/1675 263/1709/1674 553/1711/1676
f 263/1712/1677 262/1713/1678 553/1714/1679
f 553/1714/1679 262/1713/1678 554/1715/1680
f 247/1716/1681 246/1717/1682 539/1718/1683
f 539/1718/1683 246/1717/1682 540/1719/1684
f 248/1720/1685 247/1721/1686 538/1722/1687
f 538/1722/1687 247/1721/1686 539/1723/1688
f 524/1724/1143 294/1725/1144 349/1726/1689
f 349/1726/1689 294/1725/1144 350/1727/1690
f 350/1727/1690 294/1725/1144 353/1728/1691
f 353/1728/1691 294/1725/1144 293/1729/1692
# 820 vertices
# 1729 texture params
# 1692 normals
# 1720 facets

# 1 groups
