# WaveFront *.obj file (generated by Autodesk ATF)

mtllib inside-L.mtl

g inside-L

v 143.500000 8.000070 -29.100000
v 93.650000 8.000070 -29.100000
v 93.650000 17.800000 -29.100000
v 93.500000 17.800000 -29.100000
v 93.500000 14.359070 -29.100000
v 0.800000 14.359070 -29.100000
v 0.800000 -2.000000 -29.100000
v 43.800000 -2.000000 -29.100000
v 43.800000 6.000000 -29.100000
v 143.500000 6.000000 -29.100000
v 143.500000 8.000000 -29.100000
v 145.500000 8.000000 -29.100000
v 145.500000 -4.000000 -29.100000
v 182.500000 -4.000000 -29.100000
v 182.500000 29.500000 -29.100000
v 143.500000 29.500000 -29.100000
v 147.500000 27.000000 -29.100000
v 147.551111 27.388229 -29.100000
v 147.700962 27.750000 -29.100000
v 147.939340 28.060660 -29.100000
v 148.250000 28.299038 -29.100000
v 148.611771 28.448889 -29.100000
v 149.000000 28.500000 -29.100000
v 149.388229 28.448889 -29.100000
v 149.750000 28.299038 -29.100000
v 150.060660 28.060660 -29.100000
v 150.299038 27.750000 -29.100000
v 150.448889 27.388229 -29.100000
v 150.500000 27.000000 -29.100000
v 150.448889 26.611771 -29.100000
v 150.299038 26.250000 -29.100000
v 150.060660 25.939340 -29.100000
v 149.750000 25.700962 -29.100000
v 149.388229 25.551111 -29.100000
v 149.000000 25.500000 -29.100000
v 148.611771 25.551111 -29.100000
v 148.250000 25.700962 -29.100000
v 147.939340 25.939340 -29.100000
v 147.700962 26.250000 -29.100000
v 147.551111 26.611771 -29.100000
v 93.650000 15.000000 -31.100000
v -1.200000 15.000000 -31.100000
v -1.200000 28.099800 -21.743000
v 1.800000 28.099800 -21.743000
v 1.800000 30.100000 -20.314286
v 18.800000 30.100000 -20.314286
v 18.800000 40.200000 -13.100000
v 182.500000 40.200000 -13.100000
v 182.500000 31.000000 -19.671429
v 143.500000 31.000000 -19.671429
v 143.500000 29.500000 -20.742857
v 93.500000 29.500000 -20.742857
v 170.500000 33.200000 -18.100000
v 170.695090 33.219215 -18.086275
v 170.882683 33.276120 -18.045628
v 171.055570 33.368530 -17.979621
v 171.207107 33.492893 -17.890791
v 171.331470 33.644430 -17.782550
v 171.423880 33.817317 -17.659060
v 171.480785 34.004910 -17.525065
v 171.500000 34.200000 -17.385714
v 171.480785 34.395090 -17.246364
v 171.423880 34.582683 -17.112369
v 171.331470 34.755570 -16.988878
v 171.207107 34.907107 -16.880638
v 171.055570 35.031470 -16.791807
v 170.882683 35.123880 -16.725800
v 170.695090 35.180785 -16.685153
v 170.500000 35.200000 -16.671429
v 170.304910 35.180785 -16.685153
v 170.117317 35.123880 -16.725800
v 169.944430 35.031470 -16.791807
v 169.792893 34.907107 -16.880638
v 169.668530 34.755570 -16.988878
v 169.576120 34.582683 -17.112369
v 169.519215 34.395090 -17.246364
v 169.500000 34.200000 -17.385714
v 169.519215 34.004910 -17.525065
v 169.576120 33.817317 -17.659060
v 169.668530 33.644430 -17.782550
v 169.792893 33.492893 -17.890791
v 169.944430 33.368530 -17.979621
v 170.117317 33.276120 -18.045628
v 170.304910 33.219215 -18.086275
v 93.500000 29.500000 -18.285050
v 145.500000 29.500000 -18.285050
v 145.500000 29.759070 -18.100000
v 182.500000 29.759070 -18.100000
v 182.500000 38.200000 -12.070764
v 170.500000 38.200000 -12.070764
v 171.280361 38.123141 -12.125663
v 172.030734 37.895518 -12.288251
v 172.722281 37.525878 -12.552280
v 173.328427 37.028427 -12.907602
v 173.825878 36.422281 -13.340564
v 174.195518 35.730734 -13.834526
v 174.423141 34.980361 -14.370506
v 174.500000 34.200000 -14.927907
v 174.423141 33.419639 -15.485308
v 174.195518 32.669266 -16.021288
v 173.825878 31.977719 -16.515251
v 173.328427 31.371573 -16.948212
v 172.722281 30.874122 -17.303535
v 172.030734 30.504482 -17.567563
v 171.280361 30.276859 -17.730151
v 170.500000 30.200000 -17.785050
v 169.719639 30.276859 -17.730151
v 168.969266 30.504482 -17.567563
v 168.277719 30.874122 -17.303535
v 167.671573 31.371573 -16.948212
v 167.174122 31.977719 -16.515251
v 166.804482 32.669266 -16.021288
v 166.576859 33.419639 -15.485308
v 166.500000 34.200000 -14.927907
v 166.576859 34.980361 -14.370506
v 166.804482 35.730734 -13.834526
v 167.174122 36.422281 -13.340564
v 167.671573 37.028427 -12.907602
v 168.277719 37.525878 -12.552280
v 168.969266 37.895518 -12.288251
v 169.719639 38.123141 -12.125663
v 18.800000 38.200000 -12.070764
v 18.800000 30.100000 -17.856478
v 15.800000 30.100000 -17.856478
v 15.800000 26.100000 -20.713621
v 11.800000 26.100000 -20.713621
v 11.800000 30.100000 -17.856478
v 5.800000 30.100000 -17.856478
v 5.800000 26.100000 -20.713621
v 1.800000 26.100000 -20.713621
v 0.800000 26.100000 -20.713621
v 182.500000 29.500000 -18.100000
v 145.500000 29.500000 -18.100000
v 93.650000 8.000070 -31.100000
v 143.500000 8.000070 -31.100000
v 166.000000 -17.000000 -12.600000
v 169.000000 -17.000000 -12.600000
v 169.000000 -4.000000 -12.600000
v 166.000000 -4.000000 -12.600000
v 169.000000 -17.000000 -22.100000
v 169.000000 -4.000000 -22.100000
v 166.000000 -4.000000 -22.100000
v 166.000000 -17.000000 -22.100000
v 147.500000 27.000000 -31.100000
v 147.551111 27.388229 -31.100000
v 147.700962 27.750000 -31.100000
v 147.939340 28.060660 -31.100000
v 148.250000 28.299038 -31.100000
v 148.611771 28.448889 -31.100000
v 149.000000 28.500000 -31.100000
v 149.388229 28.448889 -31.100000
v 149.750000 28.299038 -31.100000
v 150.060660 28.060660 -31.100000
v 150.299038 27.750000 -31.100000
v 150.448889 27.388229 -31.100000
v 150.500000 27.000000 -31.100000
v 150.448889 26.611771 -31.100000
v 150.299038 26.250000 -31.100000
v 150.060660 25.939340 -31.100000
v 149.750000 25.700962 -31.100000
v 149.388229 25.551111 -31.100000
v 149.000000 25.500000 -31.100000
v 148.611771 25.551111 -31.100000
v 148.250000 25.700962 -31.100000
v 147.939340 25.939340 -31.100000
v 147.700962 26.250000 -31.100000
v 147.551111 26.611771 -31.100000
v 143.500000 31.000000 -31.100000
v 161.000000 -4.000000 -4.100000
v 161.000000 -7.000000 -7.100000
v 168.500000 -7.000000 -7.100000
v 168.500000 -4.000000 -4.100000
v 182.500000 -4.000000 -4.000000
v -1.200000 -4.000000 -4.000000
v -1.200000 -4.000000 -31.100000
v 43.800000 -4.000000 -31.100000
v 43.800000 -4.000000 -7.100000
v 143.500000 -4.000000 -7.100000
v 143.500000 -4.000000 -31.100000
v 182.500000 -4.000000 -31.100000
v 145.500000 -4.000000 -7.100000
v 161.000000 -4.000000 -7.100000
v 168.500000 -4.000000 -7.100000
v 182.500000 -4.000000 -7.100000
v 162.500000 -1.500000 -8.600000
v 162.500000 -2.000000 -9.100000
v 161.000000 -2.000000 -9.100000
v 161.000000 -0.000000 -7.100000
v 168.500000 -0.000000 -7.100000
v 168.500000 -1.500000 -8.600000
v 4.925000 32.600000 -7.100000
v 4.886667 32.891171 -7.100000
v 4.774279 33.162500 -7.100000
v 4.595495 33.395495 -7.100000
v 4.362500 33.574279 -7.100000
v 4.091171 33.686667 -7.100000
v 3.800000 33.725000 -7.100000
v 3.508829 33.686667 -7.100000
v 3.237500 33.574279 -7.100000
v 3.004505 33.395495 -7.100000
v 2.825721 33.162500 -7.100000
v 2.713333 32.891171 -7.100000
v 2.675000 32.600000 -7.100000
v 2.713333 32.308829 -7.100000
v 2.825721 32.037500 -7.100000
v 3.004505 31.804505 -7.100000
v 3.237500 31.625721 -7.100000
v 3.508829 31.513333 -7.100000
v 3.800000 31.475000 -7.100000
v 4.091171 31.513333 -7.100000
v 4.362500 31.625721 -7.100000
v 4.595495 31.804505 -7.100000
v 4.774279 32.037500 -7.100000
v 4.886667 32.308829 -7.100000
v 14.925000 32.600000 -7.100000
v 14.886667 32.891171 -7.100000
v 14.774279 33.162500 -7.100000
v 14.595495 33.395495 -7.100000
v 14.362500 33.574279 -7.100000
v 14.091171 33.686667 -7.100000
v 13.800000 33.725000 -7.100000
v 13.508829 33.686667 -7.100000
v 13.237500 33.574279 -7.100000
v 13.004505 33.395495 -7.100000
v 12.825721 33.162500 -7.100000
v 12.713333 32.891171 -7.100000
v 12.675000 32.600000 -7.100000
v 12.713333 32.308829 -7.100000
v 12.825721 32.037500 -7.100000
v 13.004505 31.804505 -7.100000
v 13.237500 31.625721 -7.100000
v 13.508829 31.513333 -7.100000
v 13.800000 31.475000 -7.100000
v 14.091171 31.513333 -7.100000
v 14.362500 31.625721 -7.100000
v 14.595495 31.804505 -7.100000
v 14.774279 32.037500 -7.100000
v 14.886667 32.308829 -7.100000
v 1.750000 49.200000 -7.100000
v 1.792593 48.876476 -7.100000
v 1.917468 48.575000 -7.100000
v 2.116117 48.316117 -7.100000
v 2.375000 48.117468 -7.100000
v 2.676476 47.992593 -7.100000
v 3.000000 47.950000 -7.100000
v 3.323524 47.992593 -7.100000
v 3.625000 48.117468 -7.100000
v 3.883883 48.316117 -7.100000
v 4.082532 48.575000 -7.100000
v 4.207407 48.876476 -7.100000
v 4.250000 49.200000 -7.100000
v 4.207407 49.523524 -7.100000
v 4.082532 49.825000 -7.100000
v 3.883883 50.083883 -7.100000
v 3.625000 50.282532 -7.100000
v 3.323524 50.407407 -7.100000
v 3.000000 50.450000 -7.100000
v 2.676476 50.407407 -7.100000
v 2.375000 50.282532 -7.100000
v 2.116117 50.083883 -7.100000
v 1.917468 49.825000 -7.100000
v 1.792593 49.523524 -7.100000
v 86.500000 11.600000 -7.100000
v 86.500000 17.600000 -7.100000
v 80.500000 17.600000 -7.100000
v 80.500000 11.600000 -7.100000
v 42.500000 17.600000 -7.100000
v 36.500000 17.600000 -7.100000
v 36.500000 11.600000 -7.100000
v 42.500000 11.600000 -7.100000
v 64.500000 11.600000 -7.100000
v 64.500000 17.600000 -7.100000
v 58.500000 17.600000 -7.100000
v 58.500000 11.600000 -7.100000
v 20.500000 11.600000 -7.100000
v 20.500000 17.600000 -7.100000
v 14.500000 17.600000 -7.100000
v 14.500000 11.600000 -7.100000
v 124.500000 17.600000 -7.100000
v 124.500000 11.600000 -7.100000
v 130.500000 11.600000 -7.100000
v 130.500000 17.600000 -7.100000
v 108.500000 17.600000 -7.100000
v 102.500000 17.600000 -7.100000
v 102.500000 11.600000 -7.100000
v 108.500000 11.600000 -7.100000
v 152.500000 17.600000 -7.100000
v 146.500000 17.600000 -7.100000
v 146.500000 11.600000 -7.100000
v 152.500000 11.600000 -7.100000
v 174.500000 17.600000 -7.100000
v 168.500000 17.600000 -7.100000
v 168.500000 11.600000 -7.100000
v 174.500000 11.600000 -7.100000
v 145.500000 8.000000 -7.100000
v 143.500000 8.000000 -7.100000
v 43.800000 9.100000 -7.100000
v 0.800000 9.100000 -7.100000
v 0.800000 26.100000 -7.100000
v -1.200000 26.100000 -7.100000
v -1.200000 49.200000 -7.100000
v -1.097777 49.976457 -7.100000
v -0.798076 50.700000 -7.100000
v -0.321320 51.321320 -7.100000
v 0.300000 51.798076 -7.100000
v 1.023543 52.097777 -7.100000
v 1.800000 52.200000 -7.100000
v 9.425397 52.200000 -7.100000
v 10.627213 52.109212 -7.100000
v 11.801751 51.838910 -7.100000
v 12.922353 51.395227 -7.100000
v 13.963586 50.788235 -7.100000
v 17.004154 48.826295 -7.100000
v 20.157463 47.051217 -7.100000
v 23.412044 45.469456 -7.100000
v 26.756059 44.086767 -7.100000
v 30.177344 42.908177 -7.100000
v 33.663456 41.937976 -7.100000
v 37.201713 41.179690 -7.100000
v 40.779248 40.636079 -7.100000
v 44.383046 40.309119 -7.100000
v 48.000000 40.200000 -7.100000
v 18.800000 40.200000 -7.100000
v 18.800000 38.200000 -7.100000
v 170.500000 38.200000 -7.100000
v 169.542737 38.083767 -7.100000
v 168.641107 37.741824 -7.100000
v 167.847509 37.194043 -7.100000
v 167.208065 36.472259 -7.100000
v 166.759935 35.618420 -7.100000
v 166.529165 34.682147 -7.100000
v 166.529165 33.717853 -7.100000
v 166.759935 32.781580 -7.100000
v 167.208065 31.927741 -7.100000
v 167.847509 31.205957 -7.100000
v 168.641107 30.658176 -7.100000
v 169.542737 30.316233 -7.100000
v 170.500000 30.200000 -7.100000
v 171.457263 30.316233 -7.100000
v 172.358893 30.658176 -7.100000
v 173.152491 31.205957 -7.100000
v 173.791935 31.927741 -7.100000
v 174.240065 32.781580 -7.100000
v 174.470835 33.717853 -7.100000
v 174.470835 34.682147 -7.100000
v 174.240065 35.618420 -7.100000
v 173.791935 36.472259 -7.100000
v 173.152491 37.194043 -7.100000
v 172.358893 37.741824 -7.100000
v 171.457263 38.083767 -7.100000
v 182.500000 38.200000 -7.100000
v 15.800000 30.100000 -7.100000
v 11.800000 30.100000 -7.100000
v 11.800000 26.100000 -7.100000
v 15.800000 26.100000 -7.100000
v 1.800000 26.100000 -7.100000
v 5.800000 26.100000 -7.100000
v 5.800000 30.100000 -7.100000
v 1.800000 30.100000 -7.100000
v 162.500000 -2.000000 -22.100000
v 161.000000 -2.000000 -22.100000
v 162.500000 -17.000000 -8.600000
v 162.500000 -17.000000 -22.100000
v 161.000000 -18.500000 -22.100000
v 182.500000 -17.000000 -22.100000
v 182.500000 -18.500000 -22.100000
v 168.500000 -17.000000 -8.600000
v 168.500000 -17.000000 -7.100000
v 161.000000 -18.500000 -7.100000
v 182.500000 -18.500000 -7.100000
v 182.500000 -17.000000 -7.100000
v 182.500000 31.000000 -31.100000
v 182.500000 40.200000 -4.000000
v 143.500000 6.000000 -31.100000
v 43.800000 6.000000 -31.100000
v 1.750000 0.200000 -12.100000
v 1.792593 -0.123524 -12.100000
v 1.917468 -0.425000 -12.100000
v 2.116117 -0.683883 -12.100000
v 2.375000 -0.882532 -12.100000
v 2.676476 -1.007407 -12.100000
v 3.000000 -1.050000 -12.100000
v 3.323524 -1.007407 -12.100000
v 3.625000 -0.882532 -12.100000
v 3.883883 -0.683883 -12.100000
v 4.082532 -0.425000 -12.100000
v 4.207407 -0.123524 -12.100000
v 4.250000 0.200000 -12.100000
v 4.207407 0.523524 -12.100000
v 4.082532 0.825000 -12.100000
v 3.883883 1.083883 -12.100000
v 3.625000 1.282532 -12.100000
v 3.323524 1.407407 -12.100000
v 3.000000 1.450000 -12.100000
v 2.676476 1.407407 -12.100000
v 2.375000 1.282532 -12.100000
v 2.116117 1.083883 -12.100000
v 1.917468 0.825000 -12.100000
v 1.792593 0.523524 -12.100000
v 43.800000 0.000000 -12.100000
v 43.683767 0.957263 -12.100000
v 43.341824 1.858893 -12.100000
v 42.794043 2.652491 -12.100000
v 42.072259 3.291935 -12.100000
v 41.218420 3.740065 -12.100000
v 40.282147 3.970836 -12.100000
v 39.317853 3.970835 -12.100000
v 38.381580 3.740065 -12.100000
v 37.527741 3.291935 -12.100000
v 36.805957 2.652491 -12.100000
v 36.258176 1.858893 -12.100000
v 35.916233 0.957263 -12.100000
v 35.800000 -0.000000 -12.100000
v 35.800000 -2.000000 -12.100000
v 0.800000 -2.000000 -12.100000
v 0.800000 9.100000 -12.100000
v 43.800000 9.100000 -12.100000
v 43.800000 0.000000 -18.100000
v 43.800000 -2.000000 -18.100000
v -1.200000 6.000000 -15.600000
v -1.200000 7.143514 -15.720188
v -1.200000 8.237052 -16.075500
v -1.200000 9.232819 -16.650407
v -1.200000 10.087297 -17.419782
v -1.200000 10.763140 -18.350000
v -1.200000 11.230811 -19.400407
v -1.200000 11.469870 -20.525093
v -1.200000 11.469870 -21.674907
v -1.200000 11.230811 -22.799593
v -1.200000 10.763140 -23.850000
v -1.200000 10.087297 -24.780218
v -1.200000 9.232819 -25.549593
v -1.200000 8.237052 -26.124500
v -1.200000 7.143514 -26.479812
v -1.200000 6.000000 -26.600000
v -1.200000 4.856486 -26.479812
v -1.200000 3.762948 -26.124500
v -1.200000 2.767181 -25.549593
v -1.200000 1.912703 -24.780218
v -1.200000 1.236860 -23.850000
v -1.200000 0.769189 -22.799593
v -1.200000 0.530130 -21.674907
v -1.200000 0.530130 -20.525093
v -1.200000 0.769189 -19.400407
v -1.200000 1.236860 -18.350000
v -1.200000 1.912703 -17.419782
v -1.200000 2.767181 -16.650407
v -1.200000 3.762948 -16.075500
v -1.200000 4.856486 -15.720188
v 0.800000 6.000000 -15.600000
v 0.800000 4.856486 -15.720188
v 0.800000 3.762948 -16.075500
v 0.800000 2.767181 -16.650407
v 0.800000 1.912703 -17.419782
v 0.800000 1.236860 -18.350000
v 0.800000 0.769189 -19.400407
v 0.800000 0.530130 -20.525093
v 0.800000 0.530130 -21.674907
v 0.800000 0.769189 -22.799593
v 0.800000 1.236860 -23.850000
v 0.800000 1.912703 -24.780218
v 0.800000 2.767181 -25.549593
v 0.800000 3.762948 -26.124500
v 0.800000 4.856486 -26.479812
v 0.800000 6.000000 -26.600000
v 0.800000 7.143514 -26.479812
v 0.800000 8.237052 -26.124500
v 0.800000 9.232819 -25.549593
v 0.800000 10.087297 -24.780218
v 0.800000 10.763140 -23.850000
v 0.800000 11.230811 -22.799593
v 0.800000 11.469870 -21.674907
v 0.800000 11.469870 -20.525093
v 0.800000 11.230811 -19.400407
v 0.800000 10.763140 -18.350000
v 0.800000 10.087297 -17.419782
v 0.800000 9.232819 -16.650407
v 0.800000 8.237052 -16.075500
v 0.800000 7.143514 -15.720188
v 35.800000 -2.000000 -18.100000
v 35.800000 -0.000000 -18.100000
v 35.916233 0.957263 -18.100000
v 36.258176 1.858893 -18.100000
v 36.805957 2.652491 -18.100000
v 37.527741 3.291935 -18.100000
v 38.381580 3.740065 -18.100000
v 39.317853 3.970835 -18.100000
v 40.282147 3.970836 -18.100000
v 41.218420 3.740065 -18.100000
v 42.072259 3.291935 -18.100000
v 42.794043 2.652491 -18.100000
v 43.341824 1.858893 -18.100000
v 43.683767 0.957263 -18.100000
v 40.800000 0.000000 -18.100000
v 40.765926 0.258819 -18.100000
v 40.666025 0.500000 -18.100000
v 40.507107 0.707107 -18.100000
v 40.300000 0.866025 -18.100000
v 40.058819 0.965926 -18.100000
v 39.800000 1.000000 -18.100000
v 39.541181 0.965926 -18.100000
v 39.300000 0.866025 -18.100000
v 39.092893 0.707107 -18.100000
v 38.933975 0.500000 -18.100000
v 38.834074 0.258819 -18.100000
v 38.800000 0.000000 -18.100000
v 38.834074 -0.258819 -18.100000
v 38.933975 -0.500000 -18.100000
v 39.092893 -0.707107 -18.100000
v 39.300000 -0.866025 -18.100000
v 39.541181 -0.965926 -18.100000
v 39.800000 -1.000000 -18.100000
v 40.058819 -0.965926 -18.100000
v 40.300000 -0.866025 -18.100000
v 40.507107 -0.707107 -18.100000
v 40.666025 -0.500000 -18.100000
v 40.765926 -0.258819 -18.100000
v 1.800000 26.100000 -21.743000
v -1.200000 26.100000 -21.743000
v -1.200000 49.200000 -4.000000
v -1.097777 49.976457 -4.000000
v -0.798076 50.700000 -4.000000
v -0.321320 51.321320 -4.000000
v 0.300000 51.798076 -4.000000
v 1.023543 52.097777 -4.000000
v 1.800000 52.200000 -4.000000
v 9.425397 52.200000 -4.000000
v 48.000000 40.200000 -4.000000
v 44.383046 40.309119 -4.000000
v 40.779248 40.636079 -4.000000
v 37.201713 41.179690 -4.000000
v 33.663456 41.937976 -4.000000
v 30.177344 42.908177 -4.000000
v 26.756059 44.086767 -4.000000
v 23.412044 45.469456 -4.000000
v 20.157463 47.051217 -4.000000
v 17.004154 48.826295 -4.000000
v 13.963586 50.788235 -4.000000
v 12.922353 51.395227 -4.000000
v 11.801751 51.838910 -4.000000
v 10.627213 52.109212 -4.000000
v 152.500000 17.600000 -4.000000
v 152.500000 11.600000 -4.000000
v 146.500000 11.600000 -4.000000
v 146.500000 17.600000 -4.000000
v 108.500000 17.600000 -4.000000
v 108.500000 11.600000 -4.000000
v 102.500000 11.600000 -4.000000
v 102.500000 17.600000 -4.000000
v 64.500000 11.600000 -4.000000
v 58.500000 11.600000 -4.000000
v 58.500000 17.600000 -4.000000
v 64.500000 17.600000 -4.000000
v 14.500000 17.600000 -4.000000
v 20.500000 17.600000 -4.000000
v 20.500000 11.600000 -4.000000
v 14.500000 11.600000 -4.000000
v 42.500000 17.600000 -4.000000
v 42.500000 11.600000 -4.000000
v 36.500000 11.600000 -4.000000
v 36.500000 17.600000 -4.000000
v 86.500000 11.600000 -4.000000
v 80.500000 11.600000 -4.000000
v 80.500000 17.600000 -4.000000
v 86.500000 17.600000 -4.000000
v 124.500000 17.600000 -4.000000
v 130.500000 17.600000 -4.000000
v 130.500000 11.600000 -4.000000
v 124.500000 11.600000 -4.000000
v 174.500000 17.600000 -4.000000
v 174.500000 11.600000 -4.000000
v 168.500000 11.600000 -4.000000
v 168.500000 17.600000 -4.000000
v 1.750000 0.200000 -4.000000
v 1.792593 0.523524 -4.000000
v 1.917468 0.825000 -4.000000
v 2.116117 1.083883 -4.000000
v 2.375000 1.282532 -4.000000
v 2.676476 1.407407 -4.000000
v 3.000000 1.450000 -4.000000
v 3.323524 1.407407 -4.000000
v 3.625000 1.282532 -4.000000
v 3.883883 1.083883 -4.000000
v 4.082532 0.825000 -4.000000
v 4.207407 0.523524 -4.000000
v 4.250000 0.200000 -4.000000
v 4.207407 -0.123524 -4.000000
v 4.082532 -0.425000 -4.000000
v 3.883883 -0.683883 -4.000000
v 3.625000 -0.882532 -4.000000
v 3.323524 -1.007407 -4.000000
v 3.000000 -1.050000 -4.000000
v 2.676476 -1.007407 -4.000000
v 2.375000 -0.882532 -4.000000
v 2.116117 -0.683883 -4.000000
v 1.917468 -0.425000 -4.000000
v 1.792593 -0.123524 -4.000000
v 1.750000 49.200000 -4.000000
v 1.792593 49.523524 -4.000000
v 1.917468 49.825000 -4.000000
v 2.116117 50.083883 -4.000000
v 2.375000 50.282532 -4.000000
v 2.676476 50.407407 -4.000000
v 3.000000 50.450000 -4.000000
v 3.323524 50.407407 -4.000000
v 3.625000 50.282532 -4.000000
v 3.883883 50.083883 -4.000000
v 4.082532 49.825000 -4.000000
v 4.207407 49.523524 -4.000000
v 4.250000 49.200000 -4.000000
v 4.207407 48.876476 -4.000000
v 4.082532 48.575000 -4.000000
v 3.883883 48.316117 -4.000000
v 3.625000 48.117468 -4.000000
v 3.323524 47.992593 -4.000000
v 3.000000 47.950000 -4.000000
v 2.676476 47.992593 -4.000000
v 2.375000 48.117468 -4.000000
v 2.116117 48.316117 -4.000000
v 1.917468 48.575000 -4.000000
v 1.792593 48.876476 -4.000000
v 4.925000 32.600000 -4.000000
v 4.886667 32.308829 -4.000000
v 4.774279 32.037500 -4.000000
v 4.595495 31.804505 -4.000000
v 4.362500 31.625721 -4.000000
v 4.091171 31.513333 -4.000000
v 3.800000 31.475000 -4.000000
v 3.508829 31.513333 -4.000000
v 3.237500 31.625721 -4.000000
v 3.004505 31.804505 -4.000000
v 2.825721 32.037500 -4.000000
v 2.713333 32.308829 -4.000000
v 2.675000 32.600000 -4.000000
v 2.713333 32.891171 -4.000000
v 2.825721 33.162500 -4.000000
v 3.004505 33.395495 -4.000000
v 3.237500 33.574279 -4.000000
v 3.508829 33.686667 -4.000000
v 3.800000 33.725000 -4.000000
v 4.091171 33.686667 -4.000000
v 4.362500 33.574279 -4.000000
v 4.595495 33.395495 -4.000000
v 4.774279 33.162500 -4.000000
v 4.886667 32.891171 -4.000000
v 14.925000 32.600000 -4.000000
v 14.886667 32.308829 -4.000000
v 14.774279 32.037500 -4.000000
v 14.595495 31.804505 -4.000000
v 14.362500 31.625721 -4.000000
v 14.091171 31.513333 -4.000000
v 13.800000 31.475000 -4.000000
v 13.508829 31.513333 -4.000000
v 13.237500 31.625721 -4.000000
v 13.004505 31.804505 -4.000000
v 12.825721 32.037500 -4.000000
v 12.713333 32.308829 -4.000000
v 12.675000 32.600000 -4.000000
v 12.713333 32.891171 -4.000000
v 12.825721 33.162500 -4.000000
v 13.004505 33.395495 -4.000000
v 13.237500 33.574279 -4.000000
v 13.508829 33.686667 -4.000000
v 13.800000 33.725000 -4.000000
v 14.091171 33.686667 -4.000000
v 14.362500 33.574279 -4.000000
v 14.595495 33.395495 -4.000000
v 14.774279 33.162500 -4.000000
v 14.886667 32.891171 -4.000000
v 40.800000 0.000000 -4.000000
v 40.765926 -0.258819 -4.000000
v 40.666025 -0.500000 -4.000000
v 40.507107 -0.707107 -4.000000
v 40.300000 -0.866025 -4.000000
v 40.058819 -0.965926 -4.000000
v 39.800000 -1.000000 -4.000000
v 39.541181 -0.965926 -4.000000
v 39.300000 -0.866025 -4.000000
v 39.092893 -0.707107 -4.000000
v 38.933975 -0.500000 -4.000000
v 38.834074 -0.258819 -4.000000
v 38.800000 0.000000 -4.000000
v 38.834074 0.258819 -4.000000
v 38.933975 0.500000 -4.000000
v 39.092893 0.707107 -4.000000
v 39.300000 0.866025 -4.000000
v 39.541181 0.965926 -4.000000
v 39.800000 1.000000 -4.000000
v 40.058819 0.965926 -4.000000
v 40.300000 0.866025 -4.000000
v 40.507107 0.707107 -4.000000
v 40.666025 0.500000 -4.000000
v 40.765926 0.258819 -4.000000
v 171.500000 34.200000 -4.000000
v 171.465926 33.941181 -4.000000
v 171.366025 33.700000 -4.000000
v 171.207107 33.492893 -4.000000
v 171.000000 33.333975 -4.000000
v 170.758819 33.234074 -4.000000
v 170.500000 33.200000 -4.000000
v 170.241181 33.234074 -4.000000
v 170.000000 33.333975 -4.000000
v 169.792893 33.492893 -4.000000
v 169.633975 33.700000 -4.000000
v 169.534074 33.941181 -4.000000
v 169.500000 34.200000 -4.000000
v 169.534074 34.458819 -4.000000
v 169.633975 34.700000 -4.000000
v 169.792893 34.907107 -4.000000
v 170.000000 35.066025 -4.000000
v 170.241181 35.165926 -4.000000
v 170.500000 35.200000 -4.000000
v 170.758819 35.165926 -4.000000
v 171.000000 35.066025 -4.000000
v 171.207107 34.907107 -4.000000
v 171.366025 34.700000 -4.000000
v 171.465926 34.458819 -4.000000
v 1.750000 0.200000 -8.050000
v 1.792593 0.523524 -8.050000
v 1.917468 0.825000 -8.050000
v 2.116117 1.083883 -8.050000
v 2.375000 1.282532 -8.050000
v 2.676476 1.407407 -8.050000
v 3.000000 1.450000 -8.050000
v 3.323524 1.407407 -8.050000
v 3.625000 1.282532 -8.050000
v 3.883883 1.083883 -8.050000
v 4.082532 0.825000 -8.050000
v 4.207407 0.523524 -8.050000
v 4.250000 0.200000 -8.050000
v 4.207407 -0.123524 -8.050000
v 4.082532 -0.425000 -8.050000
v 3.883883 -0.683883 -8.050000
v 3.625000 -0.882532 -8.050000
v 3.323524 -1.007407 -8.050000
v 3.000000 -1.050000 -8.050000
v 2.676476 -1.007407 -8.050000
v 2.375000 -0.882532 -8.050000
v 2.116117 -0.683883 -8.050000
v 1.917468 -0.425000 -8.050000
v 1.792593 -0.123524 -8.050000
v 40.800000 0.000000 -13.400000
v 40.800000 0.000000 -8.700000
v 40.765926 -0.258819 -13.400000
v 40.765926 -0.258819 -8.700000
v 40.666025 -0.500000 -13.400000
v 40.666025 -0.500000 -8.700000
v 40.507107 -0.707107 -13.400000
v 40.507107 -0.707107 -8.700000
v 40.300000 -0.866025 -13.400000
v 40.300000 -0.866025 -8.700000
v 40.058819 -0.965926 -13.400000
v 40.058819 -0.965926 -8.700000
v 39.800000 -1.000000 -13.400000
v 39.800000 -1.000000 -8.700000
v 39.541181 -0.965926 -13.400000
v 39.541181 -0.965926 -8.700000
v 39.300000 -0.866025 -13.400000
v 39.300000 -0.866025 -8.700000
v 39.092893 -0.707107 -13.400000
v 39.092893 -0.707107 -8.700000
v 38.933975 -0.500000 -13.400000
v 38.933975 -0.500000 -8.700000
v 38.834074 -0.258819 -13.400000
v 38.834074 -0.258819 -8.700000
v 38.800000 0.000000 -13.400000
v 38.800000 0.000000 -8.700000
v 38.834074 0.258819 -13.400000
v 38.834074 0.258819 -8.700000
v 38.933975 0.500000 -13.400000
v 38.933975 0.500000 -8.700000
v 39.092893 0.707107 -13.400000
v 39.092893 0.707107 -8.700000
v 39.300000 0.866025 -13.400000
v 39.300000 0.866025 -8.700000
v 39.541181 0.965926 -13.400000
v 39.541181 0.965926 -8.700000
v 39.800000 1.000000 -13.400000
v 39.800000 1.000000 -8.700000
v 40.058819 0.965926 -13.400000
v 40.058819 0.965926 -8.700000
v 40.300000 0.866025 -13.400000
v 40.300000 0.866025 -8.700000
v 40.507107 0.707107 -13.400000
v 40.507107 0.707107 -8.700000
v 40.666025 0.500000 -13.400000
v 40.666025 0.500000 -8.700000
v 40.765926 0.258819 -13.400000
v 40.765926 0.258819 -8.700000
v 171.500000 34.200000 -13.400000
v 171.500000 34.200000 -8.700000
v 170.500000 33.200000 -8.700000
v 170.500000 33.200000 -13.400000
v 170.241181 33.234074 -13.400000
v 170.241181 33.234074 -8.700000
v 170.000000 33.333975 -13.400000
v 170.000000 33.333975 -8.700000
v 169.792893 33.492893 -13.400000
v 169.792893 33.492893 -8.700000
v 169.633975 33.700000 -13.400000
v 169.633975 33.700000 -8.700000
v 169.534074 33.941181 -13.400000
v 169.534074 33.941181 -8.700000
v 169.500000 34.200000 -13.400000
v 169.500000 34.200000 -8.700000
v 169.534074 34.458819 -13.400000
v 169.534074 34.458819 -8.700000
v 169.633975 34.700000 -13.400000
v 169.633975 34.700000 -8.700000
v 169.792893 34.907107 -13.400000
v 169.792893 34.907107 -8.700000
v 170.000000 35.066025 -13.400000
v 170.000000 35.066025 -8.700000
v 170.241181 35.165926 -13.400000
v 170.241181 35.165926 -8.700000
v 170.500000 35.200000 -13.400000
v 170.500000 35.200000 -8.700000
v 170.758819 35.165926 -13.400000
v 170.758819 35.165926 -8.700000
v 171.000000 35.066025 -13.400000
v 171.000000 35.066025 -8.700000
v 171.207107 34.907107 -13.400000
v 171.207107 34.907107 -8.700000
v 171.366025 34.700000 -13.400000
v 171.366025 34.700000 -8.700000
v 171.465926 34.458819 -13.400000
v 171.465926 34.458819 -8.700000
v 171.465926 33.941181 -13.400000
v 171.465926 33.941181 -8.700000
v 171.366025 33.700000 -13.400000
v 171.366025 33.700000 -8.700000
v 171.207107 33.492893 -13.400000
v 171.207107 33.492893 -8.700000
v 171.000000 33.333975 -13.400000
v 171.000000 33.333975 -8.700000
v 170.758819 33.234074 -13.400000
v 170.758819 33.234074 -8.700000
vt 7.585000 0.350007 0.000000
vt 12.570000 0.350000 0.000000
vt 12.570000 0.350007 0.000000
vt 12.770000 0.350000 0.000000
vt 13.120000 2.100000 0.000000
vt 13.158823 2.105111 0.000000
vt 16.470000 2.500000 0.000000
vt 13.195000 2.120096 0.000000
vt 13.226066 2.143934 0.000000
vt 13.249904 2.175000 0.000000
vt 13.264889 2.211177 0.000000
vt 13.270000 2.250000 0.000000
vt 13.264889 2.288823 0.000000
vt 13.249904 2.325000 0.000000
vt 13.226066 2.356066 0.000000
vt 13.195000 2.379904 0.000000
vt 13.158823 2.394889 0.000000
vt 13.120000 2.400000 0.000000
vt 12.570000 2.500000 0.000000
vt 13.081177 2.394889 0.000000
vt 13.045000 2.379904 0.000000
vt 13.013934 2.356066 0.000000
vt 12.990096 2.325000 0.000000
vt 12.975111 2.288823 0.000000
vt 12.970000 2.250000 0.000000
vt 12.975111 2.211177 0.000000
vt 12.990096 2.175000 0.000000
vt 13.013934 2.143934 0.000000
vt 13.045000 2.120096 0.000000
vt 13.081177 2.105111 0.000000
vt 7.585000 1.330000 0.000000
vt 7.570000 0.985907 0.000000
vt 2.600000 0.150000 0.000000
vt 12.570000 0.150000 0.000000
vt 7.570000 1.330000 0.000000
vt -1.700000 0.985907 0.000000
vt -1.700000 -0.650000 0.000000
vt 2.600000 -0.650000 0.000000
vt 12.770000 -0.850000 0.000000
vt 16.470000 -0.850000 0.000000
vt -9.485000 0.344093 0.000000
vt -9.485000 0.000000 0.000000
vt -9.470000 0.344093 0.000000
vt -0.000000 -0.000000 0.000000
vt -0.300000 1.609839 0.000000
vt 0.000000 1.609839 0.000000
vt -0.300000 1.855644 0.000000
vt -2.000000 1.855644 0.000000
vt -9.470000 1.781910 0.000000
vt -2.000000 3.096837 0.000000
vt -14.470000 1.966246 0.000000
vt -17.150491 2.480024 0.000000
vt -17.131732 2.473031 0.000000
vt -18.370000 3.096837 0.000000
vt -17.170000 2.482385 0.000000
vt -17.189509 2.480024 0.000000
vt -17.208268 2.473031 0.000000
vt -17.225557 2.461675 0.000000
vt -17.240711 2.446392 0.000000
vt -17.253147 2.427769 0.000000
vt -18.370000 1.966246 0.000000
vt -17.262388 2.406523 0.000000
vt -17.268079 2.383470 0.000000
vt -17.270000 2.359495 0.000000
vt -17.268079 2.335520 0.000000
vt -17.262388 2.312467 0.000000
vt -17.253147 2.291221 0.000000
vt -17.240711 2.272598 0.000000
vt -17.225557 2.257315 0.000000
vt -17.208268 2.245959 0.000000
vt -17.189509 2.238966 0.000000
vt -17.170000 2.236605 0.000000
vt -17.150491 2.238966 0.000000
vt -17.131732 2.245959 0.000000
vt -17.114443 2.257315 0.000000
vt -17.099289 2.272598 0.000000
vt -17.086853 2.291221 0.000000
vt -17.077612 2.312467 0.000000
vt -17.071921 2.335520 0.000000
vt -17.070000 2.359495 0.000000
vt -17.071921 2.383470 0.000000
vt -17.077612 2.406523 0.000000
vt -17.086853 2.427769 0.000000
vt -17.099289 2.446392 0.000000
vt -17.114443 2.461675 0.000000
vt -14.470000 1.781910 0.000000
vt -0.285714 0.757047 0.000000
vt -0.531495 0.757047 0.000000
vt 0.550000 -0.412953 0.000000
vt 0.550000 -0.757047 0.000000
vt 0.200000 0.064093 0.000000
vt 9.470000 0.064093 0.000000
vt 1.700000 1.506940 0.000000
vt 9.470000 1.924767 0.000000
vt 2.000000 1.998502 0.000000
vt 2.000000 2.993914 0.000000
vt 16.947772 2.911070 0.000000
vt 17.016927 2.956496 0.000000
vt 14.670000 1.924767 0.000000
vt 14.670000 1.956605 0.000000
vt 16.777686 2.598251 0.000000
vt 16.800448 2.690464 0.000000
vt 18.370000 1.956605 0.000000
vt 17.170000 2.010791 0.000000
vt 17.091964 2.020236 0.000000
vt 17.016927 2.048209 0.000000
vt 18.370000 2.993914 0.000000
vt 17.570000 2.502352 0.000000
vt 17.562314 2.406453 0.000000
vt 17.539552 2.314240 0.000000
vt 17.170000 2.993914 0.000000
vt 17.248036 2.984468 0.000000
vt 17.323073 2.956496 0.000000
vt 17.392228 2.911070 0.000000
vt 17.452843 2.849939 0.000000
vt 17.502588 2.775449 0.000000
vt 17.539552 2.690464 0.000000
vt 17.562314 2.598251 0.000000
vt 17.502588 2.229255 0.000000
vt 17.452843 2.154766 0.000000
vt 17.392228 2.093634 0.000000
vt 17.323073 2.048209 0.000000
vt 17.248036 2.020236 0.000000
vt 16.947772 2.093634 0.000000
vt 16.887157 2.154766 0.000000
vt 16.837412 2.229255 0.000000
vt 16.800448 2.314240 0.000000
vt 16.777686 2.406453 0.000000
vt 16.770000 2.502352 0.000000
vt 16.837412 2.775449 0.000000
vt 16.887157 2.849939 0.000000
vt 17.091964 2.984468 0.000000
vt 1.700000 1.998502 0.000000
vt 1.300000 1.506940 0.000000
vt 0.700000 1.506940 0.000000
vt 0.300000 1.506940 0.000000
vt 1.300000 1.998502 0.000000
vt 0.700000 1.998502 0.000000
vt 0.200000 1.506940 0.000000
vt -0.350000 0.000000 0.000000
vt 3.550000 0.000000 0.000000
vt -0.350000 0.835714 0.000000
vt 3.550000 1.100000 0.000000
vt -0.150000 1.081495 0.000000
vt -0.150000 1.100000 0.000000
vt -5.350000 1.081495 0.000000
vt -5.350000 0.835714 0.000000
vt -1.100000 -0.344093 0.000000
vt -1.100000 0.635900 0.000000
vt -1.300000 -0.064093 0.000000
vt -1.300000 0.635900 0.000000
vt -0.450000 1.992500 0.000000
vt -0.650000 1.992500 0.000000
vt -0.450000 -2.992500 0.000000
vt -0.650000 -2.992500 0.000000
vt -0.150000 -0.650000 0.000000
vt 0.150000 -0.650000 0.000000
vt -0.150000 0.650000 0.000000
vt 0.150000 0.650000 0.000000
vt 0.000000 0.550000 0.000000
vt 1.300000 0.550000 0.000000
vt 0.000000 1.500000 0.000000
vt 1.300000 1.500000 0.000000
vt 0.000000 0.550000 0.000000
vt 0.300000 0.550000 0.000000
vt 0.000000 1.500000 0.000000
vt 0.300000 1.500000 0.000000
vt 0.000000 0.550000 0.000000
vt 1.300000 0.550000 0.000000
vt 0.000000 1.500000 0.000000
vt 1.300000 1.500000 0.000000
vt 0.200000 -0.431969 0.000000
vt 0.000000 -0.431969 0.000000
vt 0.200000 -0.471239 0.000000
vt 0.000000 -0.471239 0.000000
vt 0.200000 0.471239 0.000000
vt 0.000000 0.471239 0.000000
vt 0.200000 0.431969 0.000000
vt -0.000000 0.431969 0.000000
vt 0.200000 0.392699 0.000000
vt 0.000000 0.392699 0.000000
vt 0.200000 0.353429 0.000000
vt -0.000000 0.353429 0.000000
vt 0.200000 0.314159 0.000000
vt -0.000000 0.314159 0.000000
vt 0.200000 0.274889 0.000000
vt 0.000000 0.274889 0.000000
vt 0.200000 0.235619 0.000000
vt 0.000000 0.235619 0.000000
vt 0.200000 0.196350 0.000000
vt 0.000000 0.196350 0.000000
vt 0.200000 0.157080 0.000000
vt 0.000000 0.157080 0.000000
vt 0.200000 0.117810 0.000000
vt 0.000000 0.117810 0.000000
vt 0.200000 0.078540 0.000000
vt 0.000000 0.078540 0.000000
vt 0.200000 0.039270 0.000000
vt 0.000000 0.039270 0.000000
vt 0.200000 0.000000 0.000000
vt 0.000000 0.000000 0.000000
vt 0.200000 -0.039270 0.000000
vt 0.000000 -0.039270 0.000000
vt 0.200000 -0.078540 0.000000
vt 0.000000 -0.078540 0.000000
vt 0.200000 -0.117810 0.000000
vt 0.000000 -0.117810 0.000000
vt 0.200000 -0.157080 0.000000
vt 0.000000 -0.157080 0.000000
vt 0.200000 -0.196350 0.000000
vt 0.000000 -0.196350 0.000000
vt 0.200000 -0.235619 0.000000
vt 0.000000 -0.235619 0.000000
vt 0.200000 -0.274889 0.000000
vt 0.000000 -0.274889 0.000000
vt 0.200000 -0.314159 0.000000
vt 0.000000 -0.314159 0.000000
vt 0.200000 -0.353429 0.000000
vt 0.000000 -0.353429 0.000000
vt 0.200000 -0.392699 0.000000
vt 0.000000 -0.392699 0.000000
vt 0.000000 -0.635900 0.000000
vt 0.000000 1.514093 0.000000
vt -0.200000 -0.635900 0.000000
vt -0.200000 1.664093 0.000000
vt 0.942857 1.664093 0.000000
vt 0.835714 1.514093 0.000000
vt 7.512500 -0.212132 0.000000
vt 8.262500 -0.212132 0.000000
vt 7.512500 0.212132 0.000000
vt 8.262500 0.212132 0.000000
vt 0.400000 -0.120000 0.000000
vt 0.410000 16.100000 0.000000
vt 0.400000 18.250000 0.000000
vt 0.410000 16.850000 0.000000
vt 0.710000 18.250000 0.000000
vt 0.710000 16.850000 0.000000
vt 0.710000 4.380000 0.000000
vt 3.110000 -0.120000 0.000000
vt 3.110000 4.380000 0.000000
vt 0.710000 14.350000 0.000000
vt 0.710000 14.550000 0.000000
vt 0.710000 16.100000 0.000000
vt 2.910000 14.550000 0.000000
vt 3.110000 14.350000 0.000000
vt 3.110000 18.250000 0.000000
vt 2.910000 18.250000 0.000000
vt -8.200000 -0.141421 0.000000
vt -8.050000 -0.141421 0.000000
vt -8.200000 -0.070711 0.000000
vt -8.050000 0.141421 0.000000
vt -8.800000 0.141421 0.000000
vt -8.800000 -0.070711 0.000000
vt -0.488667 3.489117 0.000000
vt -1.271333 3.489117 0.000000
vt -0.492500 3.460000 0.000000
vt -1.267500 3.460000 0.000000
vt -0.488667 3.430883 0.000000
vt -1.271333 3.430883 0.000000
vt -0.477428 3.403750 0.000000
vt -1.282572 3.403750 0.000000
vt -0.459550 3.380450 0.000000
vt -1.300450 3.380450 0.000000
vt -0.436250 3.362572 0.000000
vt -0.580000 3.210000 0.000000
vt -0.409117 3.351333 0.000000
vt -0.380000 3.347500 0.000000
vt -0.180000 3.210000 0.000000
vt -0.350883 3.351333 0.000000
vt -0.323750 3.362572 0.000000
vt -0.300450 3.380450 0.000000
vt -0.282572 3.403750 0.000000
vt -0.271333 3.430883 0.000000
vt -0.267500 3.460000 0.000000
vt -0.271333 3.489117 0.000000
vt 0.120000 2.810000 0.000000
vt 0.120000 5.120000 0.000000
vt -1.282572 3.516250 0.000000
vt -0.477428 3.516250 0.000000
vt -1.300450 3.539550 0.000000
vt -0.459550 3.539550 0.000000
vt -1.323750 3.557428 0.000000
vt -0.436250 3.557428 0.000000
vt -1.350883 3.568667 0.000000
vt -0.409117 3.568667 0.000000
vt -1.880000 4.020000 0.000000
vt -0.380000 3.572500 0.000000
vt -1.880000 4.220000 0.000000
vt -0.350883 3.568667 0.000000
vt -0.300000 4.995000 0.000000
vt -0.267648 4.999259 0.000000
vt -0.237500 5.011747 0.000000
vt -0.211612 5.031612 0.000000
vt -0.191747 5.057500 0.000000
vt -0.179259 5.087648 0.000000
vt -0.175000 5.120000 0.000000
vt -0.179259 5.152352 0.000000
vt 0.109778 5.197646 0.000000
vt -0.191747 5.182500 0.000000
vt -0.211612 5.208388 0.000000
vt 0.079808 5.270000 0.000000
vt -0.237500 5.228253 0.000000
vt -0.267648 5.240741 0.000000
vt 0.032132 5.332132 0.000000
vt -0.300000 5.245000 0.000000
vt -0.030000 5.379808 0.000000
vt -0.180000 5.420000 0.000000
vt -0.102354 5.409778 0.000000
vt -0.323750 3.557428 0.000000
vt -0.300450 3.539550 0.000000
vt -0.282572 3.516250 0.000000
vt -1.488667 3.489117 0.000000
vt -1.492500 3.460000 0.000000
vt -1.580000 3.210000 0.000000
vt -1.488667 3.430883 0.000000
vt -1.477428 3.403750 0.000000
vt -1.459550 3.380450 0.000000
vt -1.436250 3.362572 0.000000
vt -1.409117 3.351333 0.000000
vt -1.380000 3.347500 0.000000
vt -1.180000 3.210000 0.000000
vt -1.350883 3.351333 0.000000
vt -1.323750 3.362572 0.000000
vt -1.477428 3.516250 0.000000
vt -1.459550 3.539550 0.000000
vt -1.436250 3.557428 0.000000
vt -1.409117 3.568667 0.000000
vt -1.380000 3.572500 0.000000
vt -0.332352 4.999259 0.000000
vt -2.341204 4.746946 0.000000
vt -2.675606 4.608677 0.000000
vt -2.015746 4.905122 0.000000
vt -0.362500 5.011747 0.000000
vt -1.700415 5.082630 0.000000
vt -0.388388 5.031612 0.000000
vt -0.408253 5.057500 0.000000
vt -0.420741 5.087648 0.000000
vt -0.425000 5.120000 0.000000
vt -1.396359 5.278824 0.000000
vt -0.420741 5.152352 0.000000
vt -0.408253 5.182500 0.000000
vt -0.388388 5.208388 0.000000
vt -1.292235 5.339523 0.000000
vt -1.180175 5.383891 0.000000
vt -0.942540 5.420000 0.000000
vt -1.062721 5.410921 0.000000
vt -0.362500 5.228253 0.000000
vt -0.332352 5.240741 0.000000
vt -8.650000 1.960000 0.000000
vt -10.250000 1.960000 0.000000
vt -8.650000 1.360000 0.000000
vt -10.250000 1.360000 0.000000
vt -14.350000 -0.200000 0.000000
vt -10.850000 1.360000 0.000000
vt -12.450000 1.360000 0.000000
vt -12.450000 1.960000 0.000000
vt -10.850000 1.960000 0.000000
vt -16.652916 3.571785 0.000000
vt -16.652916 3.668215 0.000000
vt -16.675994 3.761842 0.000000
vt -16.720806 3.847226 0.000000
vt -8.050000 1.960000 0.000000
vt -6.450000 1.960000 0.000000
vt -6.450000 1.360000 0.000000
vt -8.050000 1.360000 0.000000
vt -4.380000 -0.200000 0.000000
vt -3.650000 1.960000 0.000000
vt -1.580000 2.810000 0.000000
vt -4.250000 1.960000 0.000000
vt -5.850000 1.960000 0.000000
vt -4.250000 1.360000 0.000000
vt -5.850000 1.360000 0.000000
vt -4.380000 1.110000 0.000000
vt -3.650000 1.360000 0.000000
vt -2.050000 1.360000 0.000000
vt -2.050000 1.960000 0.000000
vt -1.450000 1.960000 0.000000
vt -1.180000 2.810000 0.000000
vt -0.580000 2.810000 0.000000
vt -1.450000 1.360000 0.000000
vt -0.080000 1.110000 0.000000
vt -0.080000 2.810000 0.000000
vt -0.180000 2.810000 0.000000
vt -14.350000 1.000000 0.000000
vt -13.050000 1.360000 0.000000
vt -14.650000 1.360000 0.000000
vt -14.650000 1.960000 0.000000
vt -13.050000 1.960000 0.000000
vt -16.784751 3.320596 0.000000
vt -16.720806 3.392774 0.000000
vt -16.675994 3.478158 0.000000
vt -16.954274 3.231623 0.000000
vt -15.250000 1.960000 0.000000
vt -16.850000 1.960000 0.000000
vt -15.250000 1.360000 0.000000
vt -16.850000 1.360000 0.000000
vt -14.550000 1.000000 0.000000
vt -16.100000 0.200000 0.000000
vt -14.550000 -0.200000 0.000000
vt -16.100000 -0.200000 0.000000
vt -17.050000 3.220000 0.000000
vt -17.450000 1.960000 0.000000
vt -17.145726 3.231623 0.000000
vt -17.235889 3.265818 0.000000
vt -16.850000 0.200000 0.000000
vt -17.450000 1.360000 0.000000
vt -18.250000 -0.200000 0.000000
vt -18.250000 4.020000 0.000000
vt -17.379194 3.392774 0.000000
vt -17.424006 3.478158 0.000000
vt -16.850000 -0.200000 0.000000
vt -3.017734 4.490818 0.000000
vt -3.366346 4.393798 0.000000
vt -3.720171 4.317969 0.000000
vt -4.077925 4.263608 0.000000
vt -4.438305 4.230912 0.000000
vt -4.800000 4.220000 0.000000
vt -17.050000 4.020000 0.000000
vt -16.954274 4.008377 0.000000
vt -16.864111 3.974182 0.000000
vt -16.784751 3.919404 0.000000
vt -16.864111 3.265818 0.000000
vt -17.315249 3.320596 0.000000
vt -17.447084 3.571785 0.000000
vt -17.447084 3.668215 0.000000
vt -17.424006 3.761842 0.000000
vt -17.379194 3.847226 0.000000
vt -17.315249 3.919404 0.000000
vt -17.235889 3.974182 0.000000
vt -17.145726 4.008377 0.000000
vt -0.200000 0.150000 0.000000
vt -1.500000 0.150000 0.000000
vt -0.200000 0.000000 0.000000
vt -1.500000 0.000000 0.000000
vt -0.250000 0.150000 0.000000
vt 1.300000 0.150000 0.000000
vt -0.200000 0.200000 0.000000
vt 1.300000 1.500000 0.000000
vt -0.200000 1.500000 0.000000
vt 1.075000 0.925000 0.000000
vt 0.925000 -0.575000 0.000000
vt 1.075000 -0.725000 0.000000
vt 0.575000 -0.575000 0.000000
vt 0.275000 -0.575000 0.000000
vt 0.275000 0.725000 0.000000
vt 0.575000 0.725000 0.000000
vt 0.925000 0.925000 0.000000
vt -1.075000 -0.575000 0.000000
vt -1.075000 -0.725000 0.000000
vt 0.325000 -0.575000 0.000000
vt 0.925000 -0.575000 0.000000
vt 0.325000 0.975000 0.000000
vt 0.925000 0.975000 0.000000
vt 1.300000 0.000000 0.000000
vt 1.300000 0.150000 0.000000
vt 0.300000 0.000000 0.000000
vt -0.250000 0.150000 0.000000
vt -0.000000 0.000000 0.000000
vt -0.400000 0.000000 0.000000
vt -0.000000 -0.300000 0.000000
vt 1.850000 0.000000 0.000000
vt 1.650000 0.200000 0.000000
vt 1.450000 0.000000 0.000000
vt 1.150000 0.000000 0.000000
vt 1.450000 -0.300000 0.000000
vt 1.650000 1.500000 0.000000
vt 0.000000 1.500000 0.000000
vt 0.000000 0.000000 0.000000
vt -0.000000 0.000000 0.000000
vt 2.150000 0.000000 0.000000
vt 0.000000 1.500000 0.000000
vt 2.150000 1.500000 0.000000
vt 0.000000 0.000000 0.000000
vt 0.150000 0.000000 0.000000
vt 0.000000 1.500000 0.000000
vt 0.150000 1.500000 0.000000
vt -0.250000 1.500000 0.000000
vt -0.600000 1.500000 0.000000
vt -0.250000 0.550000 0.000000
vt -0.600000 0.150000 0.000000
vt 0.000000 0.150000 0.000000
vt 0.000000 0.000000 0.000000
vt 1.400000 0.000000 0.000000
vt 0.050000 0.550000 0.000000
vt 1.400000 1.500000 0.000000
vt 0.050000 1.500000 0.000000
vt -0.325000 0.425000 0.000000
vt -1.075000 0.425000 0.000000
vt -0.325000 -0.575000 0.000000
vt -1.075000 -0.725000 0.000000
vt 1.075000 -0.725000 0.000000
vt 1.075000 -0.575000 0.000000
vt 0.150000 1.081495 0.000000
vt 0.150000 1.100000 0.000000
vt 0.124093 1.100000 0.000000
vt -1.850000 0.682047 0.000000
vt 1.850000 0.682047 0.000000
vt -1.850000 0.707953 0.000000
vt 1.850000 0.707953 0.000000
vt -0.000000 0.000000 0.000000
vt 0.200000 0.000000 0.000000
vt -0.000000 3.350000 0.000000
vt 0.200000 3.500000 0.000000
vt -0.942857 3.500000 0.000000
vt -1.600000 4.420000 0.000000
vt -1.100000 3.375907 0.000000
vt -1.100000 3.350000 0.000000
vt -2.510000 4.420000 0.000000
vt -2.200000 4.220000 0.000000
vt -1.702924 4.220000 0.000000
vt -2.510000 -0.000000 0.000000
vt -2.200000 0.000000 0.000000
vt -0.100000 -2.050000 0.000000
vt 1.042857 -2.050000 0.000000
vt -0.100000 1.850000 0.000000
vt 1.042857 1.850000 0.000000
vt -1.200000 -2.000000 0.000000
vt 0.000000 -2.000000 0.000000
vt -1.200000 0.200000 0.000000
vt 0.000000 0.200000 0.000000
vt -12.570000 2.650000 0.000000
vt -12.990096 2.175000 0.000000
vt -12.570000 0.350007 0.000000
vt -13.013934 2.143934 0.000000
vt -13.045000 2.120096 0.000000
vt -16.470000 2.650000 0.000000
vt -13.158823 2.394889 0.000000
vt -13.120000 2.400000 0.000000
vt -13.081177 2.394889 0.000000
vt -16.470000 -0.850000 0.000000
vt -13.158823 2.105111 0.000000
vt -13.195000 2.120096 0.000000
vt -12.570000 -0.850000 0.000000
vt -12.570000 0.150000 0.000000
vt -7.585000 0.350007 0.000000
vt -2.600000 0.150000 0.000000
vt -7.585000 1.050000 0.000000
vt 1.900000 1.050000 0.000000
vt 1.900000 -0.850000 0.000000
vt -2.600000 -0.850000 0.000000
vt -12.975111 2.288823 0.000000
vt -12.970000 2.250000 0.000000
vt -12.975111 2.211177 0.000000
vt -13.081177 2.105111 0.000000
vt -13.120000 2.100000 0.000000
vt -13.226066 2.143934 0.000000
vt -13.249904 2.175000 0.000000
vt -13.264889 2.211177 0.000000
vt -13.270000 2.250000 0.000000
vt -13.264889 2.288823 0.000000
vt -13.249904 2.325000 0.000000
vt -13.226066 2.356066 0.000000
vt -13.195000 2.379904 0.000000
vt -13.045000 2.379904 0.000000
vt -13.013934 2.356066 0.000000
vt -12.990096 2.325000 0.000000
vt -1.000000 -2.400000 0.000000
vt -0.000000 -2.400000 0.000000
vt -1.000000 -2.200000 0.000000
vt 0.000000 0.000000 0.000000
vt -1.200000 -0.000000 0.000000
vt -1.200000 -2.200000 0.000000
vt 3.500741 0.252352 0.000000
vt 3.505000 0.220000 0.000000
vt 3.600000 0.000000 0.000000
vt 3.500741 0.187648 0.000000
vt 3.488253 0.157500 0.000000
vt 3.468388 0.131612 0.000000
vt 3.442500 0.111747 0.000000
vt 3.412352 0.099259 0.000000
vt 3.380000 0.095000 0.000000
vt 3.347648 0.099259 0.000000
vt 0.100000 0.000000 0.000000
vt 3.317500 0.111747 0.000000
vt 3.291612 0.131612 0.000000
vt 3.271747 0.157500 0.000000
vt 0.100000 0.200000 0.000000
vt 3.259259 0.187648 0.000000
vt 3.255000 0.220000 0.000000
vt 3.259259 0.252352 0.000000
vt 0.088377 0.295726 0.000000
vt 3.271747 0.282500 0.000000
vt 3.291612 0.308388 0.000000
vt 0.054182 0.385889 0.000000
vt 3.317500 0.328253 0.000000
vt -0.000596 0.465249 0.000000
vt 3.347648 0.340741 0.000000
vt -0.072774 0.529194 0.000000
vt 3.600000 1.110000 0.000000
vt -0.158158 0.574006 0.000000
vt -0.700000 1.110000 0.000000
vt -0.251785 0.597084 0.000000
vt -0.348215 0.597084 0.000000
vt -0.441842 0.574006 0.000000
vt -0.527226 0.529194 0.000000
vt -0.599404 0.465249 0.000000
vt -0.654182 0.385889 0.000000
vt -0.688377 0.295726 0.000000
vt -0.700000 0.200000 0.000000
vt 3.380000 0.345000 0.000000
vt 3.412352 0.340741 0.000000
vt 3.442500 0.328253 0.000000
vt 3.468388 0.308388 0.000000
vt 3.488253 0.282500 0.000000
vt -0.300000 -1.300000 0.000000
vt -0.900000 -1.300000 0.000000
vt -0.300000 -1.500000 0.000000
vt -1.400000 -1.700000 0.000000
vt 1.000000 -1.700000 0.000000
vt -0.900000 -0.390000 0.000000
vt -1.400000 -0.390000 0.000000
vt 0.800000 -1.500000 0.000000
vt 1.000000 -0.700000 0.000000
vt 0.800000 -0.700000 0.000000
vt 0.200000 -1.612684 0.000000
vt 0.000000 -1.612684 0.000000
vt 0.200000 -1.727876 0.000000
vt 0.000000 -1.727876 0.000000
vt 0.200000 1.727876 0.000000
vt 0.000000 1.727876 0.000000
vt 0.200000 1.612684 0.000000
vt 0.000000 1.612684 0.000000
vt 0.200000 1.497492 0.000000
vt 0.000000 1.497492 0.000000
vt 0.200000 1.382301 0.000000
vt 0.000000 1.382301 0.000000
vt 0.200000 1.267109 0.000000
vt 0.000000 1.267109 0.000000
vt 0.200000 1.151917 0.000000
vt 0.000000 1.151917 0.000000
vt 0.200000 1.036726 0.000000
vt 0.000000 1.036726 0.000000
vt 0.200000 0.921534 0.000000
vt 0.000000 0.921534 0.000000
vt 0.200000 0.806342 0.000000
vt -0.000000 0.806342 0.000000
vt 0.200000 0.691150 0.000000
vt 0.000000 0.691150 0.000000
vt 0.200000 0.575959 0.000000
vt -0.000000 0.575959 0.000000
vt 0.200000 0.460767 0.000000
vt 0.000000 0.460767 0.000000
vt 0.200000 0.345575 0.000000
vt -0.000000 0.345575 0.000000
vt 0.200000 0.230383 0.000000
vt -0.000000 0.230383 0.000000
vt 0.200000 0.115192 0.000000
vt -0.000000 0.115192 0.000000
vt 0.200000 0.000000 0.000000
vt 0.000000 0.000000 0.000000
vt 0.200000 -0.115192 0.000000
vt 0.000000 -0.115192 0.000000
vt 0.200000 -0.230383 0.000000
vt 0.000000 -0.230383 0.000000
vt 0.200000 -0.345575 0.000000
vt 0.000000 -0.345575 0.000000
vt 0.200000 -0.460767 0.000000
vt 0.000000 -0.460767 0.000000
vt 0.200000 -0.575959 0.000000
vt 0.000000 -0.575959 0.000000
vt 0.200000 -0.691150 0.000000
vt 0.000000 -0.691150 0.000000
vt 0.200000 -0.806342 0.000000
vt 0.000000 -0.806342 0.000000
vt 0.200000 -0.921534 0.000000
vt 0.000000 -0.921534 0.000000
vt 0.200000 -1.036726 0.000000
vt 0.000000 -1.036726 0.000000
vt 0.200000 -1.151917 0.000000
vt 0.000000 -1.151917 0.000000
vt 0.200000 -1.267109 0.000000
vt 0.000000 -1.267109 0.000000
vt 0.200000 -1.382301 0.000000
vt 0.000000 -1.382301 0.000000
vt 0.200000 -1.497492 0.000000
vt 0.000000 -1.497492 0.000000
vt 0.400000 -0.200000 0.000000
vt 0.000000 -0.100000 0.000000
vt -0.400000 -0.200000 0.000000
vt -0.025882 -0.096593 0.000000
vt -0.050000 -0.086603 0.000000
vt 0.400000 -0.000000 0.000000
vt 0.086603 -0.050000 0.000000
vt 0.070711 -0.070711 0.000000
vt 0.050000 -0.086603 0.000000
vt 0.388377 0.095726 0.000000
vt 0.096593 0.025882 0.000000
vt 0.100000 0.000000 0.000000
vt 0.096593 -0.025882 0.000000
vt 0.086603 0.050000 0.000000
vt 0.354182 0.185889 0.000000
vt 0.070711 0.070711 0.000000
vt 0.050000 0.086603 0.000000
vt 0.299404 0.265249 0.000000
vt 0.227226 0.329194 0.000000
vt 0.025882 0.096593 0.000000
vt 0.141842 0.374006 0.000000
vt 0.000000 0.100000 0.000000
vt 0.048215 0.397084 0.000000
vt -0.048215 0.397084 0.000000
vt -0.141842 0.374006 0.000000
vt -0.025882 0.096593 0.000000
vt -0.227226 0.329194 0.000000
vt -0.050000 0.086603 0.000000
vt -0.299404 0.265249 0.000000
vt -0.354182 0.185889 0.000000
vt -0.388377 0.095726 0.000000
vt -0.086603 0.050000 0.000000
vt -0.070711 0.070711 0.000000
vt -0.096593 0.025882 0.000000
vt -0.400000 0.000000 0.000000
vt -0.100000 0.000000 0.000000
vt -0.096593 -0.025882 0.000000
vt -0.086603 -0.050000 0.000000
vt -0.070711 -0.070711 0.000000
vt 0.025882 -0.096593 0.000000
vt -0.500000 -1.256637 0.000000
vt -1.100000 -1.256637 0.000000
vt -0.500000 -1.353301 0.000000
vt -1.100000 -1.353301 0.000000
vt -0.500000 -1.449966 0.000000
vt -1.100000 -1.449966 0.000000
vt -0.500000 -1.546630 0.000000
vt -1.100000 -1.546630 0.000000
vt -0.500000 -1.643295 0.000000
vt -1.100000 -1.643295 0.000000
vt -0.500000 -1.739959 0.000000
vt -1.100000 -1.739959 0.000000
vt -0.500000 -1.836623 0.000000
vt -1.100000 -1.836623 0.000000
vt -0.500000 -1.933288 0.000000
vt -1.100000 -1.933288 0.000000
vt -0.500000 -2.029952 0.000000
vt -1.100000 -2.029952 0.000000
vt -0.500000 -2.126617 0.000000
vt -1.100000 -2.126617 0.000000
vt -0.500000 -2.223281 0.000000
vt -1.100000 -2.223281 0.000000
vt -0.500000 -2.319945 0.000000
vt -1.100000 -2.319945 0.000000
vt -0.500000 -2.416610 0.000000
vt -1.100000 -2.416610 0.000000
vt -0.500000 -2.513274 0.000000
vt -1.100000 -2.513274 0.000000
vt 0.400000 1.100000 0.000000
vt 0.200000 1.100000 0.000000
vt 0.400000 0.500000 0.000000
vt 0.200000 0.500000 0.000000
vt -0.497076 0.628319 0.000000
vt -0.000000 0.628319 0.000000
vt -0.502566 0.706858 0.000000
vt 0.000000 0.724983 0.000000
vt -0.518825 0.785398 0.000000
vt 0.000000 0.821647 0.000000
vt -0.545228 0.863938 0.000000
vt 0.000000 0.918312 0.000000
vt -0.580760 0.942478 0.000000
vt 0.000000 1.014976 0.000000
vt -0.624056 1.021018 0.000000
vt 0.000000 1.111640 0.000000
vt -0.673453 1.099557 0.000000
vt -0.727051 1.178097 0.000000
vt 0.000000 1.208305 0.000000
vt -0.782791 1.256637 0.000000
vt -0.782791 -1.256637 0.000000
vt 0.000000 -1.304969 0.000000
vt 0.000000 -1.208305 0.000000
vt -0.838531 -1.178097 0.000000
vt 0.000000 -1.111640 0.000000
vt -0.892129 -1.099557 0.000000
vt 0.000000 -1.014976 0.000000
vt -0.941525 -1.021018 0.000000
vt -0.984821 -0.942478 0.000000
vt 0.000000 -0.918312 0.000000
vt -1.020353 -0.863938 0.000000
vt 0.000000 -0.821647 0.000000
vt -1.046756 -0.785398 0.000000
vt 0.000000 -0.724983 0.000000
vt -1.063015 -0.706858 0.000000
vt 0.000000 -0.628319 0.000000
vt -1.068505 -0.628319 0.000000
vt -1.063015 -0.549779 0.000000
vt 0.000000 -0.531654 0.000000
vt -1.046756 -0.471239 0.000000
vt 0.000000 -0.434990 0.000000
vt -1.020353 -0.392699 0.000000
vt 0.000000 -0.338325 0.000000
vt -0.984821 -0.314159 0.000000
vt 0.000000 -0.241661 0.000000
vt -0.941525 -0.235619 0.000000
vt -0.892129 -0.157080 0.000000
vt 0.000000 -0.144997 0.000000
vt -0.838531 -0.078540 0.000000
vt 0.000000 -0.048332 0.000000
vt -0.782791 0.000000 0.000000
vt 0.000000 0.048332 0.000000
vt -0.727051 0.078540 0.000000
vt 0.000000 0.144997 0.000000
vt -0.673453 0.157080 0.000000
vt 0.000000 0.241661 0.000000
vt -0.624056 0.235619 0.000000
vt -0.580760 0.314159 0.000000
vt 0.000000 0.338325 0.000000
vt -0.545228 0.392699 0.000000
vt 0.000000 0.434990 0.000000
vt -0.518825 0.471239 0.000000
vt 0.000000 0.531654 0.000000
vt -0.502566 0.549779 0.000000
vt 9.715760 0.300000 0.000000
vt -5.454240 0.300000 0.000000
vt 9.715760 -0.197076 0.000000
vt -5.454240 -0.197076 0.000000
vt 0.010000 0.000000 0.000000
vt 0.010000 0.600000 0.000000
vt -0.190000 0.497076 0.000000
vt -1.000000 1.321429 0.000000
vt -1.000000 1.075648 0.000000
vt -0.190000 0.000000 0.000000
vt -0.100000 0.000000 0.000000
vt -0.100000 1.361362 0.000000
vt -0.300000 0.000000 0.000000
vt -0.300000 1.464300 0.000000
vt -0.000000 1.464300 0.000000
vt -0.000000 1.361362 0.000000
vt -0.700000 -0.500020 0.000000
vt -1.000000 -0.500020 0.000000
vt -0.700000 -0.700000 0.000000
vt -1.000000 -0.700000 0.000000
vt 9.715760 -0.197076 0.000000
vt 10.915760 -0.197076 0.000000
vt 9.715760 0.300000 0.000000
vt 10.915760 0.300000 0.000000
vt 1.368241 -4.685000 0.000000
vt 1.568241 -4.685000 0.000000
vt 1.368241 5.285000 0.000000
vt 1.568241 5.285000 0.000000
vt -17.670000 0.000000 0.000000
vt -18.070000 0.000000 0.000000
vt -17.670000 -1.361362 0.000000
vt -18.070000 -1.361362 0.000000
vt 0.000000 1.361362 0.000000
vt 0.000000 0.000000 0.000000
vt 0.199980 1.464300 0.000000
vt 0.400000 0.000000 0.000000
vt 0.400000 1.321429 0.000000
vt 0.000000 1.464300 0.000000
vt -13.870000 0.810000 0.000000
vt -18.170000 0.810000 0.000000
vt -13.870000 0.310000 0.000000
vt -18.170000 0.310000 0.000000
vt -16.670000 0.000000 0.000000
vt -17.070000 0.000000 0.000000
vt -16.670000 -1.361362 0.000000
vt -17.070000 -1.361362 0.000000
vt 0.400000 0.000000 0.000000
vt 0.400000 1.075648 0.000000
vt 0.000000 0.000000 0.000000
vt 0.000000 1.321429 0.000000
vt 1.000000 1.075648 0.000000
vt 1.700000 1.321429 0.000000
vt 1.400000 1.075648 0.000000
vt 1.700000 1.075648 0.000000
vt 1.000000 0.000000 0.000000
vt 1.400000 0.000000 0.000000
vt -0.000000 0.000000 0.000000
vt 0.400000 0.000000 0.000000
vt 0.000000 1.075648 0.000000
vt 0.400000 1.361362 0.000000
vt 0.000000 0.000000 0.000000
vt 0.400000 0.000000 0.000000
vt 0.000000 1.075648 0.000000
vt 0.400000 1.361362 0.000000
vt 0.400000 0.000000 0.000000
vt 0.400000 1.075648 0.000000
vt 0.000000 0.000000 0.000000
vt 0.000000 1.361362 0.000000
vt 4.300000 2.200000 0.000000
vt -0.000000 2.200000 0.000000
vt 3.500000 1.100000 0.000000
vt -0.000000 0.500000 0.000000
vt 3.500000 0.500000 0.000000
vt 4.300000 1.100000 0.000000
vt 0.814351 0.862019 0.000000
vt 0.700000 0.850000 0.000000
vt 0.390000 0.500000 0.000000
vt 0.585649 0.862019 0.000000
vt 0.476295 0.897550 0.000000
vt 0.376718 0.955041 0.000000
vt 0.291270 1.031978 0.000000
vt -1.310000 0.000000 0.000000
vt 0.223686 1.125000 0.000000
vt -1.310000 1.361362 0.000000
vt 0.176919 1.230041 0.000000
vt 0.153013 1.342509 0.000000
vt 0.153013 1.457491 0.000000
vt 0.176919 1.569959 0.000000
vt -0.135907 2.200000 0.000000
vt 0.223686 1.675000 0.000000
vt 0.291270 1.768022 0.000000
vt 0.376718 1.844959 0.000000
vt 0.476295 1.902450 0.000000
vt 0.585649 1.937981 0.000000
vt 0.700000 1.950000 0.000000
vt 1.500000 2.200000 0.000000
vt 0.814351 1.937981 0.000000
vt 0.923705 1.902450 0.000000
vt 1.023282 1.844959 0.000000
vt 1.108730 1.768022 0.000000
vt 1.176314 1.675000 0.000000
vt 1.223081 1.569959 0.000000
vt 1.246987 1.457491 0.000000
vt 1.246987 1.342509 0.000000
vt 1.500000 0.500000 0.000000
vt 1.223081 1.230041 0.000000
vt 1.176314 1.125000 0.000000
vt 1.108730 1.031978 0.000000
vt 1.023282 0.955041 0.000000
vt 0.923705 0.897550 0.000000
vt 0.390000 0.000000 0.000000
vt 3.700000 -2.000000 0.000000
vt 3.900000 -2.000000 0.000000
vt 3.700000 0.200000 0.000000
vt 3.900000 0.200000 0.000000
vt -0.200000 3.520000 0.000000
vt -0.510000 1.210000 0.000000
vt -0.200000 -1.800000 0.000000
vt -1.372019 -0.685649 0.000000
vt -1.360000 -0.800000 0.000000
vt -0.510000 3.520000 0.000000
vt -1.974300 1.210000 0.000000
vt -1.541978 -0.391270 0.000000
vt -1.465041 -0.476718 0.000000
vt -1.407550 -0.576295 0.000000
vt -1.974300 1.409980 0.000000
vt -2.910000 0.100000 0.000000
vt -2.278022 -0.391270 0.000000
vt -2.185000 -0.323686 0.000000
vt -2.910000 -1.800000 0.000000
vt -2.460000 -0.800000 0.000000
vt -2.447981 -0.685649 0.000000
vt -2.412450 -0.576295 0.000000
vt -1.852509 -1.346987 0.000000
vt -1.967491 -1.346987 0.000000
vt -2.079959 -1.323081 0.000000
vt -1.372019 -0.914351 0.000000
vt -1.407550 -1.023705 0.000000
vt -1.465041 -1.123282 0.000000
vt -1.541978 -1.208730 0.000000
vt -1.635000 -1.276314 0.000000
vt -1.740041 -1.323081 0.000000
vt -2.185000 -1.276314 0.000000
vt -2.278022 -1.208730 0.000000
vt -2.354959 -1.123282 0.000000
vt -2.412450 -1.023705 0.000000
vt -2.447981 -0.914351 0.000000
vt -2.354959 -0.476718 0.000000
vt -2.079959 -0.276919 0.000000
vt -1.967491 -0.253013 0.000000
vt -1.852509 -0.253013 0.000000
vt -1.740041 -0.276919 0.000000
vt -1.635000 -0.323686 0.000000
vt -0.100000 0.235619 0.000000
vt -0.410000 0.235619 0.000000
vt -0.100000 0.157080 0.000000
vt -0.410000 0.157080 0.000000
vt -0.100000 0.078540 0.000000
vt -0.410000 0.078540 0.000000
vt -0.100000 0.000000 0.000000
vt -0.410000 0.000000 0.000000
vt -0.100000 -0.078540 0.000000
vt -0.410000 -0.078540 0.000000
vt -0.100000 -0.157080 0.000000
vt -0.410000 -0.157080 0.000000
vt -0.100000 -0.235619 0.000000
vt -0.410000 -0.235619 0.000000
vt 0.300000 0.000000 0.000000
vt 1.062540 0.000000 0.000000
vt 0.300000 0.310000 0.000000
vt 1.062540 0.310000 0.000000
vt 0.200000 18.250000 0.000000
vt -0.100000 3.980000 0.000000
vt 0.200000 -0.120000 0.000000
vt -0.103407 3.954118 0.000000
vt -0.099259 0.332352 0.000000
vt -0.111747 0.362500 0.000000
vt -0.113397 3.930000 0.000000
vt -0.129289 3.909289 0.000000
vt -4.220000 18.250000 0.000000
vt -1.960000 17.450000 0.000000
vt -1.360000 17.450000 0.000000
vt -1.360000 16.850000 0.000000
vt -4.220000 4.800000 0.000000
vt -3.716593 17.024118 0.000000
vt -3.720000 17.050000 0.000000
vt -3.716593 17.075882 0.000000
vt -4.230912 4.438305 0.000000
vt -3.430883 1.488667 0.000000
vt -3.403750 1.477428 0.000000
vt -3.380450 1.459550 0.000000
vt -4.263608 4.077925 0.000000
vt -3.516250 1.477428 0.000000
vt -3.489117 1.488667 0.000000
vt -3.460000 1.492500 0.000000
vt -4.317969 3.720171 0.000000
vt -3.557428 1.436250 0.000000
vt -3.539550 1.459550 0.000000
vt -3.568667 1.409117 0.000000
vt -4.393798 3.366346 0.000000
vt -3.572500 1.380000 0.000000
vt -4.490818 3.017734 0.000000
vt -4.608677 2.675606 0.000000
vt -3.572500 0.380000 0.000000
vt -4.746946 2.341204 0.000000
vt -4.995000 0.300000 0.000000
vt -4.999259 0.332352 0.000000
vt -4.905122 2.015746 0.000000
vt -5.011747 0.362500 0.000000
vt -5.082630 1.700415 0.000000
vt -5.031612 0.388388 0.000000
vt -5.057500 0.408253 0.000000
vt -5.087648 0.420741 0.000000
vt -5.120000 0.425000 0.000000
vt -5.278824 1.396359 0.000000
vt -5.152352 0.420741 0.000000
vt -5.182500 0.408253 0.000000
vt -5.208388 0.388388 0.000000
vt -5.339523 1.292235 0.000000
vt -5.383891 1.180175 0.000000
vt -5.410921 1.062721 0.000000
vt -5.420000 0.942540 0.000000
vt -5.420000 0.180000 0.000000
vt -5.240741 0.332352 0.000000
vt -5.228253 0.362500 0.000000
vt -5.409778 0.102354 0.000000
vt -5.379808 0.030000 0.000000
vt -5.245000 0.300000 0.000000
vt -5.332132 -0.032132 0.000000
vt -5.240741 0.267648 0.000000
vt -5.270000 -0.079808 0.000000
vt -5.228253 0.237500 0.000000
vt -5.208388 0.211612 0.000000
vt -5.197646 -0.109778 0.000000
vt -5.182500 0.191747 0.000000
vt -5.152352 0.179259 0.000000
vt -5.120000 -0.120000 0.000000
vt -5.120000 0.175000 0.000000
vt -5.087648 0.179259 0.000000
vt -5.057500 0.191747 0.000000
vt -5.031612 0.211612 0.000000
vt -5.011747 0.237500 0.000000
vt -4.999259 0.267648 0.000000
vt -3.568667 0.350883 0.000000
vt -3.460000 0.267500 0.000000
vt -3.489117 0.271333 0.000000
vt -3.516250 0.282572 0.000000
vt -1.360000 15.250000 0.000000
vt -1.960000 16.850000 0.000000
vt -1.960000 15.250000 0.000000
vt -3.520000 17.050000 0.000000
vt -3.523407 17.024118 0.000000
vt -1.360000 14.650000 0.000000
vt -1.360000 13.050000 0.000000
vt -1.960000 14.650000 0.000000
vt -1.960000 13.050000 0.000000
vt -3.533397 17.000000 0.000000
vt -3.549289 16.979289 0.000000
vt -1.360000 10.850000 0.000000
vt -1.960000 12.450000 0.000000
vt -1.960000 10.850000 0.000000
vt -3.620000 16.950000 0.000000
vt -3.645882 16.953407 0.000000
vt -1.360000 10.250000 0.000000
vt -0.113397 4.030000 0.000000
vt -1.360000 12.450000 0.000000
vt -1.960000 10.250000 0.000000
vt -1.360000 8.650000 0.000000
vt -0.129289 4.050711 0.000000
vt -1.960000 8.650000 0.000000
vt -1.360000 5.850000 0.000000
vt -0.286603 4.030000 0.000000
vt -1.360000 6.450000 0.000000
vt -0.270711 4.050711 0.000000
vt -0.250000 4.066603 0.000000
vt -1.960000 5.850000 0.000000
vt -1.360000 4.250000 0.000000
vt -0.296593 4.005882 0.000000
vt -1.960000 6.450000 0.000000
vt -1.960000 4.250000 0.000000
vt -1.960000 8.050000 0.000000
vt -1.360000 8.050000 0.000000
vt -0.225882 4.076593 0.000000
vt -1.960000 2.050000 0.000000
vt -3.347500 1.380000 0.000000
vt -1.960000 1.450000 0.000000
vt -3.347500 0.380000 0.000000
vt -3.351333 0.350883 0.000000
vt -1.360000 2.050000 0.000000
vt -1.960000 3.650000 0.000000
vt -3.351333 1.409117 0.000000
vt -1.360000 1.450000 0.000000
vt -0.340741 0.332352 0.000000
vt -0.328253 0.362500 0.000000
vt -0.296593 3.954118 0.000000
vt -0.286603 3.930000 0.000000
vt -0.308388 0.388388 0.000000
vt -0.270711 3.909289 0.000000
vt -0.282500 0.408253 0.000000
vt -0.250000 3.893397 0.000000
vt -0.252352 0.420741 0.000000
vt -0.225882 3.883407 0.000000
vt -0.220000 0.425000 0.000000
vt -0.200000 3.880000 0.000000
vt -0.187648 0.420741 0.000000
vt -0.174118 3.883407 0.000000
vt -0.157500 0.408253 0.000000
vt -0.150000 3.893397 0.000000
vt -0.131612 0.388388 0.000000
vt -0.328253 0.237500 0.000000
vt -0.340741 0.267648 0.000000
vt -0.345000 0.300000 0.000000
vt -0.300000 3.980000 0.000000
vt -1.360000 3.650000 0.000000
vt -3.362572 1.436250 0.000000
vt -0.174118 4.076593 0.000000
vt -0.150000 4.066603 0.000000
vt -3.570000 16.963397 0.000000
vt -3.594118 16.953407 0.000000
vt -3.523407 17.075882 0.000000
vt -3.533397 17.100000 0.000000
vt -3.549289 17.120711 0.000000
vt -3.570000 17.136603 0.000000
vt -3.594118 17.146593 0.000000
vt -3.620000 17.150000 0.000000
vt -3.645882 17.146593 0.000000
vt -3.670000 17.136603 0.000000
vt -3.690711 17.120711 0.000000
vt -3.706603 17.100000 0.000000
vt -0.187648 0.179259 0.000000
vt -0.220000 0.175000 0.000000
vt -0.252352 0.179259 0.000000
vt -0.282500 0.191747 0.000000
vt -3.403750 0.282572 0.000000
vt -0.308388 0.211612 0.000000
vt -3.380450 0.300450 0.000000
vt -3.362572 0.323750 0.000000
vt -0.095000 0.300000 0.000000
vt -0.099259 0.267648 0.000000
vt -0.111747 0.237500 0.000000
vt -0.131612 0.211612 0.000000
vt -0.157500 0.191747 0.000000
vt -3.430883 0.488667 0.000000
vt -3.430883 1.271333 0.000000
vt -3.460000 0.492500 0.000000
vt -3.460000 1.267500 0.000000
vt -3.489117 0.488667 0.000000
vt -3.489117 1.271333 0.000000
vt -3.516250 0.477428 0.000000
vt -3.516250 1.282572 0.000000
vt -3.539550 0.459550 0.000000
vt -3.539550 1.300450 0.000000
vt -3.557428 0.436250 0.000000
vt -3.557428 1.323750 0.000000
vt -3.568667 0.409117 0.000000
vt -3.568667 1.350883 0.000000
vt -3.403750 1.282572 0.000000
vt -3.403750 0.477428 0.000000
vt -3.380450 1.300450 0.000000
vt -3.380450 0.459550 0.000000
vt -3.362572 1.323750 0.000000
vt -3.362572 0.436250 0.000000
vt -3.351333 1.350883 0.000000
vt -3.351333 0.409117 0.000000
vt -3.430883 0.271333 0.000000
vt -3.539550 0.300450 0.000000
vt -3.557428 0.323750 0.000000
vt -0.200000 4.080000 0.000000
vt -0.103407 4.005882 0.000000
vt -3.670000 16.963397 0.000000
vt -3.690711 16.979289 0.000000
vt -3.706603 17.000000 0.000000
vt -0.000000 0.241277 0.000000
vt -0.310000 0.241277 0.000000
vt -0.000000 0.120638 0.000000
vt -0.310000 0.120638 0.000000
vt -0.000000 -0.000000 0.000000
vt -0.310000 -0.000000 0.000000
vt -0.000000 -0.120638 0.000000
vt -0.310000 -0.120638 0.000000
vt -0.000000 -0.241277 0.000000
vt -0.310000 -0.241277 0.000000
vt -0.310000 0.241858 0.000000
vt 0.000000 0.241858 0.000000
vt -0.310000 0.603773 0.000000
vt -0.000000 0.603773 0.000000
vt -0.310000 0.965688 0.000000
vt 0.000000 0.965688 0.000000
vt -0.310000 1.327603 0.000000
vt 0.000000 1.327603 0.000000
vt -0.310000 1.689518 0.000000
vt -0.000000 1.689518 0.000000
vt -0.310000 2.051432 0.000000
vt 0.000000 2.051432 0.000000
vt -0.310000 2.413347 0.000000
vt -0.000000 2.413347 0.000000
vt -0.310000 2.775262 0.000000
vt -0.000000 2.775262 0.000000
vt -0.310000 3.137177 0.000000
vt -0.000000 3.137177 0.000000
vt -0.310000 3.499092 0.000000
vt -0.000000 3.499092 0.000000
vt -0.310000 3.861007 0.000000
vt -0.000000 3.861007 0.000000
vt 0.810000 -0.359974 0.000000
vt 0.405000 -0.359974 0.000000
vt 0.810000 -0.392699 0.000000
vt 0.405000 -0.392699 0.000000
vt 0.810000 0.392699 0.000000
vt 0.405000 0.392699 0.000000
vt 0.810000 0.359974 0.000000
vt 0.405000 0.359974 0.000000
vt 0.810000 0.327249 0.000000
vt 0.405000 0.327249 0.000000
vt 0.810000 0.294524 0.000000
vt 0.405000 0.294524 0.000000
vt 0.810000 0.261799 0.000000
vt 0.405000 0.261799 0.000000
vt 0.810000 0.229074 0.000000
vt 0.405000 0.229074 0.000000
vt 0.810000 0.196350 0.000000
vt 0.405000 0.196350 0.000000
vt 0.810000 0.163625 0.000000
vt 0.405000 0.163625 0.000000
vt 0.810000 0.130900 0.000000
vt 0.405000 0.130900 0.000000
vt 0.810000 0.098175 0.000000
vt 0.405000 0.098175 0.000000
vt 0.810000 0.065450 0.000000
vt 0.405000 0.065450 0.000000
vt 0.810000 0.032725 0.000000
vt 0.405000 0.032725 0.000000
vt 0.810000 0.000000 0.000000
vt 0.405000 0.000000 0.000000
vt 0.810000 -0.032725 0.000000
vt 0.405000 -0.032725 0.000000
vt 0.810000 -0.065450 0.000000
vt 0.405000 -0.065450 0.000000
vt 0.810000 -0.098175 0.000000
vt 0.405000 -0.098175 0.000000
vt 0.810000 -0.130900 0.000000
vt 0.405000 -0.130900 0.000000
vt 0.810000 -0.163625 0.000000
vt 0.405000 -0.163625 0.000000
vt 0.810000 -0.196350 0.000000
vt 0.405000 -0.196350 0.000000
vt 0.810000 -0.229074 0.000000
vt 0.405000 -0.229074 0.000000
vt 0.810000 -0.261799 0.000000
vt 0.405000 -0.261799 0.000000
vt 0.810000 -0.294524 0.000000
vt 0.405000 -0.294524 0.000000
vt 0.810000 -0.327249 0.000000
vt 0.405000 -0.327249 0.000000
vt -0.000000 0.359974 0.000000
vt -0.000000 0.392699 0.000000
vt -0.000000 -0.392699 0.000000
vt 0.000000 -0.359974 0.000000
vt 0.000000 -0.327249 0.000000
vt 0.000000 -0.294524 0.000000
vt 0.000000 -0.261799 0.000000
vt 0.000000 -0.229074 0.000000
vt 0.000000 -0.196350 0.000000
vt 0.000000 -0.163625 0.000000
vt 0.000000 -0.130900 0.000000
vt 0.000000 -0.098175 0.000000
vt 0.000000 -0.065450 0.000000
vt 0.000000 -0.032725 0.000000
vt 0.000000 0.000000 0.000000
vt 0.000000 0.032725 0.000000
vt 0.000000 0.065450 0.000000
vt 0.000000 0.098175 0.000000
vt 0.000000 0.130900 0.000000
vt 0.000000 0.163625 0.000000
vt 0.000000 0.196350 0.000000
vt -0.000000 0.229074 0.000000
vt -0.000000 0.261799 0.000000
vt -0.000000 0.294524 0.000000
vt -0.000000 0.327249 0.000000
vt 0.310000 -0.359974 0.000000
vt 0.000000 -0.359974 0.000000
vt 0.310000 -0.392699 0.000000
vt 0.000000 -0.392699 0.000000
vt 0.310000 0.392699 0.000000
vt 0.000000 0.392699 0.000000
vt 0.310000 0.359974 0.000000
vt -0.000000 0.359974 0.000000
vt 0.310000 0.327249 0.000000
vt -0.000000 0.327249 0.000000
vt 0.310000 0.294524 0.000000
vt -0.000000 0.294524 0.000000
vt 0.310000 0.261799 0.000000
vt -0.000000 0.261799 0.000000
vt 0.310000 0.229074 0.000000
vt -0.000000 0.229074 0.000000
vt 0.310000 0.196350 0.000000
vt 0.000000 0.196350 0.000000
vt 0.310000 0.163625 0.000000
vt 0.000000 0.163625 0.000000
vt 0.310000 0.130900 0.000000
vt -0.000000 0.130900 0.000000
vt 0.310000 0.098175 0.000000
vt 0.000000 0.098175 0.000000
vt 0.310000 0.065450 0.000000
vt -0.000000 0.065450 0.000000
vt 0.310000 0.032725 0.000000
vt 0.000000 0.032725 0.000000
vt 0.310000 0.000000 0.000000
vt 0.000000 0.000000 0.000000
vt 0.310000 -0.032725 0.000000
vt 0.000000 -0.032725 0.000000
vt 0.310000 -0.065450 0.000000
vt 0.000000 -0.065450 0.000000
vt 0.310000 -0.098175 0.000000
vt 0.000000 -0.098175 0.000000
vt 0.310000 -0.130900 0.000000
vt -0.000000 -0.130900 0.000000
vt 0.310000 -0.163625 0.000000
vt 0.000000 -0.163625 0.000000
vt 0.310000 -0.196350 0.000000
vt 0.000000 -0.196350 0.000000
vt 0.310000 -0.229074 0.000000
vt 0.000000 -0.229074 0.000000
vt 0.310000 -0.261799 0.000000
vt -0.000000 -0.261799 0.000000
vt 0.310000 -0.294524 0.000000
vt 0.000000 -0.294524 0.000000
vt 0.310000 -0.327249 0.000000
vt -0.000000 -0.327249 0.000000
vt 0.310000 -0.323977 0.000000
vt 0.000000 -0.323977 0.000000
vt 0.310000 -0.353429 0.000000
vt 0.000000 -0.353429 0.000000
vt 0.310000 0.353429 0.000000
vt 0.000000 0.353429 0.000000
vt 0.310000 0.323977 0.000000
vt 0.000000 0.323977 0.000000
vt 0.310000 0.294524 0.000000
vt 0.000000 0.294524 0.000000
vt 0.310000 0.265072 0.000000
vt 0.000000 0.265072 0.000000
vt 0.310000 0.235619 0.000000
vt 0.000000 0.235619 0.000000
vt 0.310000 0.206167 0.000000
vt 0.000000 0.206167 0.000000
vt 0.310000 0.176715 0.000000
vt 0.000000 0.176715 0.000000
vt 0.310000 0.147262 0.000000
vt 0.000000 0.147262 0.000000
vt 0.310000 0.117810 0.000000
vt 0.000000 0.117810 0.000000
vt 0.310000 0.088357 0.000000
vt 0.000000 0.088357 0.000000
vt 0.310000 0.058905 0.000000
vt 0.000000 0.058905 0.000000
vt 0.310000 0.029452 0.000000
vt 0.000000 0.029452 0.000000
vt 0.310000 0.000000 0.000000
vt 0.000000 0.000000 0.000000
vt 0.310000 -0.029452 0.000000
vt 0.000000 -0.029452 0.000000
vt 0.310000 -0.058905 0.000000
vt 0.000000 -0.058905 0.000000
vt 0.310000 -0.088357 0.000000
vt 0.000000 -0.088357 0.000000
vt 0.310000 -0.117810 0.000000
vt 0.000000 -0.117810 0.000000
vt 0.310000 -0.147262 0.000000
vt 0.000000 -0.147262 0.000000
vt 0.310000 -0.176715 0.000000
vt 0.000000 -0.176715 0.000000
vt 0.310000 -0.206167 0.000000
vt 0.000000 -0.206167 0.000000
vt 0.310000 -0.235619 0.000000
vt 0.000000 -0.235619 0.000000
vt 0.310000 -0.265072 0.000000
vt 0.000000 -0.265072 0.000000
vt 0.310000 -0.294524 0.000000
vt 0.000000 -0.294524 0.000000
vt 0.310000 -0.323977 0.000000
vt 0.000000 -0.323977 0.000000
vt 0.310000 -0.353429 0.000000
vt 0.000000 -0.353429 0.000000
vt 0.310000 0.353429 0.000000
vt 0.000000 0.353429 0.000000
vt 0.310000 0.323977 0.000000
vt 0.000000 0.323977 0.000000
vt 0.310000 0.294524 0.000000
vt 0.000000 0.294524 0.000000
vt 0.310000 0.265072 0.000000
vt 0.000000 0.265072 0.000000
vt 0.310000 0.235619 0.000000
vt 0.000000 0.235619 0.000000
vt 0.310000 0.206167 0.000000
vt 0.000000 0.206167 0.000000
vt 0.310000 0.176715 0.000000
vt 0.000000 0.176715 0.000000
vt 0.310000 0.147262 0.000000
vt 0.000000 0.147262 0.000000
vt 0.310000 0.117810 0.000000
vt 0.000000 0.117810 0.000000
vt 0.310000 0.088357 0.000000
vt 0.000000 0.088357 0.000000
vt 0.310000 0.058905 0.000000
vt 0.000000 0.058905 0.000000
vt 0.310000 0.029452 0.000000
vt 0.000000 0.029452 0.000000
vt 0.310000 0.000000 0.000000
vt 0.000000 0.000000 0.000000
vt 0.310000 -0.029452 0.000000
vt 0.000000 -0.029452 0.000000
vt 0.310000 -0.058905 0.000000
vt 0.000000 -0.058905 0.000000
vt 0.310000 -0.088357 0.000000
vt 0.000000 -0.088357 0.000000
vt 0.310000 -0.117810 0.000000
vt 0.000000 -0.117810 0.000000
vt 0.310000 -0.147262 0.000000
vt 0.000000 -0.147262 0.000000
vt 0.310000 -0.176715 0.000000
vt 0.000000 -0.176715 0.000000
vt 0.310000 -0.206167 0.000000
vt 0.000000 -0.206167 0.000000
vt 0.310000 -0.235619 0.000000
vt 0.000000 -0.235619 0.000000
vt 0.310000 -0.265072 0.000000
vt 0.000000 -0.265072 0.000000
vt 0.310000 -0.294524 0.000000
vt 0.000000 -0.294524 0.000000
vt 1.100000 -0.287979 0.000000
vt 0.630000 -0.287979 0.000000
vt 1.100000 -0.314159 0.000000
vt 0.630000 -0.314159 0.000000
vt 1.100000 0.314159 0.000000
vt 0.630000 0.314159 0.000000
vt 1.100000 0.287979 0.000000
vt 0.630000 0.287979 0.000000
vt 1.100000 0.261799 0.000000
vt 0.630000 0.261799 0.000000
vt 1.100000 0.235619 0.000000
vt 0.630000 0.235619 0.000000
vt 1.100000 0.209440 0.000000
vt 0.630000 0.209440 0.000000
vt 1.100000 0.183260 0.000000
vt 0.630000 0.183260 0.000000
vt 1.100000 0.157080 0.000000
vt 0.630000 0.157080 0.000000
vt 1.100000 0.130900 0.000000
vt 0.630000 0.130900 0.000000
vt 1.100000 0.104720 0.000000
vt 0.630000 0.104720 0.000000
vt 1.100000 0.078540 0.000000
vt 0.630000 0.078540 0.000000
vt 1.100000 0.052360 0.000000
vt 0.630000 0.052360 0.000000
vt 1.100000 0.026180 0.000000
vt 0.630000 0.026180 0.000000
vt 1.100000 0.000000 0.000000
vt 0.630000 0.000000 0.000000
vt 1.100000 -0.026180 0.000000
vt 0.630000 -0.026180 0.000000
vt 1.100000 -0.052360 0.000000
vt 0.630000 -0.052360 0.000000
vt 1.100000 -0.078540 0.000000
vt 0.630000 -0.078540 0.000000
vt 1.100000 -0.104720 0.000000
vt 0.630000 -0.104720 0.000000
vt 1.100000 -0.130900 0.000000
vt 0.630000 -0.130900 0.000000
vt 1.100000 -0.157080 0.000000
vt 0.630000 -0.157080 0.000000
vt 1.100000 -0.183260 0.000000
vt 0.630000 -0.183260 0.000000
vt 1.100000 -0.209440 0.000000
vt 0.630000 -0.209440 0.000000
vt 1.100000 -0.235619 0.000000
vt 0.630000 -0.235619 0.000000
vt 1.100000 -0.261799 0.000000
vt 0.630000 -0.261799 0.000000
vt -0.310000 0.287979 0.000000
vt 0.160000 0.287979 0.000000
vt -0.310000 0.314159 0.000000
vt 0.160000 0.314159 0.000000
vt -0.310000 -0.314159 0.000000
vt 0.160000 -0.314159 0.000000
vt -0.310000 -0.287979 0.000000
vt 0.160000 -0.287979 0.000000
vt -0.310000 -0.261799 0.000000
vt 0.160000 -0.261799 0.000000
vt -0.310000 -0.235619 0.000000
vt 0.160000 -0.235619 0.000000
vt -0.310000 -0.209440 0.000000
vt 0.160000 -0.209440 0.000000
vt -0.310000 -0.183260 0.000000
vt 0.160000 -0.183260 0.000000
vt -0.310000 -0.157080 0.000000
vt 0.160000 -0.157080 0.000000
vt -0.310000 -0.130900 0.000000
vt 0.160000 -0.130900 0.000000
vt -0.310000 -0.104720 0.000000
vt 0.160000 -0.104720 0.000000
vt -0.310000 -0.078540 0.000000
vt 0.160000 -0.078540 0.000000
vt -0.310000 -0.052360 0.000000
vt 0.160000 -0.052360 0.000000
vt -0.310000 -0.026180 0.000000
vt 0.160000 -0.026180 0.000000
vt -0.310000 0.000000 0.000000
vt 0.160000 0.000000 0.000000
vt -0.310000 0.026180 0.000000
vt 0.160000 0.026180 0.000000
vt -0.310000 0.052360 0.000000
vt 0.160000 0.052360 0.000000
vt -0.310000 0.078540 0.000000
vt 0.160000 0.078540 0.000000
vt -0.310000 0.104720 0.000000
vt 0.160000 0.104720 0.000000
vt -0.310000 0.130900 0.000000
vt 0.160000 0.130900 0.000000
vt -0.310000 0.157080 0.000000
vt 0.160000 0.157080 0.000000
vt -0.310000 0.183260 0.000000
vt 0.160000 0.183260 0.000000
vt -0.310000 0.209440 0.000000
vt 0.160000 0.209440 0.000000
vt -0.310000 0.235619 0.000000
vt 0.160000 0.235619 0.000000
vt -0.310000 0.261799 0.000000
vt 0.160000 0.261799 0.000000
vt 1.098628 -0.176715 0.000000
vt 1.100000 -0.157080 0.000000
vt 0.630000 -0.157080 0.000000
vt 1.098628 -0.137445 0.000000
vt 0.630000 -0.130900 0.000000
vt 1.094563 -0.117810 0.000000
vt 0.630000 -0.104720 0.000000
vt 1.087962 -0.098175 0.000000
vt 0.630000 -0.078540 0.000000
vt 1.079079 -0.078540 0.000000
vt 1.068255 -0.058905 0.000000
vt 0.630000 -0.052360 0.000000
vt 1.055906 -0.039270 0.000000
vt 0.630000 -0.026180 0.000000
vt 1.042506 -0.019635 0.000000
vt 0.630000 0.000000 0.000000
vt 1.028571 0.000000 0.000000
vt 1.014636 0.019635 0.000000
vt 0.630000 0.026180 0.000000
vt 1.001237 0.039270 0.000000
vt 0.630000 0.052360 0.000000
vt 0.988888 0.058905 0.000000
vt 0.630000 0.078540 0.000000
vt 0.978064 0.078540 0.000000
vt 0.969181 0.098175 0.000000
vt 0.630000 0.104720 0.000000
vt 0.962580 0.117810 0.000000
vt 0.630000 0.130900 0.000000
vt 0.958515 0.137445 0.000000
vt 0.630000 0.157080 0.000000
vt 0.957143 0.157080 0.000000
vt 0.958515 0.176715 0.000000
vt 0.630000 0.183260 0.000000
vt 0.962580 0.196350 0.000000
vt 0.630000 0.209440 0.000000
vt 0.969181 0.215984 0.000000
vt 0.630000 0.235619 0.000000
vt 0.978064 0.235619 0.000000
vt 0.988888 0.255254 0.000000
vt 0.630000 0.261799 0.000000
vt 1.001237 0.274889 0.000000
vt 0.630000 0.287979 0.000000
vt 1.014636 0.294524 0.000000
vt 0.630000 0.314159 0.000000
vt 1.028571 0.314159 0.000000
vt 0.630000 -0.314159 0.000000
vt 1.028571 -0.314159 0.000000
vt 1.042506 -0.294524 0.000000
vt 0.630000 -0.287979 0.000000
vt 1.055906 -0.274889 0.000000
vt 0.630000 -0.261799 0.000000
vt 1.068255 -0.255254 0.000000
vt 0.630000 -0.235619 0.000000
vt 1.079079 -0.235619 0.000000
vt 1.087962 -0.215984 0.000000
vt 0.630000 -0.209440 0.000000
vt 1.094563 -0.196350 0.000000
vt 0.630000 -0.183260 0.000000
vt -0.310000 0.287979 0.000000
vt 0.160000 0.287979 0.000000
vt -0.310000 0.314159 0.000000
vt 0.160000 0.314159 0.000000
vt -0.310000 -0.314159 0.000000
vt 0.160000 -0.314159 0.000000
vt -0.310000 -0.287979 0.000000
vt 0.160000 -0.287979 0.000000
vt -0.310000 -0.261799 0.000000
vt 0.160000 -0.261799 0.000000
vt -0.310000 -0.235619 0.000000
vt 0.160000 -0.235619 0.000000
vt -0.310000 -0.209440 0.000000
vt 0.160000 -0.209440 0.000000
vt -0.310000 -0.183260 0.000000
vt 0.160000 -0.183260 0.000000
vt -0.310000 -0.157080 0.000000
vt 0.160000 -0.157080 0.000000
vt -0.310000 -0.130900 0.000000
vt 0.160000 -0.130900 0.000000
vt -0.310000 -0.104720 0.000000
vt 0.160000 -0.104720 0.000000
vt -0.310000 -0.078540 0.000000
vt 0.160000 -0.078540 0.000000
vt -0.310000 -0.052360 0.000000
vt 0.160000 -0.052360 0.000000
vt -0.310000 -0.026180 0.000000
vt 0.160000 -0.026180 0.000000
vt -0.310000 0.000000 0.000000
vt 0.160000 0.000000 0.000000
vt -0.310000 0.026180 0.000000
vt 0.160000 0.026180 0.000000
vt -0.310000 0.052360 0.000000
vt 0.160000 0.052360 0.000000
vt -0.310000 0.078540 0.000000
vt 0.160000 0.078540 0.000000
vt -0.310000 0.104720 0.000000
vt 0.160000 0.104720 0.000000
vt -0.310000 0.130900 0.000000
vt 0.160000 0.130900 0.000000
vt -0.310000 0.157080 0.000000
vt 0.160000 0.157080 0.000000
vt -0.310000 0.183260 0.000000
vt 0.160000 0.183260 0.000000
vt -0.310000 0.209440 0.000000
vt 0.160000 0.209440 0.000000
vt -0.310000 0.235619 0.000000
vt 0.160000 0.235619 0.000000
vt -0.310000 0.261799 0.000000
vt 0.160000 0.261799 0.000000
vt -0.600000 0.000000 0.000000
vt -0.000000 0.000000 0.000000
vt -0.600000 0.310000 0.000000
vt -0.000000 0.310000 0.000000
vt -0.600000 0.000000 0.000000
vt -0.000000 0.000000 0.000000
vt -0.600000 0.310000 0.000000
vt -0.000000 0.310000 0.000000
vt -0.600000 0.000000 0.000000
vt -0.000000 0.000000 0.000000
vt -0.600000 0.310000 0.000000
vt -0.000000 0.310000 0.000000
vt -0.600000 0.000000 0.000000
vt -0.000000 0.000000 0.000000
vt -0.600000 0.310000 0.000000
vt -0.000000 0.310000 0.000000
vt -0.600000 0.000000 0.000000
vt -0.000000 0.000000 0.000000
vt -0.600000 0.310000 0.000000
vt -0.000000 0.310000 0.000000
vt -0.600000 0.000000 0.000000
vt -0.000000 0.000000 0.000000
vt -0.600000 0.310000 0.000000
vt -0.000000 0.310000 0.000000
vt -0.600000 0.000000 0.000000
vt -0.000000 0.000000 0.000000
vt -0.600000 0.310000 0.000000
vt -0.000000 0.310000 0.000000
vt -0.600000 0.000000 0.000000
vt -0.000000 0.000000 0.000000
vt -0.600000 0.310000 0.000000
vt -0.000000 0.310000 0.000000
vt 0.000000 0.120000 0.000000
vt -0.600000 0.120000 0.000000
vt -0.000000 -0.190000 0.000000
vt -0.600000 -0.190000 0.000000
vt -0.000000 0.120000 0.000000
vt -0.600000 0.120000 0.000000
vt 0.000000 -0.190000 0.000000
vt -0.600000 -0.190000 0.000000
vt -0.600000 0.000000 0.000000
vt -0.000000 0.000000 0.000000
vt -0.600000 0.310000 0.000000
vt -0.000000 0.310000 0.000000
vt -0.600000 -0.000000 0.000000
vt 0.000000 0.000000 0.000000
vt -0.600000 0.310000 0.000000
vt -0.000000 0.310000 0.000000
vt -0.600000 0.000000 0.000000
vt -0.000000 0.000000 0.000000
vt -0.600000 0.310000 0.000000
vt -0.000000 0.310000 0.000000
vt -0.600000 0.000000 0.000000
vt -0.000000 0.000000 0.000000
vt -0.600000 0.310000 0.000000
vt -0.000000 0.310000 0.000000
vt -0.600000 0.000000 0.000000
vt -0.000000 0.000000 0.000000
vt -0.600000 0.310000 0.000000
vt -0.000000 0.310000 0.000000
vt -0.600000 0.000000 0.000000
vt 0.000000 0.000000 0.000000
vt -0.600000 0.310000 0.000000
vt -0.000000 0.310000 0.000000
vt -0.600000 0.000000 0.000000
vt 0.000000 0.000000 0.000000
vt -0.600000 0.310000 0.000000
vt -0.000000 0.310000 0.000000
vt -0.600000 0.000000 0.000000
vt -0.000000 0.000000 0.000000
vt -0.600000 0.310000 0.000000
vt -0.000000 0.310000 0.000000
vt -0.600000 0.000000 0.000000
vt -0.000000 0.000000 0.000000
vt -0.600000 0.310000 0.000000
vt -0.000000 0.310000 0.000000
vt -0.600000 0.000000 0.000000
vt -0.000000 0.000000 0.000000
vt -0.600000 0.310000 0.000000
vt -0.000000 0.310000 0.000000
vt -0.600000 0.000000 0.000000
vt -0.000000 0.000000 0.000000
vt -0.600000 0.310000 0.000000
vt 0.000000 0.310000 0.000000
vt -0.600000 0.000000 0.000000
vt -0.000000 0.000000 0.000000
vt -0.600000 0.310000 0.000000
vt -0.000000 0.310000 0.000000
vt -0.600000 0.000000 0.000000
vt -0.000000 0.000000 0.000000
vt -0.600000 0.310000 0.000000
vt 0.000000 0.310000 0.000000
vt -0.600000 0.000000 0.000000
vt -0.000000 0.000000 0.000000
vt -0.600000 0.310000 0.000000
vt -0.000000 0.310000 0.000000
vt -0.600000 0.000000 0.000000
vt -0.000000 0.000000 0.000000
vt -0.600000 0.310000 0.000000
vt -0.000000 0.310000 0.000000
vt -0.600000 0.000000 0.000000
vt 0.000000 0.000000 0.000000
vt -0.600000 0.310000 0.000000
vt -0.000000 0.310000 0.000000
vt -0.600000 0.000000 0.000000
vt -0.000000 0.000000 0.000000
vt -0.600000 0.310000 0.000000
vt -0.000000 0.310000 0.000000
vt -0.600000 -0.000000 0.000000
vt 0.000000 0.000000 0.000000
vt -0.600000 0.310000 0.000000
vt -0.000000 0.310000 0.000000
vt -0.600000 0.000000 0.000000
vt -0.000000 0.000000 0.000000
vt -0.600000 0.310000 0.000000
vt 0.000000 0.310000 0.000000
vt -0.600000 0.000000 0.000000
vt -0.000000 0.000000 0.000000
vt -0.600000 0.310000 0.000000
vt -0.000000 0.310000 0.000000
vt -0.000000 0.120000 0.000000
vt -0.600000 0.120000 0.000000
vt 0.000000 -0.190000 0.000000
vt -0.600000 -0.190000 0.000000
vt 0.000000 0.120000 0.000000
vt -0.600000 0.120000 0.000000
vt -0.000000 -0.190000 0.000000
vt -0.600000 -0.190000 0.000000
vt 0.000000 4.800000 0.000000
vt 0.000000 18.250000 0.000000
vt -0.310000 4.800000 0.000000
vt -0.910000 18.250000 0.000000
vt -0.910000 1.880000 0.000000
vt -0.310000 1.880000 0.000000
vn 0.000000 0.000000 0.100000
vn 0.000000 0.000000 0.100000
vn 0.000000 0.000000 0.100000
vn 0.000000 0.000000 0.100000
vn 0.000000 0.000000 0.100000
vn 0.000000 0.000000 0.100000
vn 0.000000 0.000000 0.100000
vn 0.000000 0.000000 0.100000
vn 0.000000 0.000000 0.100000
vn 0.000000 0.000000 0.100000
vn 0.000000 0.000000 0.100000
vn 0.000000 0.000000 0.100000
vn 0.000000 0.000000 0.100000
vn 0.000000 0.000000 0.100000
vn 0.000000 0.000000 0.100000
vn 0.000000 0.000000 0.100000
vn 0.000000 0.000000 0.100000
vn 0.000000 0.000000 0.100000
vn 0.000000 0.000000 0.100000
vn 0.000000 0.000000 0.100000
vn 0.000000 0.000000 0.100000
vn 0.000000 0.000000 0.100000
vn 0.000000 0.000000 0.100000
vn 0.000000 0.000000 0.100000
vn 0.000000 0.000000 0.100000
vn 0.000000 0.000000 0.100000
vn 0.000000 0.000000 0.100000
vn 0.000000 0.000000 0.100000
vn 0.000000 0.000000 0.100000
vn 0.000000 0.000000 0.100000
vn 0.000000 0.000000 0.100000
vn 0.000000 0.000000 0.100000
vn 0.000000 0.000000 0.100000
vn 0.000000 0.000000 0.100000
vn 0.000000 0.000000 0.100000
vn 0.000000 0.000000 0.100000
vn 0.000000 0.000000 0.100000
vn 0.000000 0.000000 0.100000
vn 0.000000 0.000000 0.100000
vn 0.000000 0.000000 0.100000
vn 0.000000 0.058124 -0.081373
vn 0.000000 0.058124 -0.081373
vn 0.000000 0.058124 -0.081373
vn 0.000000 0.058124 -0.081373
vn 0.000000 0.058124 -0.081373
vn 0.000000 0.058124 -0.081373
vn 0.000000 0.058124 -0.081373
vn 0.000000 0.058124 -0.081373
vn 0.000000 0.058124 -0.081373
vn 0.000000 0.058124 -0.081373
vn 0.000000 0.058124 -0.081373
vn 0.000000 0.058124 -0.081373
vn 0.000000 0.058124 -0.081373
vn 0.000000 0.058124 -0.081373
vn 0.000000 0.058124 -0.081373
vn 0.000000 0.058124 -0.081373
vn 0.000000 0.058124 -0.081373
vn 0.000000 0.058124 -0.081373
vn 0.000000 0.058124 -0.081373
vn 0.000000 0.058124 -0.081373
vn 0.000000 0.058124 -0.081373
vn 0.000000 0.058124 -0.081373
vn 0.000000 0.058124 -0.081373
vn 0.000000 0.058124 -0.081373
vn 0.000000 0.058124 -0.081373
vn 0.000000 0.058124 -0.081373
vn 0.000000 0.058124 -0.081373
vn 0.000000 0.058124 -0.081373
vn 0.000000 0.058124 -0.081373
vn 0.000000 0.058124 -0.081373
vn 0.000000 0.058124 -0.081373
vn 0.000000 0.058124 -0.081373
vn 0.000000 0.058124 -0.081373
vn 0.000000 0.058124 -0.081373
vn 0.000000 0.058124 -0.081373
vn 0.000000 0.058124 -0.081373
vn 0.000000 0.058124 -0.081373
vn 0.000000 0.058124 -0.081373
vn 0.000000 0.058124 -0.081373
vn 0.000000 0.058124 -0.081373
vn 0.000000 0.058124 -0.081373
vn 0.000000 0.058124 -0.081373
vn 0.000000 0.058124 -0.081373
vn 0.000000 0.058124 -0.081373
vn 0.000000 0.058124 -0.081373
vn 0.000000 0.058124 -0.081373
vn 0.100000 0.000000 0.000000
vn 0.100000 0.000000 0.000000
vn 0.100000 0.000000 0.000000
vn 0.100000 0.000000 0.000000
vn 0.000000 -0.058124 0.081373
vn 0.000000 -0.058124 0.081373
vn 0.000000 -0.058124 0.081373
vn 0.000000 -0.058124 0.081373
vn 0.000000 -0.058124 0.081373
vn 0.000000 -0.058124 0.081373
vn 0.000000 -0.058124 0.081373
vn 0.000000 -0.058124 0.081373
vn 0.000000 -0.058124 0.081373
vn 0.000000 -0.058124 0.081373
vn 0.000000 -0.058124 0.081373
vn 0.000000 -0.058124 0.081373
vn 0.000000 -0.058124 0.081373
vn 0.000000 -0.058124 0.081373
vn 0.000000 -0.058124 0.081373
vn 0.000000 -0.058124 0.081373
vn 0.000000 -0.058124 0.081373
vn 0.000000 -0.058124 0.081373
vn 0.000000 -0.058124 0.081373
vn 0.000000 -0.058124 0.081373
vn 0.000000 -0.058124 0.081373
vn 0.000000 -0.058124 0.081373
vn 0.000000 -0.058124 0.081373
vn 0.000000 -0.058124 0.081373
vn 0.000000 -0.058124 0.081373
vn 0.000000 -0.058124 0.081373
vn 0.000000 -0.058124 0.081373
vn 0.000000 -0.058124 0.081373
vn 0.000000 -0.058124 0.081373
vn 0.000000 -0.058124 0.081373
vn 0.000000 -0.058124 0.081373
vn 0.000000 -0.058124 0.081373
vn 0.000000 -0.058124 0.081373
vn 0.000000 -0.058124 0.081373
vn 0.000000 -0.058124 0.081373
vn 0.000000 -0.058124 0.081373
vn 0.000000 -0.058124 0.081373
vn 0.000000 -0.058124 0.081373
vn 0.000000 -0.058124 0.081373
vn 0.000000 -0.058124 0.081373
vn 0.000000 -0.058124 0.081373
vn 0.000000 -0.058124 0.081373
vn 0.000000 -0.058124 0.081373
vn 0.000000 -0.058124 0.081373
vn 0.000000 -0.058124 0.081373
vn 0.000000 -0.058124 0.081373
vn 0.000000 -0.058124 0.081373
vn 0.000000 -0.058124 0.081373
vn 0.000000 -0.058124 0.081373
vn 0.000000 -0.100000 0.000000
vn 0.000000 -0.100000 0.000000
vn 0.000000 -0.100000 0.000000
vn 0.000000 -0.100000 0.000000
vn 0.000000 -0.100000 0.000000
vn 0.000000 -0.100000 0.000000
vn 0.000000 -0.100000 0.000000
vn 0.000000 -0.100000 0.000000
vn 0.100000 0.000000 0.000000
vn 0.100000 0.000000 0.000000
vn 0.100000 0.000000 0.000000
vn 0.100000 0.000000 0.000000
vn -0.000000 0.100000 -0.000000
vn -0.000000 0.100000 -0.000000
vn -0.000000 0.100000 -0.000000
vn -0.000000 0.100000 -0.000000
vn 0.000000 0.000000 0.100000
vn 0.000000 0.000000 0.100000
vn 0.000000 0.000000 0.100000
vn 0.000000 0.000000 0.100000
vn 0.100000 -0.000000 0.000000
vn 0.100000 -0.000000 0.000000
vn 0.100000 -0.000000 0.000000
vn 0.100000 -0.000000 0.000000
vn 0.000000 0.100000 0.000000
vn 0.000000 0.100000 0.000000
vn 0.000000 0.100000 0.000000
vn 0.000000 0.100000 0.000000
vn -0.100000 0.000000 0.000000
vn -0.100000 0.000000 0.000000
vn -0.100000 0.000000 0.000000
vn -0.100000 0.000000 0.000000
vn 0.096593 -0.025882 0.000000
vn 0.096593 -0.025882 0.000000
vn 0.100000 -0.000000 0.000000
vn 0.100000 -0.000000 0.000000
vn 0.096593 0.025882 0.000000
vn 0.096593 0.025882 0.000000
vn 0.086603 0.050000 0.000000
vn 0.086603 0.050000 0.000000
vn 0.070711 0.070711 0.000000
vn 0.070711 0.070711 0.000000
vn 0.050000 0.086603 0.000000
vn 0.050000 0.086603 0.000000
vn 0.025882 0.096593 0.000000
vn 0.025882 0.096593 0.000000
vn -0.000000 0.100000 0.000000
vn -0.000000 0.100000 0.000000
vn -0.025882 0.096593 0.000000
vn -0.025882 0.096593 0.000000
vn -0.050000 0.086603 0.000000
vn -0.050000 0.086603 0.000000
vn -0.070711 0.070711 0.000000
vn -0.070711 0.070711 0.000000
vn -0.086603 0.050000 0.000000
vn -0.086603 0.050000 0.000000
vn -0.096593 0.025882 0.000000
vn -0.096593 0.025882 0.000000
vn -0.100000 0.000000 0.000000
vn -0.100000 0.000000 0.000000
vn -0.096593 -0.025882 0.000000
vn -0.096593 -0.025882 0.000000
vn -0.086603 -0.050000 0.000000
vn -0.086603 -0.050000 0.000000
vn -0.070711 -0.070711 0.000000
vn -0.070711 -0.070711 0.000000
vn -0.050000 -0.086603 0.000000
vn -0.050000 -0.086603 0.000000
vn -0.025882 -0.096593 0.000000
vn -0.025882 -0.096593 0.000000
vn -0.000000 -0.100000 0.000000
vn -0.000000 -0.100000 0.000000
vn 0.025882 -0.096593 0.000000
vn 0.025882 -0.096593 0.000000
vn 0.050000 -0.086603 0.000000
vn 0.050000 -0.086603 0.000000
vn 0.070711 -0.070711 0.000000
vn 0.070711 -0.070711 0.000000
vn 0.086603 -0.050000 0.000000
vn 0.086603 -0.050000 0.000000
vn -0.100000 0.000000 0.000000
vn -0.100000 0.000000 0.000000
vn -0.100000 0.000000 0.000000
vn -0.100000 0.000000 0.000000
vn -0.100000 0.000000 0.000000
vn -0.100000 0.000000 0.000000
vn 0.000000 -0.070711 0.070711
vn 0.000000 -0.070711 0.070711
vn 0.000000 -0.070711 0.070711
vn 0.000000 -0.070711 0.070711
vn 0.000000 -0.100000 0.000000
vn 0.000000 -0.100000 0.000000
vn 0.000000 -0.100000 0.000000
vn 0.000000 -0.100000 0.000000
vn 0.000000 -0.100000 0.000000
vn 0.000000 -0.100000 0.000000
vn 0.000000 -0.100000 0.000000
vn 0.000000 -0.100000 0.000000
vn 0.000000 -0.100000 0.000000
vn 0.000000 -0.100000 0.000000
vn 0.000000 -0.100000 0.000000
vn 0.000000 -0.100000 0.000000
vn 0.000000 -0.100000 0.000000
vn 0.000000 -0.100000 0.000000
vn 0.000000 -0.100000 0.000000
vn 0.000000 -0.100000 0.000000
vn 0.000000 0.070711 -0.070711
vn 0.000000 0.070711 -0.070711
vn 0.000000 0.070711 -0.070711
vn 0.000000 0.070711 -0.070711
vn 0.000000 0.070711 -0.070711
vn 0.000000 0.070711 -0.070711
vn 0.000000 0.000000 -0.100000
vn 0.000000 0.000000 -0.100000
vn 0.000000 0.000000 -0.100000
vn 0.000000 0.000000 -0.100000
vn 0.000000 0.000000 -0.100000
vn 0.000000 0.000000 -0.100000
vn 0.000000 0.000000 -0.100000
vn 0.000000 0.000000 -0.100000
vn 0.000000 0.000000 -0.100000
vn 0.000000 0.000000 -0.100000
vn 0.000000 0.000000 -0.100000
vn 0.000000 0.000000 -0.100000
vn 0.000000 0.000000 -0.100000
vn 0.000000 0.000000 -0.100000
vn 0.000000 0.000000 -0.100000
vn 0.000000 0.000000 -0.100000
vn 0.000000 0.000000 -0.100000
vn 0.000000 0.000000 -0.100000
vn 0.000000 0.000000 -0.100000
vn 0.000000 0.000000 -0.100000
vn 0.000000 0.000000 -0.100000
vn 0.000000 0.000000 -0.100000
vn 0.000000 0.000000 -0.100000
vn 0.000000 0.000000 -0.100000
vn 0.000000 0.000000 -0.100000
vn 0.000000 0.000000 -0.100000
vn 0.000000 0.000000 -0.100000
vn 0.000000 0.000000 -0.100000
vn 0.000000 0.000000 -0.100000
vn 0.000000 0.000000 -0.100000
vn 0.000000 0.000000 -0.100000
vn 0.000000 0.000000 -0.100000
vn 0.000000 0.000000 -0.100000
vn 0.000000 0.000000 -0.100000
vn 0.000000 0.000000 -0.100000
vn 0.000000 0.000000 -0.100000
vn 0.000000 0.000000 -0.100000
vn 0.000000 0.000000 -0.100000
vn 0.000000 0.000000 -0.100000
vn 0.000000 0.000000 -0.100000
vn 0.000000 0.000000 -0.100000
vn 0.000000 0.000000 -0.100000
vn 0.000000 0.000000 -0.100000
vn 0.000000 0.000000 -0.100000
vn 0.000000 0.000000 -0.100000
vn 0.000000 0.000000 -0.100000
vn 0.000000 0.000000 -0.100000
vn 0.000000 0.000000 -0.100000
vn 0.000000 0.000000 -0.100000
vn 0.000000 0.000000 -0.100000
vn 0.000000 0.000000 -0.100000
vn 0.000000 0.000000 -0.100000
vn 0.000000 0.000000 -0.100000
vn 0.000000 0.000000 -0.100000
vn 0.000000 0.000000 -0.100000
vn 0.000000 0.000000 -0.100000
vn 0.000000 0.000000 -0.100000
vn 0.000000 0.000000 -0.100000
vn 0.000000 0.000000 -0.100000
vn 0.000000 0.000000 -0.100000
vn 0.000000 0.000000 -0.100000
vn 0.000000 0.000000 -0.100000
vn 0.000000 0.000000 -0.100000
vn 0.000000 0.000000 -0.100000
vn 0.000000 0.000000 -0.100000
vn 0.000000 0.000000 -0.100000
vn 0.000000 0.000000 -0.100000
vn 0.000000 0.000000 -0.100000
vn 0.000000 0.000000 -0.100000
vn 0.000000 0.000000 -0.100000
vn 0.000000 0.000000 -0.100000
vn 0.000000 0.000000 -0.100000
vn 0.000000 0.000000 -0.100000
vn 0.000000 0.000000 -0.100000
vn 0.000000 0.000000 -0.100000
vn 0.000000 0.000000 -0.100000
vn 0.000000 0.000000 -0.100000
vn 0.000000 0.000000 -0.100000
vn 0.000000 0.000000 -0.100000
vn 0.000000 0.000000 -0.100000
vn 0.000000 0.000000 -0.100000
vn 0.000000 0.000000 -0.100000
vn 0.000000 0.000000 -0.100000
vn 0.000000 0.000000 -0.100000
vn 0.000000 0.000000 -0.100000
vn 0.000000 0.000000 -0.100000
vn 0.000000 0.000000 -0.100000
vn 0.000000 0.000000 -0.100000
vn 0.000000 0.000000 -0.100000
vn 0.000000 0.000000 -0.100000
vn 0.000000 0.000000 -0.100000
vn 0.000000 0.000000 -0.100000
vn 0.000000 0.000000 -0.100000
vn 0.000000 0.000000 -0.100000
vn 0.000000 0.000000 -0.100000
vn 0.000000 0.000000 -0.100000
vn 0.000000 0.000000 -0.100000
vn 0.000000 0.000000 -0.100000
vn 0.000000 0.000000 -0.100000
vn 0.000000 0.000000 -0.100000
vn 0.000000 0.000000 -0.100000
vn 0.000000 0.000000 -0.100000
vn 0.000000 0.000000 -0.100000
vn 0.000000 0.000000 -0.100000
vn 0.000000 0.000000 -0.100000
vn 0.000000 0.000000 -0.100000
vn 0.000000 0.000000 -0.100000
vn 0.000000 0.000000 -0.100000
vn 0.000000 0.000000 -0.100000
vn 0.000000 0.000000 -0.100000
vn 0.000000 0.000000 -0.100000
vn 0.000000 0.000000 -0.100000
vn 0.000000 0.000000 -0.100000
vn 0.000000 0.000000 -0.100000
vn 0.000000 0.000000 -0.100000
vn 0.000000 0.000000 -0.100000
vn 0.000000 0.000000 -0.100000
vn 0.000000 0.000000 -0.100000
vn 0.000000 0.000000 -0.100000
vn 0.000000 0.000000 -0.100000
vn 0.000000 0.000000 -0.100000
vn 0.000000 0.000000 -0.100000
vn 0.000000 0.000000 -0.100000
vn 0.000000 0.000000 -0.100000
vn 0.000000 0.000000 -0.100000
vn 0.000000 0.000000 -0.100000
vn 0.000000 0.000000 -0.100000
vn 0.000000 0.000000 -0.100000
vn 0.000000 0.000000 -0.100000
vn 0.000000 0.000000 -0.100000
vn 0.000000 0.000000 -0.100000
vn 0.000000 0.000000 -0.100000
vn 0.000000 0.000000 -0.100000
vn 0.000000 0.000000 -0.100000
vn 0.000000 0.000000 -0.100000
vn 0.000000 0.000000 -0.100000
vn 0.000000 0.000000 -0.100000
vn 0.000000 0.000000 -0.100000
vn 0.000000 0.000000 -0.100000
vn 0.000000 0.000000 -0.100000
vn 0.000000 0.000000 -0.100000
vn 0.000000 0.000000 -0.100000
vn 0.000000 0.000000 -0.100000
vn 0.000000 0.000000 -0.100000
vn 0.000000 0.000000 -0.100000
vn 0.000000 0.000000 -0.100000
vn 0.000000 0.000000 -0.100000
vn 0.000000 0.000000 -0.100000
vn 0.000000 0.000000 -0.100000
vn 0.000000 0.000000 -0.100000
vn 0.000000 0.000000 -0.100000
vn 0.000000 0.000000 -0.100000
vn 0.000000 0.000000 -0.100000
vn 0.000000 0.000000 -0.100000
vn 0.000000 0.000000 -0.100000
vn 0.000000 0.000000 -0.100000
vn 0.000000 0.000000 -0.100000
vn 0.000000 0.000000 -0.100000
vn 0.000000 0.000000 -0.100000
vn 0.000000 0.000000 -0.100000
vn 0.000000 0.000000 -0.100000
vn 0.000000 0.000000 -0.100000
vn 0.000000 0.000000 -0.100000
vn 0.000000 0.000000 -0.100000
vn 0.000000 0.000000 -0.100000
vn 0.000000 0.000000 -0.100000
vn 0.000000 0.000000 -0.100000
vn 0.000000 0.000000 -0.100000
vn 0.000000 0.000000 -0.100000
vn 0.000000 0.000000 -0.100000
vn 0.000000 0.000000 -0.100000
vn 0.000000 0.000000 -0.100000
vn 0.000000 0.000000 -0.100000
vn 0.000000 0.000000 -0.100000
vn 0.000000 0.000000 -0.100000
vn 0.000000 0.000000 -0.100000
vn 0.000000 0.000000 -0.100000
vn 0.000000 0.100000 0.000000
vn 0.000000 0.100000 0.000000
vn 0.000000 0.100000 0.000000
vn 0.000000 0.100000 0.000000
vn 0.100000 0.000000 0.000000
vn 0.100000 0.000000 0.000000
vn 0.100000 0.000000 0.000000
vn 0.100000 0.000000 0.000000
vn 0.100000 0.000000 0.000000
vn 0.000000 0.000000 -0.100000
vn 0.000000 0.000000 -0.100000
vn 0.000000 0.000000 -0.100000
vn 0.000000 0.000000 -0.100000
vn 0.000000 0.000000 -0.100000
vn 0.000000 0.000000 -0.100000
vn 0.000000 0.000000 -0.100000
vn 0.000000 0.000000 -0.100000
vn 0.000000 0.000000 -0.100000
vn 0.000000 0.000000 -0.100000
vn 0.000000 0.000000 -0.100000
vn 0.000000 0.000000 -0.100000
vn 0.000000 0.000000 -0.100000
vn 0.000000 0.000000 -0.100000
vn 0.100000 -0.000000 0.000000
vn 0.100000 -0.000000 0.000000
vn 0.100000 -0.000000 0.000000
vn 0.100000 -0.000000 0.000000
vn 0.100000 -0.000000 0.000000
vn 0.100000 -0.000000 0.000000
vn 0.100000 -0.000000 0.000000
vn -0.100000 0.000000 0.000000
vn -0.100000 0.000000 0.000000
vn -0.100000 0.000000 0.000000
vn -0.100000 0.000000 0.000000
vn -0.100000 0.000000 0.000000
vn -0.100000 0.000000 0.000000
vn -0.100000 0.000000 0.000000
vn -0.100000 0.000000 0.000000
vn 0.000000 -0.100000 0.000000
vn 0.000000 -0.100000 0.000000
vn 0.000000 -0.100000 0.000000
vn 0.000000 -0.100000 0.000000
vn 0.100000 0.000000 0.000000
vn 0.100000 0.000000 0.000000
vn 0.100000 0.000000 0.000000
vn 0.100000 0.000000 0.000000
vn 0.000000 0.100000 0.000000
vn 0.000000 0.100000 0.000000
vn 0.000000 0.100000 0.000000
vn 0.000000 0.100000 0.000000
vn 0.000000 0.100000 0.000000
vn 0.000000 0.100000 0.000000
vn 0.000000 0.100000 0.000000
vn 0.000000 0.100000 0.000000
vn 0.000000 0.100000 0.000000
vn 0.000000 0.100000 0.000000
vn 0.000000 0.000000 0.100000
vn 0.000000 0.000000 0.100000
vn 0.000000 0.000000 0.100000
vn 0.000000 0.000000 0.100000
vn 0.000000 0.000000 0.100000
vn 0.000000 0.000000 0.100000
vn -0.100000 0.000000 0.000000
vn -0.100000 0.000000 0.000000
vn -0.100000 0.000000 0.000000
vn 0.000000 0.000000 0.100000
vn 0.000000 0.000000 0.100000
vn 0.000000 0.000000 0.100000
vn 0.000000 0.000000 0.100000
vn 0.100000 0.000000 0.000000
vn 0.100000 0.000000 0.000000
vn 0.100000 0.000000 0.000000
vn 0.100000 0.000000 0.000000
vn 0.100000 0.000000 0.000000
vn 0.100000 0.000000 0.000000
vn 0.100000 0.000000 0.000000
vn 0.100000 0.000000 0.000000
vn 0.100000 0.000000 0.000000
vn 0.100000 0.000000 0.000000
vn 0.100000 0.000000 0.000000
vn 0.100000 0.000000 0.000000
vn 0.100000 0.000000 0.000000
vn 0.000000 0.100000 0.000000
vn 0.000000 0.100000 0.000000
vn 0.000000 0.100000 0.000000
vn 0.000000 0.100000 0.000000
vn 0.100000 0.000000 0.000000
vn 0.100000 0.000000 0.000000
vn 0.100000 0.000000 0.000000
vn 0.100000 0.000000 0.000000
vn 0.000000 0.000000 -0.100000
vn 0.000000 0.000000 -0.100000
vn 0.000000 0.000000 -0.100000
vn 0.000000 0.000000 -0.100000
vn 0.000000 0.000000 -0.100000
vn 0.000000 0.000000 -0.100000
vn 0.000000 0.000000 -0.100000
vn 0.000000 0.000000 -0.100000
vn 0.000000 0.000000 -0.100000
vn 0.000000 0.000000 -0.100000
vn 0.000000 0.000000 -0.100000
vn 0.000000 0.000000 -0.100000
vn 0.000000 0.000000 -0.100000
vn 0.000000 0.000000 -0.100000
vn 0.000000 0.000000 -0.100000
vn 0.000000 0.000000 -0.100000
vn 0.000000 0.000000 -0.100000
vn 0.000000 0.000000 -0.100000
vn 0.000000 0.000000 -0.100000
vn 0.000000 0.000000 -0.100000
vn 0.000000 0.000000 -0.100000
vn 0.000000 0.000000 -0.100000
vn 0.000000 0.000000 -0.100000
vn 0.000000 0.000000 -0.100000
vn 0.000000 0.000000 -0.100000
vn 0.000000 0.000000 -0.100000
vn 0.000000 0.000000 -0.100000
vn 0.000000 0.000000 -0.100000
vn 0.000000 0.000000 -0.100000
vn 0.000000 0.000000 -0.100000
vn 0.000000 0.000000 -0.100000
vn 0.000000 0.000000 -0.100000
vn 0.000000 0.000000 -0.100000
vn 0.000000 0.000000 -0.100000
vn 0.000000 0.000000 -0.100000
vn 0.000000 0.000000 -0.100000
vn -0.100000 0.000000 0.000000
vn -0.100000 0.000000 0.000000
vn -0.100000 0.000000 0.000000
vn -0.100000 0.000000 0.000000
vn -0.100000 0.000000 0.000000
vn -0.100000 0.000000 0.000000
vn 0.000000 0.000000 -0.100000
vn 0.000000 0.000000 -0.100000
vn 0.000000 0.000000 -0.100000
vn 0.000000 0.000000 -0.100000
vn 0.000000 0.000000 -0.100000
vn 0.000000 0.000000 -0.100000
vn 0.000000 0.000000 -0.100000
vn 0.000000 0.000000 -0.100000
vn 0.000000 0.000000 -0.100000
vn 0.000000 0.000000 -0.100000
vn 0.000000 0.000000 -0.100000
vn 0.000000 0.000000 -0.100000
vn 0.000000 0.000000 -0.100000
vn 0.000000 0.000000 -0.100000
vn 0.000000 0.000000 -0.100000
vn 0.000000 0.000000 -0.100000
vn 0.000000 0.000000 -0.100000
vn 0.000000 0.000000 -0.100000
vn 0.000000 0.000000 -0.100000
vn 0.000000 0.000000 -0.100000
vn 0.000000 0.000000 -0.100000
vn 0.000000 0.000000 -0.100000
vn 0.000000 0.000000 -0.100000
vn 0.000000 0.000000 -0.100000
vn 0.000000 0.000000 -0.100000
vn 0.000000 0.000000 -0.100000
vn 0.000000 0.000000 -0.100000
vn 0.000000 0.000000 -0.100000
vn 0.000000 0.000000 -0.100000
vn 0.000000 0.000000 -0.100000
vn 0.000000 0.000000 -0.100000
vn 0.000000 0.000000 -0.100000
vn 0.000000 0.000000 -0.100000
vn 0.000000 0.000000 -0.100000
vn 0.000000 0.000000 -0.100000
vn 0.000000 0.000000 -0.100000
vn 0.000000 0.000000 -0.100000
vn 0.000000 0.000000 -0.100000
vn 0.000000 0.000000 -0.100000
vn 0.000000 0.000000 -0.100000
vn 0.000000 0.000000 -0.100000
vn 0.000000 0.000000 -0.100000
vn 0.100000 0.000000 0.000000
vn 0.100000 0.000000 0.000000
vn 0.100000 0.000000 0.000000
vn 0.100000 0.000000 0.000000
vn 0.100000 0.000000 0.000000
vn 0.100000 0.000000 0.000000
vn 0.100000 0.000000 0.000000
vn 0.100000 0.000000 0.000000
vn 0.100000 0.000000 0.000000
vn 0.100000 0.000000 0.000000
vn 0.000000 -0.020791 -0.097815
vn 0.000000 -0.020791 -0.097815
vn 0.000000 -0.000000 -0.100000
vn 0.000000 -0.000000 -0.100000
vn 0.000000 0.020791 -0.097815
vn 0.000000 0.020791 -0.097815
vn 0.000000 0.040674 -0.091355
vn 0.000000 0.040674 -0.091355
vn 0.000000 0.058779 -0.080902
vn 0.000000 0.058779 -0.080902
vn 0.000000 0.074314 -0.066913
vn 0.000000 0.074314 -0.066913
vn 0.000000 0.086603 -0.050000
vn 0.000000 0.086603 -0.050000
vn 0.000000 0.095106 -0.030902
vn 0.000000 0.095106 -0.030902
vn 0.000000 0.099452 -0.010453
vn 0.000000 0.099452 -0.010453
vn 0.000000 0.099452 0.010453
vn 0.000000 0.099452 0.010453
vn 0.000000 0.095106 0.030902
vn 0.000000 0.095106 0.030902
vn 0.000000 0.086603 0.050000
vn 0.000000 0.086603 0.050000
vn 0.000000 0.074314 0.066913
vn 0.000000 0.074314 0.066913
vn 0.000000 0.058779 0.080902
vn 0.000000 0.058779 0.080902
vn 0.000000 0.040674 0.091355
vn 0.000000 0.040674 0.091355
vn 0.000000 0.020791 0.097815
vn 0.000000 0.020791 0.097815
vn 0.000000 0.000000 0.100000
vn 0.000000 0.000000 0.100000
vn 0.000000 -0.020791 0.097815
vn 0.000000 -0.020791 0.097815
vn 0.000000 -0.040674 0.091355
vn 0.000000 -0.040674 0.091355
vn 0.000000 -0.058779 0.080902
vn 0.000000 -0.058779 0.080902
vn 0.000000 -0.074314 0.066913
vn 0.000000 -0.074314 0.066913
vn 0.000000 -0.086603 0.050000
vn 0.000000 -0.086603 0.050000
vn 0.000000 -0.095106 0.030902
vn 0.000000 -0.095106 0.030902
vn 0.000000 -0.099452 0.010453
vn 0.000000 -0.099452 0.010453
vn 0.000000 -0.099452 -0.010453
vn 0.000000 -0.099452 -0.010453
vn 0.000000 -0.095106 -0.030902
vn 0.000000 -0.095106 -0.030902
vn 0.000000 -0.086603 -0.050000
vn 0.000000 -0.086603 -0.050000
vn 0.000000 -0.074314 -0.066913
vn 0.000000 -0.074314 -0.066913
vn 0.000000 -0.058779 -0.080902
vn 0.000000 -0.058779 -0.080902
vn 0.000000 -0.040674 -0.091355
vn 0.000000 -0.040674 -0.091355
vn 0.000000 0.000000 -0.100000
vn 0.000000 0.000000 -0.100000
vn 0.000000 0.000000 -0.100000
vn 0.000000 0.000000 -0.100000
vn 0.000000 0.000000 -0.100000
vn 0.000000 0.000000 -0.100000
vn 0.000000 0.000000 -0.100000
vn 0.000000 0.000000 -0.100000
vn 0.000000 0.000000 -0.100000
vn 0.000000 0.000000 -0.100000
vn 0.000000 0.000000 -0.100000
vn 0.000000 0.000000 -0.100000
vn 0.000000 0.000000 -0.100000
vn 0.000000 0.000000 -0.100000
vn 0.000000 0.000000 -0.100000
vn 0.000000 0.000000 -0.100000
vn 0.000000 0.000000 -0.100000
vn 0.000000 0.000000 -0.100000
vn 0.000000 0.000000 -0.100000
vn 0.000000 0.000000 -0.100000
vn 0.000000 0.000000 -0.100000
vn 0.000000 0.000000 -0.100000
vn 0.000000 0.000000 -0.100000
vn 0.000000 0.000000 -0.100000
vn 0.000000 0.000000 -0.100000
vn 0.000000 0.000000 -0.100000
vn 0.000000 0.000000 -0.100000
vn 0.000000 0.000000 -0.100000
vn 0.000000 0.000000 -0.100000
vn 0.000000 0.000000 -0.100000
vn 0.000000 0.000000 -0.100000
vn 0.000000 0.000000 -0.100000
vn 0.000000 0.000000 -0.100000
vn 0.000000 0.000000 -0.100000
vn 0.000000 0.000000 -0.100000
vn 0.000000 0.000000 -0.100000
vn 0.000000 0.000000 -0.100000
vn 0.000000 0.000000 -0.100000
vn 0.000000 0.000000 -0.100000
vn 0.000000 0.000000 -0.100000
vn 0.097094 0.023932 0.000000
vn 0.097094 0.023932 0.000000
vn 0.088546 0.046472 0.000000
vn 0.088546 0.046472 0.000000
vn 0.074851 0.066312 0.000000
vn 0.074851 0.066312 0.000000
vn 0.056806 0.082298 0.000000
vn 0.056806 0.082298 0.000000
vn 0.035460 0.093502 0.000000
vn 0.035460 0.093502 0.000000
vn 0.012054 0.099271 0.000000
vn 0.012054 0.099271 0.000000
vn -0.012054 0.099271 -0.000000
vn -0.012054 0.099271 -0.000000
vn -0.035460 0.093502 -0.000000
vn -0.035460 0.093502 -0.000000
vn -0.056806 0.082298 -0.000000
vn -0.056806 0.082298 -0.000000
vn -0.074851 0.066312 -0.000000
vn -0.074851 0.066312 -0.000000
vn -0.088546 0.046472 -0.000000
vn -0.088546 0.046472 -0.000000
vn -0.097094 0.023932 -0.000000
vn -0.097094 0.023932 -0.000000
vn -0.100000 -0.000000 0.000000
vn -0.100000 -0.000000 0.000000
vn -0.100000 0.000000 0.000000
vn -0.100000 0.000000 0.000000
vn -0.100000 0.000000 0.000000
vn -0.100000 0.000000 0.000000
vn -0.000000 0.100000 -0.000000
vn -0.000000 0.100000 -0.000000
vn 0.019509 0.098079 0.000000
vn 0.023932 0.097094 0.000000
vn 0.038268 0.092388 0.000000
vn 0.046472 0.088546 0.000000
vn 0.055557 0.083147 0.000000
vn 0.066312 0.074851 0.000000
vn 0.070711 0.070711 0.000000
vn 0.082298 0.056806 0.000000
vn 0.083147 0.055557 0.000000
vn 0.093502 0.035460 0.000000
vn 0.092388 0.038268 0.000000
vn 0.098079 0.019509 0.000000
vn 0.099271 0.012054 0.000000
vn 0.100000 0.000000 0.000000
vn 0.099271 -0.012054 0.000000
vn 0.098079 -0.019509 0.000000
vn 0.093502 -0.035460 0.000000
vn 0.092388 -0.038268 0.000000
vn 0.082298 -0.056806 0.000000
vn 0.083147 -0.055557 0.000000
vn 0.070711 -0.070711 0.000000
vn 0.066312 -0.074851 0.000000
vn 0.055557 -0.083147 0.000000
vn 0.046472 -0.088546 0.000000
vn 0.038268 -0.092388 0.000000
vn 0.023932 -0.097094 0.000000
vn 0.019509 -0.098079 0.000000
vn -0.000000 -0.100000 0.000000
vn -0.000000 -0.100000 0.000000
vn -0.019509 -0.098079 0.000000
vn -0.023932 -0.097094 0.000000
vn -0.038268 -0.092388 0.000000
vn -0.046472 -0.088546 0.000000
vn -0.055557 -0.083147 0.000000
vn -0.066312 -0.074851 0.000000
vn -0.070711 -0.070711 0.000000
vn -0.082298 -0.056806 0.000000
vn -0.083147 -0.055557 0.000000
vn -0.092388 -0.038268 0.000000
vn -0.093502 -0.035460 0.000000
vn -0.098079 -0.019509 0.000000
vn -0.099271 -0.012054 0.000000
vn -0.100000 0.000000 -0.000000
vn -0.099271 0.012054 -0.000000
vn -0.098079 0.019509 -0.000000
vn -0.093502 0.035460 -0.000000
vn -0.092388 0.038268 -0.000000
vn -0.082298 0.056806 -0.000000
vn -0.083147 0.055557 -0.000000
vn -0.070711 0.070711 -0.000000
vn -0.066312 0.074851 -0.000000
vn -0.055557 0.083147 -0.000000
vn -0.046472 0.088546 -0.000000
vn -0.038268 0.092388 -0.000000
vn -0.023932 0.097094 -0.000000
vn -0.019509 0.098079 -0.000000
vn 0.000000 -0.100000 0.000000
vn 0.000000 -0.100000 0.000000
vn 0.000000 -0.100000 0.000000
vn 0.000000 -0.100000 0.000000
vn -0.100000 0.000000 -0.000000
vn -0.100000 0.000000 -0.000000
vn -0.100000 0.000000 -0.000000
vn -0.100000 0.000000 -0.000000
vn -0.100000 0.000000 -0.000000
vn -0.100000 0.000000 -0.000000
vn 0.000000 0.100000 0.000000
vn 0.000000 0.100000 0.000000
vn 0.000000 0.100000 0.000000
vn 0.000000 0.100000 0.000000
vn 0.000000 0.100000 0.000000
vn 0.000000 0.100000 0.000000
vn 0.000000 0.000000 0.100000
vn 0.000000 0.000000 0.100000
vn 0.000000 0.000000 0.100000
vn 0.000000 0.000000 0.100000
vn 0.000000 -0.100000 0.000000
vn 0.000000 -0.100000 0.000000
vn 0.000000 -0.100000 0.000000
vn 0.000000 -0.100000 0.000000
vn 0.000000 -0.100000 0.000000
vn 0.000000 -0.100000 0.000000
vn 0.000000 -0.100000 0.000000
vn 0.000000 -0.100000 0.000000
vn 0.000000 -0.100000 0.000000
vn 0.000000 -0.100000 0.000000
vn -0.100000 0.000000 0.000000
vn -0.100000 0.000000 0.000000
vn -0.100000 0.000000 0.000000
vn -0.100000 0.000000 0.000000
vn -0.100000 0.000000 0.000000
vn -0.100000 0.000000 0.000000
vn -0.000000 0.100000 -0.000000
vn -0.000000 0.100000 -0.000000
vn -0.000000 0.100000 -0.000000
vn -0.000000 0.100000 -0.000000
vn 0.000000 -0.100000 0.000000
vn 0.000000 -0.100000 0.000000
vn 0.000000 -0.100000 0.000000
vn 0.000000 -0.100000 0.000000
vn 0.000000 0.100000 0.000000
vn 0.000000 0.100000 0.000000
vn 0.000000 0.100000 0.000000
vn 0.000000 0.100000 0.000000
vn 0.000000 0.100000 0.000000
vn 0.000000 0.100000 0.000000
vn 0.000000 0.100000 0.000000
vn 0.000000 0.100000 0.000000
vn 0.000000 0.100000 0.000000
vn 0.000000 0.100000 0.000000
vn 0.100000 -0.000000 0.000000
vn 0.100000 -0.000000 0.000000
vn 0.100000 -0.000000 0.000000
vn 0.100000 -0.000000 0.000000
vn 0.100000 0.000000 0.000000
vn 0.100000 0.000000 0.000000
vn 0.100000 0.000000 0.000000
vn 0.100000 0.000000 0.000000
vn -0.100000 0.000000 0.000000
vn -0.100000 0.000000 0.000000
vn -0.100000 0.000000 0.000000
vn -0.100000 0.000000 0.000000
vn 0.000000 0.100000 0.000000
vn 0.000000 0.100000 0.000000
vn 0.000000 0.100000 0.000000
vn 0.000000 0.100000 0.000000
vn 0.000000 0.100000 0.000000
vn 0.000000 0.100000 0.000000
vn 0.100000 -0.000000 0.000000
vn 0.100000 -0.000000 0.000000
vn 0.100000 -0.000000 0.000000
vn 0.100000 -0.000000 0.000000
vn 0.100000 -0.000000 0.000000
vn 0.100000 -0.000000 0.000000
vn 0.100000 -0.000000 0.000000
vn 0.100000 -0.000000 0.000000
vn 0.100000 -0.000000 0.000000
vn 0.100000 -0.000000 0.000000
vn 0.100000 -0.000000 0.000000
vn 0.100000 -0.000000 0.000000
vn 0.100000 -0.000000 0.000000
vn 0.100000 -0.000000 0.000000
vn 0.100000 -0.000000 0.000000
vn 0.100000 -0.000000 0.000000
vn 0.100000 -0.000000 0.000000
vn 0.100000 -0.000000 0.000000
vn 0.100000 -0.000000 0.000000
vn 0.100000 -0.000000 0.000000
vn 0.100000 -0.000000 0.000000
vn 0.100000 -0.000000 0.000000
vn 0.100000 -0.000000 0.000000
vn 0.100000 -0.000000 0.000000
vn 0.100000 -0.000000 0.000000
vn 0.100000 -0.000000 0.000000
vn 0.100000 -0.000000 0.000000
vn 0.100000 -0.000000 0.000000
vn 0.100000 -0.000000 0.000000
vn 0.100000 -0.000000 0.000000
vn 0.100000 -0.000000 0.000000
vn 0.100000 -0.000000 0.000000
vn 0.100000 -0.000000 0.000000
vn 0.100000 -0.000000 0.000000
vn 0.100000 -0.000000 0.000000
vn 0.100000 -0.000000 0.000000
vn 0.100000 -0.000000 0.000000
vn -0.000000 0.100000 0.000000
vn -0.000000 0.100000 0.000000
vn -0.000000 0.100000 0.000000
vn -0.000000 0.100000 0.000000
vn -0.100000 0.000000 0.000000
vn -0.100000 0.000000 0.000000
vn -0.100000 0.000000 0.000000
vn -0.100000 0.000000 0.000000
vn -0.100000 0.000000 0.000000
vn -0.100000 0.000000 0.000000
vn -0.100000 0.000000 0.000000
vn -0.100000 0.000000 0.000000
vn -0.100000 0.000000 0.000000
vn -0.100000 0.000000 0.000000
vn -0.100000 0.000000 0.000000
vn -0.100000 0.000000 0.000000
vn -0.100000 0.000000 0.000000
vn -0.100000 0.000000 0.000000
vn -0.100000 0.000000 0.000000
vn -0.100000 0.000000 0.000000
vn -0.100000 0.000000 0.000000
vn -0.100000 0.000000 0.000000
vn -0.100000 0.000000 0.000000
vn -0.100000 0.000000 0.000000
vn -0.100000 0.000000 0.000000
vn -0.100000 0.000000 0.000000
vn -0.100000 0.000000 0.000000
vn -0.100000 0.000000 0.000000
vn -0.100000 0.000000 0.000000
vn -0.100000 0.000000 0.000000
vn -0.100000 0.000000 0.000000
vn -0.100000 0.000000 0.000000
vn -0.100000 0.000000 0.000000
vn -0.100000 0.000000 0.000000
vn -0.100000 0.000000 0.000000
vn -0.100000 0.000000 0.000000
vn -0.100000 0.000000 0.000000
vn -0.100000 0.000000 0.000000
vn -0.100000 0.000000 0.000000
vn -0.100000 0.000000 0.000000
vn -0.100000 0.000000 0.000000
vn -0.100000 0.000000 0.000000
vn -0.000000 0.100000 -0.000000
vn -0.000000 0.100000 -0.000000
vn -0.025882 0.096593 -0.000000
vn -0.025882 0.096593 -0.000000
vn -0.050000 0.086603 -0.000000
vn -0.050000 0.086603 -0.000000
vn -0.070711 0.070711 -0.000000
vn -0.070711 0.070711 -0.000000
vn -0.086603 0.050000 -0.000000
vn -0.086603 0.050000 -0.000000
vn -0.096593 0.025882 -0.000000
vn -0.096593 0.025882 -0.000000
vn 0.000000 0.100000 0.000000
vn 0.000000 0.100000 0.000000
vn 0.000000 0.000000 0.100000
vn 0.000000 0.000000 0.100000
vn 0.000000 0.000000 0.100000
vn 0.000000 0.000000 0.100000
vn 0.000000 0.000000 0.100000
vn 0.000000 0.000000 0.100000
vn 0.000000 0.000000 0.100000
vn 0.000000 0.000000 0.100000
vn 0.000000 0.000000 0.100000
vn 0.000000 0.000000 0.100000
vn 0.000000 0.000000 0.100000
vn 0.000000 0.000000 0.100000
vn 0.000000 0.000000 0.100000
vn 0.000000 0.000000 0.100000
vn 0.000000 0.000000 0.100000
vn 0.000000 0.000000 0.100000
vn 0.000000 0.000000 0.100000
vn 0.000000 0.000000 0.100000
vn 0.000000 0.000000 0.100000
vn 0.000000 0.000000 0.100000
vn 0.000000 0.000000 0.100000
vn 0.000000 0.000000 0.100000
vn 0.000000 0.000000 0.100000
vn 0.000000 0.000000 0.100000
vn 0.000000 0.000000 0.100000
vn 0.000000 0.000000 0.100000
vn 0.000000 0.000000 0.100000
vn 0.000000 0.000000 0.100000
vn 0.000000 0.000000 0.100000
vn 0.000000 0.000000 0.100000
vn 0.000000 0.000000 0.100000
vn 0.000000 0.000000 0.100000
vn 0.000000 0.000000 0.100000
vn 0.000000 0.000000 0.100000
vn 0.000000 0.000000 0.100000
vn 0.000000 0.000000 0.100000
vn 0.000000 0.000000 0.100000
vn 0.000000 0.000000 0.100000
vn 0.000000 0.000000 0.100000
vn 0.000000 0.000000 0.100000
vn 0.000000 0.000000 0.100000
vn 0.000000 0.000000 0.100000
vn 0.000000 0.000000 0.100000
vn 0.000000 0.000000 0.100000
vn 0.000000 0.000000 0.100000
vn 0.000000 0.000000 0.100000
vn 0.000000 0.000000 0.100000
vn 0.000000 0.000000 0.100000
vn 0.000000 0.000000 0.100000
vn 0.000000 0.000000 0.100000
vn 0.000000 0.000000 0.100000
vn 0.000000 0.000000 0.100000
vn 0.000000 0.000000 0.100000
vn 0.000000 0.000000 0.100000
vn 0.000000 0.000000 0.100000
vn 0.000000 0.000000 0.100000
vn 0.000000 0.000000 0.100000
vn 0.000000 0.000000 0.100000
vn 0.000000 0.000000 0.100000
vn 0.000000 0.000000 0.100000
vn 0.000000 0.000000 0.100000
vn 0.000000 0.000000 0.100000
vn 0.000000 0.000000 0.100000
vn 0.000000 0.000000 0.100000
vn 0.000000 0.000000 0.100000
vn 0.000000 0.000000 0.100000
vn 0.000000 0.000000 0.100000
vn 0.000000 0.000000 0.100000
vn 0.000000 0.000000 0.100000
vn 0.000000 0.000000 0.100000
vn 0.000000 0.000000 0.100000
vn 0.000000 0.000000 0.100000
vn 0.000000 0.000000 0.100000
vn 0.000000 0.000000 0.100000
vn 0.000000 0.000000 0.100000
vn 0.000000 0.000000 0.100000
vn 0.000000 0.000000 0.100000
vn 0.000000 0.000000 0.100000
vn 0.000000 0.000000 0.100000
vn 0.000000 0.000000 0.100000
vn 0.000000 0.000000 0.100000
vn 0.000000 0.000000 0.100000
vn 0.000000 0.000000 0.100000
vn 0.000000 0.000000 0.100000
vn 0.000000 0.000000 0.100000
vn 0.000000 0.000000 0.100000
vn 0.000000 0.000000 0.100000
vn 0.000000 0.000000 0.100000
vn 0.000000 0.000000 0.100000
vn 0.000000 0.000000 0.100000
vn 0.000000 0.000000 0.100000
vn 0.000000 0.000000 0.100000
vn 0.000000 0.000000 0.100000
vn 0.000000 0.000000 0.100000
vn 0.000000 0.000000 0.100000
vn 0.000000 0.000000 0.100000
vn 0.000000 0.000000 0.100000
vn 0.000000 0.000000 0.100000
vn 0.000000 0.000000 0.100000
vn 0.000000 0.000000 0.100000
vn 0.000000 0.000000 0.100000
vn 0.000000 0.000000 0.100000
vn 0.000000 0.000000 0.100000
vn 0.000000 0.000000 0.100000
vn 0.000000 0.000000 0.100000
vn 0.000000 0.000000 0.100000
vn 0.000000 0.000000 0.100000
vn 0.000000 0.000000 0.100000
vn 0.000000 0.000000 0.100000
vn 0.000000 0.000000 0.100000
vn 0.000000 0.000000 0.100000
vn 0.000000 0.000000 0.100000
vn 0.000000 0.000000 0.100000
vn 0.000000 0.000000 0.100000
vn 0.000000 0.000000 0.100000
vn 0.000000 0.000000 0.100000
vn 0.000000 0.000000 0.100000
vn 0.000000 0.000000 0.100000
vn 0.000000 0.000000 0.100000
vn 0.000000 0.000000 0.100000
vn 0.000000 0.000000 0.100000
vn 0.000000 0.000000 0.100000
vn 0.000000 0.000000 0.100000
vn 0.000000 0.000000 0.100000
vn 0.000000 0.000000 0.100000
vn 0.000000 0.000000 0.100000
vn 0.000000 0.000000 0.100000
vn 0.000000 0.000000 0.100000
vn 0.000000 0.000000 0.100000
vn 0.000000 0.000000 0.100000
vn 0.000000 0.000000 0.100000
vn 0.000000 0.000000 0.100000
vn 0.000000 0.000000 0.100000
vn 0.000000 0.000000 0.100000
vn 0.000000 0.000000 0.100000
vn 0.000000 0.000000 0.100000
vn 0.000000 0.000000 0.100000
vn 0.000000 0.000000 0.100000
vn 0.000000 0.000000 0.100000
vn 0.000000 0.000000 0.100000
vn 0.000000 0.000000 0.100000
vn 0.000000 0.000000 0.100000
vn 0.000000 0.000000 0.100000
vn 0.000000 0.000000 0.100000
vn 0.000000 0.000000 0.100000
vn 0.000000 0.000000 0.100000
vn 0.000000 0.000000 0.100000
vn 0.000000 0.000000 0.100000
vn 0.000000 0.000000 0.100000
vn 0.000000 0.000000 0.100000
vn 0.000000 0.000000 0.100000
vn 0.000000 0.000000 0.100000
vn 0.000000 0.000000 0.100000
vn 0.000000 0.000000 0.100000
vn 0.000000 0.000000 0.100000
vn 0.000000 0.000000 0.100000
vn 0.000000 0.000000 0.100000
vn 0.000000 0.000000 0.100000
vn 0.000000 0.000000 0.100000
vn 0.000000 0.000000 0.100000
vn 0.000000 0.000000 0.100000
vn 0.000000 0.000000 0.100000
vn 0.000000 0.000000 0.100000
vn 0.000000 0.000000 0.100000
vn 0.000000 0.000000 0.100000
vn 0.000000 0.000000 0.100000
vn 0.000000 0.000000 0.100000
vn 0.000000 0.000000 0.100000
vn 0.000000 0.000000 0.100000
vn 0.000000 0.000000 0.100000
vn 0.000000 0.000000 0.100000
vn 0.000000 0.000000 0.100000
vn 0.000000 0.000000 0.100000
vn 0.000000 0.000000 0.100000
vn 0.000000 0.000000 0.100000
vn 0.000000 0.000000 0.100000
vn 0.000000 0.000000 0.100000
vn 0.000000 0.000000 0.100000
vn 0.000000 0.000000 0.100000
vn 0.000000 0.000000 0.100000
vn 0.000000 0.000000 0.100000
vn 0.000000 0.000000 0.100000
vn 0.000000 0.000000 0.100000
vn 0.000000 0.000000 0.100000
vn 0.000000 0.000000 0.100000
vn 0.000000 0.000000 0.100000
vn 0.000000 0.000000 0.100000
vn 0.000000 0.000000 0.100000
vn 0.000000 0.000000 0.100000
vn 0.000000 0.000000 0.100000
vn 0.000000 0.000000 0.100000
vn 0.000000 0.000000 0.100000
vn 0.000000 0.000000 0.100000
vn 0.000000 0.000000 0.100000
vn 0.000000 0.000000 0.100000
vn 0.000000 0.000000 0.100000
vn 0.000000 0.000000 0.100000
vn 0.000000 0.000000 0.100000
vn 0.000000 0.000000 0.100000
vn 0.000000 0.000000 0.100000
vn 0.000000 0.000000 0.100000
vn 0.056727 0.082353 0.000000
vn 0.056727 0.082353 0.000000
vn 0.043712 0.089940 0.000000
vn 0.043712 0.089940 0.000000
vn 0.029704 0.095486 0.000000
vn 0.029704 0.095486 0.000000
vn 0.015023 0.098865 0.000000
vn 0.015023 0.098865 0.000000
vn 0.051660 0.085623 0.000000
vn 0.051660 0.085623 0.000000
vn 0.046404 0.088581 0.000000
vn 0.046404 0.088581 0.000000
vn 0.040980 0.091218 0.000000
vn 0.040980 0.091218 0.000000
vn 0.035407 0.093522 0.000000
vn 0.035407 0.093522 0.000000
vn 0.029704 0.095486 0.000000
vn 0.029704 0.095486 0.000000
vn 0.023894 0.097103 0.000000
vn 0.023894 0.097103 0.000000
vn 0.017997 0.098367 0.000000
vn 0.017997 0.098367 0.000000
vn 0.012035 0.099273 0.000000
vn 0.012035 0.099273 0.000000
vn 0.006028 0.099818 0.000000
vn 0.006028 0.099818 0.000000
vn -0.000000 0.100000 0.000000
vn -0.000000 0.100000 0.000000
vn 0.096593 -0.025882 0.000000
vn 0.096593 -0.025882 0.000000
vn 0.100000 -0.000000 0.000000
vn 0.100000 -0.000000 0.000000
vn 0.096593 0.025882 0.000000
vn 0.096593 0.025882 0.000000
vn 0.086603 0.050000 0.000000
vn 0.086603 0.050000 0.000000
vn 0.070711 0.070711 0.000000
vn 0.070711 0.070711 0.000000
vn 0.050000 0.086603 0.000000
vn 0.050000 0.086603 0.000000
vn 0.025882 0.096593 0.000000
vn 0.025882 0.096593 0.000000
vn -0.000000 0.100000 0.000000
vn -0.000000 0.100000 0.000000
vn -0.025882 0.096593 0.000000
vn -0.025882 0.096593 0.000000
vn -0.050000 0.086603 0.000000
vn -0.050000 0.086603 0.000000
vn -0.070711 0.070711 0.000000
vn -0.070711 0.070711 0.000000
vn -0.086603 0.050000 0.000000
vn -0.086603 0.050000 0.000000
vn -0.096593 0.025882 0.000000
vn -0.096593 0.025882 0.000000
vn -0.100000 0.000000 0.000000
vn -0.100000 0.000000 0.000000
vn -0.096593 -0.025882 0.000000
vn -0.096593 -0.025882 0.000000
vn -0.086603 -0.050000 0.000000
vn -0.086603 -0.050000 0.000000
vn -0.070711 -0.070711 0.000000
vn -0.070711 -0.070711 0.000000
vn -0.050000 -0.086603 0.000000
vn -0.050000 -0.086603 0.000000
vn -0.025882 -0.096593 0.000000
vn -0.025882 -0.096593 0.000000
vn -0.000000 -0.100000 0.000000
vn -0.000000 -0.100000 0.000000
vn 0.025882 -0.096593 0.000000
vn 0.025882 -0.096593 0.000000
vn 0.050000 -0.086603 0.000000
vn 0.050000 -0.086603 0.000000
vn 0.070711 -0.070711 0.000000
vn 0.070711 -0.070711 0.000000
vn 0.086603 -0.050000 0.000000
vn 0.086603 -0.050000 0.000000
vn 0.096593 0.025882 0.000000
vn 0.100000 0.000000 0.000000
vn 0.096593 -0.025882 0.000000
vn 0.086603 -0.050000 0.000000
vn 0.070711 -0.070711 0.000000
vn 0.050000 -0.086603 0.000000
vn 0.025882 -0.096593 0.000000
vn -0.000000 -0.100000 0.000000
vn -0.025882 -0.096593 0.000000
vn -0.050000 -0.086603 0.000000
vn -0.070711 -0.070711 0.000000
vn -0.086603 -0.050000 0.000000
vn -0.096593 -0.025882 0.000000
vn -0.100000 0.000000 0.000000
vn -0.096593 0.025882 0.000000
vn -0.086603 0.050000 0.000000
vn -0.070711 0.070711 0.000000
vn -0.050000 0.086603 0.000000
vn -0.025882 0.096593 0.000000
vn -0.000000 0.100000 0.000000
vn 0.025882 0.096593 0.000000
vn 0.050000 0.086603 0.000000
vn 0.070711 0.070711 0.000000
vn 0.086603 0.050000 0.000000
vn 0.096593 -0.025882 0.000000
vn 0.096593 -0.025882 0.000000
vn 0.100000 -0.000000 0.000000
vn 0.100000 -0.000000 0.000000
vn 0.096593 0.025882 0.000000
vn 0.096593 0.025882 0.000000
vn 0.086603 0.050000 0.000000
vn 0.086603 0.050000 0.000000
vn 0.070711 0.070711 0.000000
vn 0.070711 0.070711 0.000000
vn 0.050000 0.086603 0.000000
vn 0.050000 0.086603 0.000000
vn 0.025882 0.096593 0.000000
vn 0.025882 0.096593 0.000000
vn -0.000000 0.100000 0.000000
vn -0.000000 0.100000 0.000000
vn -0.025882 0.096593 0.000000
vn -0.025882 0.096593 0.000000
vn -0.050000 0.086603 0.000000
vn -0.050000 0.086603 0.000000
vn -0.070711 0.070711 0.000000
vn -0.070711 0.070711 0.000000
vn -0.086603 0.050000 0.000000
vn -0.086603 0.050000 0.000000
vn -0.096593 0.025882 0.000000
vn -0.096593 0.025882 0.000000
vn -0.100000 0.000000 0.000000
vn -0.100000 0.000000 0.000000
vn -0.096593 -0.025882 0.000000
vn -0.096593 -0.025882 0.000000
vn -0.086603 -0.050000 0.000000
vn -0.086603 -0.050000 0.000000
vn -0.070711 -0.070711 0.000000
vn -0.070711 -0.070711 0.000000
vn -0.050000 -0.086603 0.000000
vn -0.050000 -0.086603 0.000000
vn -0.025882 -0.096593 0.000000
vn -0.025882 -0.096593 0.000000
vn -0.000000 -0.100000 0.000000
vn -0.000000 -0.100000 0.000000
vn 0.025882 -0.096593 0.000000
vn 0.025882 -0.096593 0.000000
vn 0.050000 -0.086603 0.000000
vn 0.050000 -0.086603 0.000000
vn 0.070711 -0.070711 0.000000
vn 0.070711 -0.070711 0.000000
vn 0.086603 -0.050000 0.000000
vn 0.086603 -0.050000 0.000000
vn -0.096593 -0.025882 0.000000
vn -0.096593 -0.025882 0.000000
vn -0.100000 -0.000000 0.000000
vn -0.100000 -0.000000 0.000000
vn -0.096593 0.025882 0.000000
vn -0.096593 0.025882 0.000000
vn -0.086603 0.050000 0.000000
vn -0.086603 0.050000 0.000000
vn -0.070711 0.070711 0.000000
vn -0.070711 0.070711 0.000000
vn -0.050000 0.086603 0.000000
vn -0.050000 0.086603 0.000000
vn -0.025882 0.096593 0.000000
vn -0.025882 0.096593 0.000000
vn 0.000000 0.100000 0.000000
vn 0.000000 0.100000 0.000000
vn 0.025882 0.096593 0.000000
vn 0.025882 0.096593 0.000000
vn 0.050000 0.086603 0.000000
vn 0.050000 0.086603 0.000000
vn 0.070711 0.070711 0.000000
vn 0.070711 0.070711 0.000000
vn 0.086603 0.050000 0.000000
vn 0.086603 0.050000 0.000000
vn 0.096593 0.025882 0.000000
vn 0.096593 0.025882 0.000000
vn 0.100000 0.000000 0.000000
vn 0.100000 0.000000 0.000000
vn 0.096593 -0.025882 0.000000
vn 0.096593 -0.025882 0.000000
vn 0.086603 -0.050000 0.000000
vn 0.086603 -0.050000 0.000000
vn 0.070711 -0.070711 0.000000
vn 0.070711 -0.070711 0.000000
vn 0.050000 -0.086603 0.000000
vn 0.050000 -0.086603 0.000000
vn 0.025882 -0.096593 0.000000
vn 0.025882 -0.096593 0.000000
vn 0.000000 -0.100000 0.000000
vn 0.000000 -0.100000 0.000000
vn -0.025882 -0.096593 0.000000
vn -0.025882 -0.096593 0.000000
vn -0.050000 -0.086603 0.000000
vn -0.050000 -0.086603 0.000000
vn -0.070711 -0.070711 0.000000
vn -0.070711 -0.070711 0.000000
vn -0.086603 -0.050000 0.000000
vn -0.086603 -0.050000 0.000000
vn -0.096593 -0.025882 0.000000
vn -0.096593 -0.025882 0.000000
vn -0.100000 -0.000000 0.000000
vn -0.100000 -0.000000 0.000000
vn -0.096593 0.025882 0.000000
vn -0.096593 0.025882 0.000000
vn -0.086603 0.050000 0.000000
vn -0.086603 0.050000 0.000000
vn -0.070711 0.070711 0.000000
vn -0.070711 0.070711 0.000000
vn -0.050000 0.086603 0.000000
vn -0.050000 0.086603 0.000000
vn -0.025882 0.096593 0.000000
vn -0.025882 0.096593 0.000000
vn 0.000000 0.100000 0.000000
vn 0.000000 0.100000 0.000000
vn 0.025882 0.096593 0.000000
vn 0.025882 0.096593 0.000000
vn 0.050000 0.086603 0.000000
vn 0.050000 0.086603 0.000000
vn 0.070711 0.070711 0.000000
vn 0.070711 0.070711 0.000000
vn 0.086603 0.050000 0.000000
vn 0.086603 0.050000 0.000000
vn 0.096593 0.025882 0.000000
vn 0.096593 0.025882 0.000000
vn 0.100000 0.000000 0.000000
vn 0.100000 0.000000 0.000000
vn 0.096593 -0.025882 0.000000
vn 0.096593 -0.025882 0.000000
vn 0.086603 -0.050000 0.000000
vn 0.086603 -0.050000 0.000000
vn 0.070711 -0.070711 0.000000
vn 0.070711 -0.070711 0.000000
vn 0.050000 -0.086603 0.000000
vn 0.050000 -0.086603 0.000000
vn 0.025882 -0.096593 0.000000
vn 0.025882 -0.096593 0.000000
vn 0.000000 -0.100000 0.000000
vn 0.000000 -0.100000 0.000000
vn -0.025882 -0.096593 0.000000
vn -0.025882 -0.096593 0.000000
vn -0.050000 -0.086603 0.000000
vn -0.050000 -0.086603 0.000000
vn -0.070711 -0.070711 0.000000
vn -0.070711 -0.070711 0.000000
vn -0.086603 -0.050000 0.000000
vn -0.086603 -0.050000 0.000000
vn -0.096593 0.025882 0.000000
vn -0.096593 0.025882 0.000000
vn -0.100000 0.000000 0.000000
vn -0.100000 0.000000 0.000000
vn -0.096593 -0.025882 0.000000
vn -0.096593 -0.025882 0.000000
vn -0.086603 -0.050000 0.000000
vn -0.086603 -0.050000 0.000000
vn -0.070711 -0.070711 0.000000
vn -0.070711 -0.070711 0.000000
vn -0.050000 -0.086603 0.000000
vn -0.050000 -0.086603 0.000000
vn -0.025882 -0.096593 0.000000
vn -0.025882 -0.096593 0.000000
vn 0.000000 -0.100000 0.000000
vn 0.000000 -0.100000 0.000000
vn 0.025882 -0.096593 0.000000
vn 0.025882 -0.096593 0.000000
vn 0.050000 -0.086603 0.000000
vn 0.050000 -0.086603 0.000000
vn 0.070711 -0.070711 0.000000
vn 0.070711 -0.070711 0.000000
vn 0.086603 -0.050000 0.000000
vn 0.086603 -0.050000 0.000000
vn 0.096593 -0.025882 0.000000
vn 0.096593 -0.025882 0.000000
vn 0.100000 -0.000000 0.000000
vn 0.100000 -0.000000 0.000000
vn 0.096593 0.025882 0.000000
vn 0.096593 0.025882 0.000000
vn 0.086603 0.050000 0.000000
vn 0.086603 0.050000 0.000000
vn 0.070711 0.070711 0.000000
vn 0.070711 0.070711 0.000000
vn 0.050000 0.086603 0.000000
vn 0.050000 0.086603 0.000000
vn 0.025882 0.096593 0.000000
vn 0.025882 0.096593 0.000000
vn 0.000000 0.100000 0.000000
vn 0.000000 0.100000 0.000000
vn -0.025882 0.096593 0.000000
vn -0.025882 0.096593 0.000000
vn -0.050000 0.086603 0.000000
vn -0.050000 0.086603 0.000000
vn -0.070711 0.070711 0.000000
vn -0.070711 0.070711 0.000000
vn -0.086603 0.050000 0.000000
vn -0.086603 0.050000 0.000000
vn -0.096593 -0.025882 0.000000
vn -0.096593 -0.025882 0.000000
vn -0.100000 -0.000000 0.000000
vn -0.100000 -0.000000 0.000000
vn -0.096593 0.025882 0.000000
vn -0.096593 0.025882 0.000000
vn -0.086603 0.050000 0.000000
vn -0.086603 0.050000 0.000000
vn -0.070711 0.070711 0.000000
vn -0.070711 0.070711 0.000000
vn -0.050000 0.086603 0.000000
vn -0.050000 0.086603 0.000000
vn -0.025882 0.096593 0.000000
vn -0.025882 0.096593 0.000000
vn 0.000000 0.100000 0.000000
vn 0.000000 0.100000 0.000000
vn 0.025882 0.096593 0.000000
vn 0.025882 0.096593 0.000000
vn 0.050000 0.086603 0.000000
vn 0.050000 0.086603 0.000000
vn 0.070711 0.070711 0.000000
vn 0.070711 0.070711 0.000000
vn 0.086603 0.050000 0.000000
vn 0.086603 0.050000 0.000000
vn 0.096593 0.025882 0.000000
vn 0.096593 0.025882 0.000000
vn 0.100000 -0.000000 0.000000
vn 0.100000 -0.000000 0.000000
vn 0.096593 -0.025882 0.000000
vn 0.096593 -0.025882 0.000000
vn 0.086603 -0.050000 0.000000
vn 0.086603 -0.050000 0.000000
vn 0.070711 -0.070711 0.000000
vn 0.070711 -0.070711 0.000000
vn 0.050000 -0.086603 0.000000
vn 0.050000 -0.086603 0.000000
vn 0.025882 -0.096593 0.000000
vn 0.025882 -0.096593 0.000000
vn 0.000000 -0.100000 0.000000
vn 0.000000 -0.100000 0.000000
vn -0.025882 -0.096593 0.000000
vn -0.025882 -0.096593 0.000000
vn -0.050000 -0.086603 0.000000
vn -0.050000 -0.086603 0.000000
vn -0.070711 -0.070711 0.000000
vn -0.070711 -0.070711 0.000000
vn -0.086603 -0.050000 0.000000
vn -0.086603 -0.050000 0.000000
vn -0.019509 0.098079 0.000000
vn 0.000000 0.100000 0.000000
vn 0.000000 0.100000 0.000000
vn 0.019509 0.098079 0.000000
vn 0.025882 0.096593 0.000000
vn 0.038268 0.092388 0.000000
vn 0.050000 0.086603 0.000000
vn 0.055557 0.083147 0.000000
vn 0.070711 0.070711 0.000000
vn 0.070711 0.070711 0.000000
vn 0.083147 0.055557 0.000000
vn 0.086603 0.050000 0.000000
vn 0.092388 0.038268 0.000000
vn 0.096593 0.025882 0.000000
vn 0.098079 0.019509 0.000000
vn 0.100000 -0.000000 0.000000
vn 0.100000 -0.000000 0.000000
vn 0.098079 -0.019509 0.000000
vn 0.096593 -0.025882 0.000000
vn 0.092388 -0.038268 0.000000
vn 0.086603 -0.050000 0.000000
vn 0.083147 -0.055557 0.000000
vn 0.070711 -0.070711 0.000000
vn 0.070711 -0.070711 0.000000
vn 0.055557 -0.083147 0.000000
vn 0.050000 -0.086603 0.000000
vn 0.038268 -0.092388 0.000000
vn 0.025882 -0.096593 0.000000
vn 0.019509 -0.098079 0.000000
vn 0.000000 -0.100000 0.000000
vn 0.000000 -0.100000 0.000000
vn -0.019509 -0.098079 0.000000
vn -0.025882 -0.096593 0.000000
vn -0.038268 -0.092388 0.000000
vn -0.050000 -0.086603 0.000000
vn -0.055557 -0.083147 0.000000
vn -0.070711 -0.070711 0.000000
vn -0.070711 -0.070711 0.000000
vn -0.083147 -0.055557 0.000000
vn -0.086603 -0.050000 0.000000
vn -0.092388 -0.038268 0.000000
vn -0.096593 -0.025882 0.000000
vn -0.098079 -0.019509 0.000000
vn -0.100000 -0.000000 0.000000
vn -0.100000 -0.000000 0.000000
vn -0.098079 0.019509 0.000000
vn -0.096593 0.025882 0.000000
vn -0.092388 0.038268 0.000000
vn -0.086603 0.050000 0.000000
vn -0.083147 0.055557 0.000000
vn -0.070711 0.070711 0.000000
vn -0.070711 0.070711 0.000000
vn -0.055557 0.083147 0.000000
vn -0.050000 0.086603 0.000000
vn -0.038268 0.092388 0.000000
vn -0.025882 0.096593 0.000000
vn -0.096593 -0.025882 0.000000
vn -0.096593 -0.025882 0.000000
vn -0.100000 -0.000000 0.000000
vn -0.100000 -0.000000 0.000000
vn -0.096593 0.025882 0.000000
vn -0.096593 0.025882 0.000000
vn -0.086603 0.050000 0.000000
vn -0.086603 0.050000 0.000000
vn -0.070711 0.070711 0.000000
vn -0.070711 0.070711 0.000000
vn -0.050000 0.086603 0.000000
vn -0.050000 0.086603 0.000000
vn -0.025882 0.096593 0.000000
vn -0.025882 0.096593 0.000000
vn 0.000000 0.100000 0.000000
vn 0.000000 0.100000 0.000000
vn 0.025882 0.096593 0.000000
vn 0.025882 0.096593 0.000000
vn 0.050000 0.086603 0.000000
vn 0.050000 0.086603 0.000000
vn 0.070711 0.070711 0.000000
vn 0.070711 0.070711 0.000000
vn 0.086603 0.050000 0.000000
vn 0.086603 0.050000 0.000000
vn 0.096593 0.025882 0.000000
vn 0.096593 0.025882 0.000000
vn 0.100000 -0.000000 0.000000
vn 0.100000 -0.000000 0.000000
vn 0.096593 -0.025882 0.000000
vn 0.096593 -0.025882 0.000000
vn 0.086603 -0.050000 0.000000
vn 0.086603 -0.050000 0.000000
vn 0.070711 -0.070711 0.000000
vn 0.070711 -0.070711 0.000000
vn 0.050000 -0.086603 0.000000
vn 0.050000 -0.086603 0.000000
vn 0.025882 -0.096593 0.000000
vn 0.025882 -0.096593 0.000000
vn 0.000000 -0.100000 0.000000
vn 0.000000 -0.100000 0.000000
vn -0.025882 -0.096593 0.000000
vn -0.025882 -0.096593 0.000000
vn -0.050000 -0.086603 0.000000
vn -0.050000 -0.086603 0.000000
vn -0.070711 -0.070711 0.000000
vn -0.070711 -0.070711 0.000000
vn -0.086603 -0.050000 0.000000
vn -0.086603 -0.050000 0.000000
vn 0.100000 0.000000 0.000000
vn 0.100000 0.000000 0.000000
vn 0.100000 0.000000 0.000000
vn 0.100000 0.000000 0.000000
vn -0.000000 -0.100000 0.000000
vn -0.000000 -0.100000 0.000000
vn -0.000000 -0.100000 0.000000
vn -0.000000 -0.100000 0.000000
vn 0.100000 0.000000 0.000000
vn 0.100000 0.000000 0.000000
vn 0.100000 0.000000 0.000000
vn 0.100000 0.000000 0.000000
vn -0.000000 -0.100000 0.000000
vn -0.000000 -0.100000 0.000000
vn -0.000000 -0.100000 0.000000
vn -0.000000 -0.100000 0.000000
vn 0.100000 0.000000 0.000000
vn 0.100000 0.000000 0.000000
vn 0.100000 0.000000 0.000000
vn 0.100000 0.000000 0.000000
vn -0.000000 -0.100000 0.000000
vn -0.000000 -0.100000 0.000000
vn -0.000000 -0.100000 0.000000
vn -0.000000 -0.100000 0.000000
vn 0.000000 0.100000 0.000000
vn 0.000000 0.100000 0.000000
vn 0.000000 0.100000 0.000000
vn 0.000000 0.100000 0.000000
vn 0.100000 0.000000 0.000000
vn 0.100000 0.000000 0.000000
vn 0.100000 0.000000 0.000000
vn 0.100000 0.000000 0.000000
vn 0.000000 -0.100000 0.000000
vn 0.000000 -0.100000 0.000000
vn 0.000000 -0.100000 0.000000
vn 0.000000 -0.100000 0.000000
vn -0.100000 0.000000 0.000000
vn -0.100000 0.000000 0.000000
vn -0.100000 0.000000 0.000000
vn -0.100000 0.000000 0.000000
vn 0.000000 -0.100000 0.000000
vn 0.000000 -0.100000 0.000000
vn 0.000000 -0.100000 0.000000
vn 0.000000 -0.100000 0.000000
vn -0.100000 0.000000 -0.000000
vn -0.100000 0.000000 -0.000000
vn -0.100000 0.000000 -0.000000
vn -0.100000 0.000000 -0.000000
vn 0.100000 0.000000 0.000000
vn 0.100000 0.000000 0.000000
vn 0.100000 0.000000 0.000000
vn 0.100000 0.000000 0.000000
vn 0.000000 -0.100000 0.000000
vn 0.000000 -0.100000 0.000000
vn 0.000000 -0.100000 0.000000
vn 0.000000 -0.100000 0.000000
vn -0.000000 -0.100000 0.000000
vn -0.000000 -0.100000 0.000000
vn -0.000000 -0.100000 0.000000
vn -0.000000 -0.100000 0.000000
vn -0.100000 0.000000 -0.000000
vn -0.100000 0.000000 -0.000000
vn -0.100000 0.000000 -0.000000
vn -0.100000 0.000000 -0.000000
vn -0.100000 0.000000 -0.000000
vn -0.100000 0.000000 -0.000000
vn -0.100000 0.000000 -0.000000
vn -0.100000 0.000000 -0.000000
vn 0.000000 -0.100000 0.000000
vn 0.000000 -0.100000 0.000000
vn 0.000000 -0.100000 0.000000
vn 0.000000 -0.100000 0.000000
vn 0.000000 0.100000 0.000000
vn 0.000000 0.100000 0.000000
vn 0.000000 0.100000 0.000000
vn 0.000000 0.100000 0.000000
vn -0.100000 0.000000 0.000000
vn -0.100000 0.000000 0.000000
vn -0.100000 0.000000 0.000000
vn -0.100000 0.000000 0.000000
vn -0.000000 0.100000 -0.000000
vn -0.000000 0.100000 -0.000000
vn -0.000000 0.100000 -0.000000
vn -0.000000 0.100000 -0.000000
vn -0.100000 0.000000 0.000000
vn -0.100000 0.000000 0.000000
vn -0.100000 0.000000 0.000000
vn -0.100000 0.000000 0.000000
vn -0.000000 0.100000 -0.000000
vn -0.000000 0.100000 -0.000000
vn -0.000000 0.100000 -0.000000
vn -0.000000 0.100000 -0.000000
vn -0.100000 0.000000 0.000000
vn -0.100000 0.000000 0.000000
vn -0.100000 0.000000 0.000000
vn -0.100000 0.000000 0.000000
vn 0.100000 0.000000 0.000000
vn 0.100000 0.000000 0.000000
vn 0.100000 0.000000 0.000000
vn 0.100000 0.000000 0.000000
vn -0.000000 0.100000 -0.000000
vn -0.000000 0.100000 -0.000000
vn -0.000000 0.100000 -0.000000
vn -0.000000 0.100000 -0.000000
vn 0.100000 0.000000 0.000000
vn 0.100000 0.000000 0.000000
vn 0.100000 0.000000 0.000000
vn 0.100000 0.000000 0.000000
vn -0.000000 0.100000 -0.000000
vn -0.000000 0.100000 -0.000000
vn -0.000000 0.100000 -0.000000
vn -0.000000 0.100000 -0.000000
vn -0.000000 0.100000 -0.000000
vn -0.000000 0.100000 -0.000000
vn -0.000000 0.100000 -0.000000
vn -0.000000 0.100000 -0.000000
vn -0.100000 0.000000 0.000000
vn -0.100000 0.000000 0.000000
vn -0.100000 0.000000 0.000000
vn -0.100000 0.000000 0.000000
vn -0.000000 0.100000 -0.000000
vn -0.000000 0.100000 -0.000000
vn -0.000000 0.100000 -0.000000
vn -0.000000 0.100000 -0.000000
vn 0.100000 0.000000 0.000000
vn 0.100000 0.000000 0.000000
vn 0.100000 0.000000 0.000000
vn 0.100000 0.000000 0.000000
vn 0.000000 0.100000 0.000000
vn 0.000000 0.100000 0.000000
vn 0.000000 0.100000 0.000000
vn 0.000000 0.100000 0.000000
usemtl Steel_-_Satin
f 2/1/1 11/2/2 1/3/3
f 1/3/3 11/2/2 12/4/4
f 1/3/3 12/4/4 35/5/5
f 35/5/5 12/4/4 34/6/6
f 34/6/6 12/4/4 15/7/7
f 34/6/6 15/7/7 33/8/8
f 33/8/8 15/7/7 32/9/9
f 32/9/9 15/7/7 31/10/10
f 31/10/10 15/7/7 30/11/11
f 30/11/11 15/7/7 29/12/12
f 29/12/12 15/7/7 28/13/13
f 28/13/13 15/7/7 27/14/14
f 27/14/14 15/7/7 26/15/15
f 26/15/15 15/7/7 25/16/16
f 25/16/16 15/7/7 24/17/17
f 24/17/17 15/7/7 23/18/18
f 23/18/18 15/7/7 16/19/19
f 23/18/18 16/19/19 22/20/20
f 22/20/20 16/19/19 21/21/21
f 21/21/21 16/19/19 20/22/22
f 20/22/22 16/19/19 19/23/23
f 19/23/23 16/19/19 18/24/24
f 18/24/24 16/19/19 17/25/25
f 17/25/25 16/19/19 40/26/26
f 40/26/26 16/19/19 39/27/27
f 39/27/27 16/19/19 38/28/28
f 38/28/28 16/19/19 1/3/3
f 38/28/28 1/3/3 37/29/29
f 37/29/29 1/3/3 36/30/30
f 36/30/30 1/3/3 35/5/5
f 3/31/31 5/32/32 2/1/1
f 2/1/1 5/32/32 9/33/33
f 2/1/1 9/33/33 10/34/34
f 3/31/31 4/35/35 5/32/32
f 5/32/32 6/36/36 9/33/33
f 9/33/33 6/36/36 7/37/37
f 9/33/33 7/37/37 8/38/38
f 10/34/34 11/2/2 2/1/1
f 13/39/39 14/40/40 12/4/4
f 12/4/4 14/40/40 15/7/7
f 3/41/41 41/42/42 4/43/43
f 4/43/43 41/42/42 42/44/44
f 4/43/43 42/44/44 44/45/45
f 44/45/45 42/44/44 43/46/46
f 45/47/47 46/48/48 44/45/45
f 44/45/45 46/48/48 4/43/43
f 4/43/43 46/48/48 52/49/49
f 52/49/49 46/48/48 47/50/50
f 52/49/49 47/50/50 50/51/51
f 50/51/51 47/50/50 70/52/52
f 50/51/51 70/52/52 71/53/53
f 47/50/50 48/54/54 70/52/52
f 70/52/52 48/54/54 69/55/55
f 69/55/55 48/54/54 68/56/56
f 68/56/56 48/54/54 67/57/57
f 67/57/57 48/54/54 66/58/58
f 66/58/58 48/54/54 65/59/59
f 65/59/59 48/54/54 64/60/60
f 64/60/60 48/54/54 49/61/61
f 64/60/60 49/61/61 63/62/62
f 63/62/62 49/61/61 62/63/63
f 62/63/63 49/61/61 61/64/64
f 61/64/64 49/61/61 60/65/65
f 60/65/65 49/61/61 59/66/66
f 59/66/66 49/61/61 58/67/67
f 58/67/67 49/61/61 57/68/68
f 57/68/68 49/61/61 56/69/69
f 56/69/69 49/61/61 55/70/70
f 55/70/70 49/61/61 54/71/71
f 54/71/71 49/61/61 53/72/72
f 53/72/72 49/61/61 50/51/51
f 53/72/72 50/51/51 84/73/73
f 84/73/73 50/51/51 83/74/74
f 83/74/74 50/51/51 82/75/75
f 82/75/75 50/51/51 81/76/76
f 81/76/76 50/51/51 80/77/77
f 80/77/77 50/51/51 79/78/78
f 79/78/78 50/51/51 78/79/79
f 78/79/79 50/51/51 77/80/80
f 77/80/80 50/51/51 76/81/81
f 76/81/81 50/51/51 75/82/82
f 75/82/82 50/51/51 74/83/83
f 74/83/83 50/51/51 73/84/84
f 73/84/84 50/51/51 72/85/85
f 72/85/85 50/51/51 71/53/53
f 50/51/51 51/86/86 52/49/49
f 52/87/87 85/88/88 4/89/89
f 4/89/89 85/88/88 5/90/90
f 6/91/91 5/92/92 125/93/93
f 125/93/93 5/92/92 85/94/94
f 125/93/93 85/94/94 123/95/95
f 123/95/95 85/94/94 122/96/96
f 122/96/96 85/94/94 119/97/97
f 122/96/96 119/97/97 120/98/98
f 86/99/99 87/100/100 85/94/94
f 85/94/94 87/100/100 115/101/101
f 85/94/94 115/101/101 116/102/102
f 88/103/103 106/104/104 87/100/100
f 87/100/100 106/104/104 107/105/105
f 87/100/100 107/105/105 108/106/106
f 89/107/107 98/108/108 88/103/103
f 88/103/103 98/108/108 99/109/109
f 88/103/103 99/109/109 100/110/110
f 90/111/111 91/112/112 89/107/107
f 89/107/107 91/112/112 92/113/113
f 89/107/107 92/113/113 93/114/114
f 93/114/114 94/115/115 89/107/107
f 89/107/107 94/115/115 95/116/116
f 89/107/107 95/116/116 96/117/117
f 96/117/117 97/118/118 89/107/107
f 89/107/107 97/118/118 98/108/108
f 100/110/110 101/119/119 88/103/103
f 88/103/103 101/119/119 102/120/120
f 88/103/103 102/120/120 103/121/121
f 103/121/121 104/122/122 88/103/103
f 88/103/103 104/122/122 105/123/123
f 88/103/103 105/123/123 106/104/104
f 108/106/106 109/124/124 87/100/100
f 87/100/100 109/124/124 110/125/125
f 87/100/100 110/125/125 111/126/126
f 111/126/126 112/127/127 87/100/100
f 87/100/100 112/127/127 113/128/128
f 87/100/100 113/128/128 114/129/129
f 114/129/129 115/101/101 87/100/100
f 116/102/102 117/130/130 85/94/94
f 85/94/94 117/130/130 118/131/131
f 85/94/94 118/131/131 119/97/97
f 120/98/98 121/132/132 122/96/96
f 122/96/96 121/132/132 90/111/111
f 123/95/95 124/133/133 125/93/93
f 125/93/93 126/134/134 6/91/91
f 6/91/91 126/134/134 129/135/135
f 6/91/91 129/135/135 130/136/136
f 127/137/137 128/138/138 126/134/134
f 126/134/134 128/138/138 129/135/135
f 130/136/136 131/139/139 6/91/91
f 16/140/140 15/141/141 51/142/142
f 51/142/142 15/141/141 132/143/143
f 51/142/142 132/143/143 86/144/144
f 86/144/144 132/143/143 133/145/145
f 86/144/144 85/146/146 51/142/142
f 51/142/142 85/146/146 52/147/147
f 3/148/148 2/149/149 41/150/150
f 41/150/150 2/149/149 134/151/151
f 1/152/152 135/153/153 2/154/154
f 2/154/154 135/153/153 134/155/155
f 136/156/156 137/157/157 139/158/158
f 139/158/158 137/157/157 138/159/159
f 138/160/160 137/161/161 141/162/162
f 141/162/162 137/161/161 140/163/163
f 139/164/164 138/165/165 142/166/166
f 142/166/166 138/165/165 141/167/167
f 136/168/168 139/169/169 143/170/170
f 143/170/170 139/169/169 142/171/171
f 145/172/172 18/173/173 144/174/174
f 144/174/174 18/173/173 17/175/175
f 144/176/174 17/177/175 167/178/176
f 167/178/176 17/177/175 40/179/177
f 167/178/176 40/179/177 166/180/178
f 166/180/178 40/179/177 39/181/179
f 166/180/178 39/181/179 165/182/180
f 165/182/180 39/181/179 38/183/181
f 165/182/180 38/183/181 164/184/182
f 164/184/182 38/183/181 37/185/183
f 164/184/182 37/185/183 163/186/184
f 163/186/184 37/185/183 36/187/185
f 163/186/184 36/187/185 162/188/186
f 162/188/186 36/187/185 35/189/187
f 162/188/186 35/189/187 161/190/188
f 161/190/188 35/189/187 34/191/189
f 161/190/188 34/191/189 160/192/190
f 160/192/190 34/191/189 33/193/191
f 160/192/190 33/193/191 159/194/192
f 159/194/192 33/193/191 32/195/193
f 159/194/192 32/195/193 158/196/194
f 158/196/194 32/195/193 31/197/195
f 158/196/194 31/197/195 157/198/196
f 157/198/196 31/197/195 30/199/197
f 157/198/196 30/199/197 156/200/198
f 156/200/198 30/199/197 29/201/199
f 156/200/198 29/201/199 155/202/200
f 155/202/200 29/201/199 28/203/201
f 155/202/200 28/203/201 154/204/202
f 154/204/202 28/203/201 27/205/203
f 154/204/202 27/205/203 153/206/204
f 153/206/204 27/205/203 26/207/205
f 153/206/204 26/207/205 152/208/206
f 152/208/206 26/207/205 25/209/207
f 152/208/206 25/209/207 151/210/208
f 151/210/208 25/209/207 24/211/209
f 151/210/208 24/211/209 150/212/210
f 150/212/210 24/211/209 23/213/211
f 150/212/210 23/213/211 149/214/212
f 149/214/212 23/213/211 22/215/213
f 149/214/212 22/215/213 148/216/214
f 148/216/214 22/215/213 21/217/215
f 148/216/214 21/217/215 147/218/216
f 147/218/216 21/217/215 20/219/217
f 147/218/216 20/219/217 146/220/218
f 146/220/218 20/219/217 19/221/219
f 146/220/218 19/221/219 145/172/172
f 145/172/172 19/221/219 18/173/173
f 1/222/220 16/223/221 135/224/222
f 135/224/222 16/223/221 168/225/223
f 168/225/223 16/223/221 50/226/224
f 50/226/224 16/223/221 51/227/225
f 170/228/226 171/229/227 169/230/228
f 169/230/228 171/229/227 172/231/229
f 174/232/230 169/233/231 173/234/232
f 173/234/232 169/233/231 172/235/233
f 173/234/232 172/235/233 184/236/234
f 184/236/234 172/235/233 183/237/235
f 169/233/231 174/232/230 177/238/236
f 177/238/236 174/232/230 175/239/237
f 177/238/236 175/239/237 176/240/238
f 177/238/236 178/241/239 169/233/231
f 169/233/231 178/241/239 181/242/240
f 169/233/231 181/242/240 182/243/241
f 181/242/240 178/241/239 13/244/242
f 13/244/242 178/241/239 179/245/243
f 13/244/242 179/245/243 180/246/244
f 180/246/244 14/247/245 13/244/242
f 186/248/246 187/249/247 185/250/248
f 185/250/248 187/249/247 188/251/249
f 185/250/248 188/251/249 189/252/250
f 189/252/250 190/253/251 185/250/248
f 192/254/252 226/255/253 191/256/254
f 191/256/254 226/255/253 227/257/255
f 191/256/254 227/257/255 214/258/256
f 214/258/256 227/257/255 228/259/257
f 214/258/256 228/259/257 213/260/258
f 213/260/258 228/259/257 229/261/259
f 213/260/258 229/261/259 212/262/260
f 212/262/260 229/261/259 230/263/261
f 212/262/260 230/263/261 211/264/262
f 211/264/262 230/263/261 358/265/263
f 211/264/262 358/265/263 210/266/264
f 210/266/264 358/265/263 209/267/265
f 209/267/265 358/265/263 359/268/266
f 209/267/265 359/268/266 208/269/267
f 208/269/267 359/268/266 207/270/268
f 207/270/268 359/268/266 206/271/269
f 206/271/269 359/268/266 205/272/270
f 205/272/270 359/268/266 204/273/271
f 204/273/271 359/268/266 203/274/272
f 203/274/272 359/268/266 202/275/273
f 202/275/273 359/268/266 300/276/274
f 202/275/273 300/276/274 301/277/275
f 226/255/253 192/254/252 225/278/276
f 225/278/276 192/254/252 193/279/277
f 225/278/276 193/279/277 224/280/278
f 224/280/278 193/279/277 194/281/279
f 224/280/278 194/281/279 223/282/280
f 223/282/280 194/281/279 195/283/281
f 223/282/280 195/283/281 222/284/282
f 222/284/282 195/283/281 196/285/283
f 222/284/282 196/285/283 324/286/284
f 324/286/284 196/285/283 197/287/285
f 324/286/284 197/287/285 323/288/286
f 323/288/286 197/287/285 198/289/287
f 323/288/286 198/289/287 245/290/288
f 245/290/288 198/289/287 244/291/289
f 244/291/289 198/289/287 301/277/275
f 244/291/289 301/277/275 243/292/290
f 243/292/290 301/277/275 242/293/291
f 242/293/291 301/277/275 241/294/292
f 241/294/292 301/277/275 240/295/293
f 240/295/293 301/277/275 239/296/294
f 239/296/294 301/277/275 262/297/295
f 262/297/295 301/277/275 302/298/296
f 262/297/295 302/298/296 261/299/297
f 261/299/297 302/298/296 260/300/298
f 260/300/298 302/298/296 303/301/299
f 260/300/298 303/301/299 259/302/300
f 259/302/300 303/301/299 258/303/301
f 258/303/301 303/301/299 304/304/302
f 258/303/301 304/304/302 257/305/303
f 257/305/303 304/304/302 305/306/304
f 257/305/303 305/306/304 307/307/305
f 307/307/305 305/306/304 306/308/306
f 198/289/287 199/309/307 301/277/275
f 301/277/275 199/309/307 200/310/308
f 301/277/275 200/310/308 201/311/309
f 201/311/309 202/275/273 301/277/275
f 216/312/310 324/286/284 215/313/311
f 215/313/311 324/286/284 352/314/312
f 215/313/311 352/314/312 238/315/313
f 238/315/313 352/314/312 237/316/314
f 237/316/314 352/314/312 236/317/315
f 236/317/315 352/314/312 235/318/316
f 235/318/316 352/314/312 234/319/317
f 234/319/317 352/314/312 233/320/318
f 233/320/318 352/314/312 353/321/319
f 233/320/318 353/321/319 232/322/320
f 232/322/320 353/321/319 231/323/321
f 231/323/321 353/321/319 358/265/263
f 231/323/321 358/265/263 230/263/261
f 216/312/310 217/324/322 324/286/284
f 324/286/284 217/324/322 218/325/323
f 324/286/284 218/325/323 219/326/324
f 219/326/324 220/327/325 324/286/284
f 324/286/284 220/327/325 221/328/326
f 324/286/284 221/328/326 222/284/282
f 245/290/288 246/329/327 323/288/286
f 323/288/286 246/329/327 315/330/328
f 323/288/286 315/330/328 316/331/329
f 315/330/328 246/329/327 314/332/330
f 314/332/330 246/329/327 247/333/331
f 314/332/330 247/333/331 313/334/332
f 313/334/332 247/333/331 248/335/333
f 313/334/332 248/335/333 249/336/334
f 249/336/334 250/337/335 313/334/332
f 313/334/332 250/337/335 251/338/336
f 313/334/332 251/338/336 312/339/337
f 312/339/337 251/338/336 252/340/338
f 312/339/337 252/340/338 253/341/339
f 253/341/339 254/342/340 312/339/337
f 312/339/337 254/342/340 311/343/341
f 311/343/341 254/342/340 310/344/342
f 310/344/342 254/342/340 308/345/343
f 310/344/342 308/345/343 309/346/344
f 254/342/340 255/347/345 308/345/343
f 308/345/343 255/347/345 256/348/346
f 308/345/343 256/348/346 307/307/305
f 307/307/305 256/348/346 257/305/303
f 264/349/347 284/350/348 263/351/349
f 263/351/349 284/350/348 285/352/350
f 263/351/349 285/352/350 178/353/351
f 178/353/351 285/352/350 286/354/352
f 178/353/351 286/354/352 280/355/353
f 280/355/353 286/354/352 279/356/354
f 279/356/354 286/354/352 283/357/355
f 279/356/354 283/357/355 332/358/356
f 332/358/356 283/357/355 331/359/357
f 331/359/357 283/357/355 284/350/348
f 331/359/357 284/350/348 330/360/358
f 330/360/358 284/350/348 329/361/359
f 329/361/359 284/350/348 264/349/347
f 329/361/359 264/349/347 324/286/284
f 324/286/284 264/349/347 265/362/360
f 324/286/284 265/362/360 272/363/361
f 272/363/361 265/362/360 271/364/362
f 271/364/362 265/362/360 266/365/363
f 271/364/362 266/365/363 177/366/364
f 177/366/364 266/365/363 263/351/349
f 177/366/364 263/351/349 178/353/351
f 268/367/365 355/368/366 267/369/367
f 267/369/367 355/368/366 273/370/368
f 267/369/367 273/370/368 270/371/369
f 270/371/369 273/370/368 274/372/370
f 270/371/369 274/372/370 297/373/371
f 297/373/371 274/372/370 271/364/362
f 297/373/371 271/364/362 177/366/364
f 269/374/372 275/375/373 268/367/365
f 268/367/365 275/375/373 276/376/374
f 268/367/365 276/376/374 355/368/366
f 355/368/366 276/376/374 277/377/375
f 355/368/366 277/377/375 354/378/376
f 354/378/376 277/377/375 357/379/377
f 354/378/376 357/379/377 353/321/319
f 353/321/319 357/379/377 358/265/263
f 275/375/373 269/374/372 297/373/371
f 297/373/371 269/374/372 270/371/369
f 324/286/284 272/363/361 352/314/312
f 352/314/312 272/363/361 273/370/368
f 352/314/312 273/370/368 355/368/366
f 278/380/378 298/381/379 277/377/375
f 277/377/375 298/381/379 299/382/380
f 277/377/375 299/382/380 356/383/381
f 356/383/381 299/382/380 359/268/266
f 359/268/266 299/382/380 300/276/274
f 278/380/378 275/375/373 298/381/379
f 298/381/379 275/375/373 297/373/371
f 178/353/351 280/355/353 296/384/382
f 296/384/382 280/355/353 281/385/383
f 296/384/382 281/385/383 289/386/384
f 289/386/384 281/385/383 288/387/385
f 288/387/385 281/385/383 282/388/386
f 288/387/385 282/388/386 335/389/387
f 335/389/387 282/388/386 334/390/388
f 334/390/388 282/388/386 279/356/354
f 334/390/388 279/356/354 333/391/389
f 333/391/389 279/356/354 332/358/356
f 288/387/385 337/392/390 287/393/391
f 287/393/391 337/392/390 292/394/392
f 287/393/391 292/394/392 290/395/393
f 290/395/393 292/394/392 293/396/394
f 290/395/393 293/396/394 295/397/395
f 295/397/395 293/396/394 188/398/396
f 295/397/395 188/398/396 181/399/397
f 181/399/397 188/398/396 182/400/398
f 296/384/382 289/386/384 295/397/395
f 295/397/395 289/386/384 290/395/393
f 292/394/392 338/401/399 291/402/400
f 291/402/400 338/401/399 339/403/401
f 291/402/400 339/403/401 340/404/402
f 188/398/396 293/396/394 189/405/403
f 189/405/403 293/396/394 294/406/404
f 189/405/403 294/406/404 184/407/405
f 184/407/405 294/406/404 291/402/400
f 184/407/405 291/402/400 351/408/406
f 351/408/406 291/402/400 342/409/407
f 351/408/406 342/409/407 343/410/408
f 183/411/409 189/405/403 184/407/405
f 316/331/329 317/412/410 323/288/286
f 323/288/286 317/412/410 318/413/411
f 323/288/286 318/413/411 319/414/412
f 319/414/412 320/415/413 323/288/286
f 323/288/286 320/415/413 321/416/414
f 323/288/286 321/416/414 322/417/415
f 325/418/416 326/419/417 324/286/284
f 324/286/284 326/419/417 327/420/418
f 324/286/284 327/420/418 328/421/419
f 328/421/419 329/361/359 324/286/284
f 335/389/387 336/422/420 288/387/385
f 288/387/385 336/422/420 337/392/390
f 337/392/390 338/401/399 292/394/392
f 340/404/402 341/423/421 291/402/400
f 291/402/400 341/423/421 342/409/407
f 343/410/408 344/424/422 351/408/406
f 351/408/406 344/424/422 345/425/423
f 351/408/406 345/425/423 346/426/424
f 346/426/424 347/427/425 351/408/406
f 351/408/406 347/427/425 348/428/426
f 351/408/406 348/428/426 349/429/427
f 349/429/427 350/430/428 351/408/406
f 351/408/406 350/430/428 325/418/416
f 356/383/381 357/379/377 277/377/375
f 186/431/429 360/432/430 187/433/431
f 187/433/431 360/432/430 361/434/432
f 185/435/433 362/436/434 186/437/435
f 186/437/435 362/436/434 363/438/436
f 186/437/435 363/438/436 360/439/437
f 361/440/438 363/441/439 364/442/440
f 364/442/440 363/441/439 143/443/441
f 364/442/440 143/443/441 140/444/442
f 140/444/442 143/443/441 141/445/443
f 141/445/443 143/443/441 142/446/444
f 361/440/438 360/447/445 363/441/439
f 365/448/446 366/449/447 140/444/442
f 140/444/442 366/449/447 364/442/440
f 367/450/448 362/451/449 190/452/450
f 190/452/450 362/451/449 185/453/451
f 368/454/452 367/455/453 171/456/454
f 171/456/454 367/455/453 190/457/455
f 171/456/454 190/457/455 183/458/456
f 183/458/456 190/457/455 189/459/457
f 183/458/456 172/460/458 171/456/454
f 188/461/459 187/462/460 182/463/461
f 182/463/461 187/462/460 170/464/462
f 182/463/461 170/464/462 169/465/463
f 187/462/460 361/466/464 170/464/462
f 170/464/462 361/466/464 364/467/465
f 170/464/462 364/467/465 369/468/466
f 370/469/467 369/470/468 366/471/469
f 366/471/469 369/470/468 364/472/470
f 371/473/471 370/474/472 365/475/473
f 365/475/473 370/474/472 366/476/474
f 143/477/475 363/478/476 136/479/477
f 136/479/477 363/478/476 362/480/478
f 136/479/477 362/480/478 367/481/479
f 368/482/480 371/483/481 367/481/479
f 367/481/479 371/483/481 137/484/482
f 367/481/479 137/484/482 136/479/477
f 371/483/481 365/485/483 137/484/482
f 137/484/482 365/485/483 140/486/484
f 171/487/485 170/488/486 368/489/487
f 368/489/487 170/488/486 369/490/488
f 368/489/487 369/490/488 370/491/489
f 370/491/489 371/492/490 368/489/487
f 86/493/491 133/494/492 87/495/493
f 133/496/494 132/497/495 87/498/496
f 87/498/496 132/497/495 88/499/497
f 14/500/498 180/501/499 15/502/500
f 15/502/500 180/501/499 372/503/501
f 15/502/500 372/503/501 49/504/502
f 48/505/503 88/506/504 49/504/502
f 49/504/502 88/506/504 132/507/505
f 49/504/502 132/507/505 15/502/500
f 373/508/506 351/509/507 48/505/503
f 48/505/503 351/509/507 89/510/508
f 48/505/503 89/510/508 88/506/504
f 373/508/506 173/511/509 351/509/507
f 351/509/507 173/511/509 184/512/510
f 168/513/511 50/514/512 372/515/513
f 372/515/513 50/514/512 49/516/514
f 13/517/515 12/518/516 181/519/517
f 181/519/517 12/518/516 295/520/518
f 168/521/519 166/522/520 135/523/521
f 135/523/521 166/522/520 165/524/522
f 135/523/521 165/524/522 164/525/523
f 372/526/524 151/527/525 168/521/519
f 168/521/519 151/527/525 150/528/526
f 168/521/519 150/528/526 149/529/527
f 180/530/528 135/523/521 372/526/524
f 372/526/524 135/523/521 161/531/529
f 372/526/524 161/531/529 160/532/530
f 179/533/531 374/534/532 180/530/528
f 180/530/528 374/534/532 135/523/521
f 135/523/521 374/534/532 134/535/533
f 134/535/533 374/534/532 375/536/534
f 134/535/533 375/536/534 41/537/535
f 41/537/535 375/536/534 42/538/536
f 42/538/536 375/536/534 175/539/537
f 175/539/537 375/536/534 176/540/538
f 145/541/539 144/542/540 168/521/519
f 168/521/519 144/542/540 167/543/541
f 168/521/519 167/543/541 166/522/520
f 164/525/523 163/544/542 135/523/521
f 135/523/521 163/544/542 162/545/543
f 135/523/521 162/545/543 161/531/529
f 160/532/530 159/546/544 372/526/524
f 372/526/524 159/546/544 158/547/545
f 372/526/524 158/547/545 157/548/546
f 157/548/546 156/549/547 372/526/524
f 372/526/524 156/549/547 155/550/548
f 372/526/524 155/550/548 154/551/549
f 154/551/549 153/552/550 372/526/524
f 372/526/524 153/552/550 152/553/551
f 372/526/524 152/553/551 151/527/525
f 149/529/527 148/554/552 168/521/519
f 168/521/519 148/554/552 147/555/553
f 168/521/519 147/555/553 146/556/554
f 146/556/554 145/541/539 168/521/519
f 374/557/555 179/558/556 10/559/557
f 10/559/557 179/558/556 178/560/558
f 10/559/557 178/560/558 296/561/559
f 296/561/559 11/562/560 10/559/557
f 399/563/561 376/564/562 415/565/563
f 415/565/563 376/564/562 377/566/564
f 415/565/563 377/566/564 378/567/565
f 378/567/565 379/568/566 415/565/563
f 415/565/563 379/568/566 380/569/567
f 415/565/563 380/569/567 381/570/568
f 381/570/568 382/571/569 415/565/563
f 415/565/563 382/571/569 383/572/570
f 415/565/563 383/572/570 414/573/571
f 414/573/571 383/572/570 384/574/572
f 414/573/571 384/574/572 385/575/573
f 385/575/573 386/576/574 414/573/571
f 414/573/571 386/576/574 413/577/575
f 413/577/575 386/576/574 387/578/576
f 413/577/575 387/578/576 388/579/577
f 388/579/577 389/580/578 413/577/575
f 413/577/575 389/580/578 412/581/579
f 412/581/579 389/580/578 390/582/580
f 412/581/579 390/582/580 391/583/581
f 412/581/579 391/583/581 411/584/582
f 411/584/582 391/583/581 392/585/583
f 411/584/582 392/585/583 410/586/584
f 410/586/584 392/585/583 393/587/585
f 410/586/584 393/587/585 409/588/586
f 409/588/586 393/587/585 416/589/587
f 409/588/586 416/589/587 408/590/588
f 408/590/588 416/589/587 417/591/589
f 408/590/588 417/591/589 407/592/590
f 407/592/590 417/591/589 406/593/591
f 406/593/591 417/591/589 405/594/592
f 405/594/592 417/591/589 404/595/593
f 404/595/593 417/591/589 403/596/594
f 403/596/594 417/591/589 402/597/595
f 402/597/595 417/591/589 401/598/596
f 401/598/596 417/591/589 400/599/597
f 393/587/585 394/600/598 416/589/587
f 416/589/587 394/600/598 395/601/599
f 416/589/587 395/601/599 396/602/600
f 396/602/600 397/603/601 416/589/587
f 416/589/587 397/603/601 398/604/602
f 416/589/587 398/604/602 399/563/561
f 416/589/587 399/563/561 415/565/563
f 418/605/603 400/606/604 419/607/605
f 419/607/605 400/606/604 177/608/606
f 419/607/605 177/608/606 176/609/607
f 417/610/608 297/611/609 400/606/604
f 400/606/604 297/611/609 177/608/606
f 419/607/605 176/609/607 8/612/610
f 8/612/610 176/609/607 375/613/611
f 8/612/610 375/613/611 9/614/612
f 421/615/613 479/616/614 420/617/615
f 420/617/615 479/616/614 450/618/616
f 420/619/615 450/620/616 449/621/617
f 449/621/617 450/620/616 451/622/618
f 449/621/617 451/622/618 448/623/619
f 448/623/619 451/622/618 452/624/620
f 448/623/619 452/624/620 447/625/621
f 447/625/621 452/624/620 453/626/622
f 447/625/621 453/626/622 446/627/623
f 446/627/623 453/626/622 454/628/624
f 446/627/623 454/628/624 445/629/625
f 445/629/625 454/628/624 455/630/626
f 445/629/625 455/630/626 444/631/627
f 444/631/627 455/630/626 456/632/628
f 444/631/627 456/632/628 443/633/629
f 443/633/629 456/632/628 457/634/630
f 443/633/629 457/634/630 442/635/631
f 442/635/631 457/634/630 458/636/632
f 442/635/631 458/636/632 441/637/633
f 441/637/633 458/636/632 459/638/634
f 441/637/633 459/638/634 440/639/635
f 440/639/635 459/638/634 460/640/636
f 440/639/635 460/640/636 439/641/637
f 439/641/637 460/640/636 461/642/638
f 439/641/637 461/642/638 438/643/639
f 438/643/639 461/642/638 462/644/640
f 438/643/639 462/644/640 437/645/641
f 437/645/641 462/644/640 463/646/642
f 437/645/641 463/646/642 436/647/643
f 436/647/643 463/646/642 464/648/644
f 436/647/643 464/648/644 435/649/645
f 435/649/645 464/648/644 465/650/646
f 435/649/645 465/650/646 434/651/647
f 434/651/647 465/650/646 466/652/648
f 434/651/647 466/652/648 433/653/649
f 433/653/649 466/652/648 467/654/650
f 433/653/649 467/654/650 432/655/651
f 432/655/651 467/654/650 468/656/652
f 432/655/651 468/656/652 431/657/653
f 431/657/653 468/656/652 469/658/654
f 431/657/653 469/658/654 430/659/655
f 430/659/655 469/658/654 470/660/656
f 430/659/655 470/660/656 429/661/657
f 429/661/657 470/660/656 471/662/658
f 429/661/657 471/662/658 428/663/659
f 428/663/659 471/662/658 472/664/660
f 428/663/659 472/664/660 427/665/661
f 427/665/661 472/664/660 473/666/662
f 427/665/661 473/666/662 426/667/663
f 426/667/663 473/666/662 474/668/664
f 426/667/663 474/668/664 425/669/665
f 425/669/665 474/668/664 475/670/666
f 425/669/665 475/670/666 424/671/667
f 424/671/667 475/670/666 476/672/668
f 424/671/667 476/672/668 423/673/669
f 423/673/669 476/672/668 477/674/670
f 423/673/669 477/674/670 422/675/671
f 422/675/671 477/674/670 478/676/672
f 422/675/671 478/676/672 421/615/613
f 421/615/613 478/676/672 479/616/614
f 480/677/673 512/678/674 419/679/675
f 419/679/675 512/678/674 513/680/676
f 419/679/675 513/680/676 514/681/677
f 481/682/678 508/683/679 480/677/673
f 480/677/673 508/683/679 509/684/680
f 480/677/673 509/684/680 510/685/681
f 482/686/682 505/687/683 481/682/678
f 481/682/678 505/687/683 506/688/684
f 481/682/678 506/688/684 507/689/685
f 505/687/683 482/686/682 504/690/686
f 504/690/686 482/686/682 483/691/687
f 504/690/686 483/691/687 503/692/688
f 503/692/688 483/691/687 502/693/689
f 502/693/689 483/691/687 484/694/690
f 502/693/689 484/694/690 485/695/691
f 502/693/689 485/695/691 501/696/692
f 501/696/692 485/695/691 486/697/693
f 501/696/692 486/697/693 500/698/694
f 500/698/694 486/697/693 487/699/695
f 500/698/694 487/699/695 488/700/696
f 488/700/696 489/701/697 500/698/694
f 500/698/694 489/701/697 499/702/698
f 499/702/698 489/701/697 490/703/699
f 499/702/698 490/703/699 498/704/700
f 498/704/700 490/703/699 491/705/701
f 498/704/700 491/705/701 492/706/702
f 493/707/703 496/708/704 492/706/702
f 492/706/702 496/708/704 497/709/705
f 492/706/702 497/709/705 498/704/700
f 496/708/704 493/707/703 495/710/706
f 495/710/706 493/707/703 418/711/707
f 495/710/706 418/711/707 494/712/708
f 494/712/708 418/711/707 517/713/709
f 517/713/709 418/711/707 516/714/710
f 516/714/710 418/711/707 419/679/675
f 516/714/710 419/679/675 515/715/711
f 515/715/711 419/679/675 514/681/677
f 507/689/685 508/683/679 481/682/678
f 510/685/681 511/716/712 480/677/673
f 480/677/673 511/716/712 512/678/674
f 400/717/604 418/718/603 401/719/713
f 401/719/713 418/718/603 493/720/714
f 401/719/713 493/720/714 402/721/715
f 402/721/715 493/720/714 492/722/716
f 402/721/715 492/722/716 403/723/717
f 403/723/717 492/722/716 491/724/718
f 403/723/717 491/724/718 404/725/719
f 404/725/719 491/724/718 490/726/720
f 404/725/719 490/726/720 405/727/721
f 405/727/721 490/726/720 489/728/722
f 405/727/721 489/728/722 406/729/723
f 406/729/723 489/728/722 488/730/724
f 406/729/723 488/730/724 407/731/725
f 407/731/725 488/730/724 487/732/726
f 407/731/725 487/732/726 408/733/727
f 408/733/727 487/732/726 486/734/728
f 408/733/727 486/734/728 409/735/729
f 409/735/729 486/734/728 485/736/730
f 409/735/729 485/736/730 410/737/731
f 410/737/731 485/736/730 484/738/732
f 410/737/731 484/738/732 411/739/733
f 411/739/733 484/738/732 483/740/734
f 411/739/733 483/740/734 412/741/735
f 412/741/735 483/740/734 482/742/736
f 412/741/735 482/742/736 413/743/737
f 413/743/737 482/742/736 481/744/738
f 481/745/739 480/746/740 413/747/741
f 413/747/741 480/746/740 414/748/742
f 90/749/743 325/750/744 91/751/745
f 91/751/745 325/750/744 350/752/746
f 91/751/745 350/752/746 92/753/747
f 92/753/747 350/752/746 349/754/748
f 92/753/747 349/754/748 93/755/749
f 93/755/749 349/754/748 348/756/750
f 93/755/749 348/756/750 94/757/751
f 94/757/751 348/756/750 347/758/752
f 94/757/751 347/758/752 95/759/753
f 95/759/753 347/758/752 346/760/754
f 95/759/753 346/760/754 96/761/755
f 96/761/755 346/760/754 97/762/756
f 97/762/756 346/760/754 345/763/757
f 97/762/756 345/763/757 98/764/758
f 98/765/758 345/766/757 344/767/759
f 98/765/758 344/767/759 99/768/760
f 99/768/760 344/767/759 343/769/761
f 99/768/760 343/769/761 100/770/762
f 100/770/762 343/769/761 342/771/763
f 100/770/762 342/771/763 101/772/764
f 101/772/764 342/771/763 102/773/765
f 102/773/765 342/771/763 341/774/766
f 102/773/765 341/774/766 103/775/767
f 103/775/767 341/774/766 340/776/768
f 103/775/767 340/776/768 104/777/769
f 104/777/769 340/776/768 339/778/770
f 104/777/769 339/778/770 105/779/771
f 105/779/771 339/778/770 338/780/772
f 105/779/771 338/780/772 106/781/773
f 106/781/773 338/780/772 107/782/774
f 107/782/774 338/780/772 337/783/775
f 107/782/774 337/783/775 108/784/776
f 108/784/776 337/783/775 336/785/777
f 108/784/776 336/785/777 109/786/778
f 109/786/778 336/785/777 335/787/779
f 109/786/778 335/787/779 110/788/780
f 110/788/780 335/787/779 334/789/781
f 110/788/780 334/789/781 111/790/782
f 111/790/782 334/789/781 112/791/783
f 112/791/783 334/789/781 333/792/784
f 112/791/783 333/792/784 113/793/785
f 113/793/785 333/792/784 332/794/786
f 113/793/785 332/794/786 114/795/787
f 114/795/787 332/794/786 331/796/788
f 114/795/787 331/796/788 115/797/789
f 115/797/789 331/796/788 330/798/790
f 115/797/789 330/798/790 116/799/791
f 116/799/791 330/798/790 329/800/792
f 116/799/791 329/800/792 117/801/793
f 117/801/793 329/800/792 118/802/794
f 118/802/794 329/800/792 328/803/795
f 118/802/794 328/803/795 119/804/796
f 119/804/796 328/803/795 327/805/797
f 119/804/796 327/805/797 120/806/798
f 120/806/798 327/805/797 326/807/799
f 120/806/798 326/807/799 121/808/800
f 121/808/800 326/807/799 325/750/744
f 121/808/800 325/750/744 90/749/743
f 325/809/801 324/810/802 90/811/803
f 90/811/803 324/810/802 122/812/804
f 323/813/805 47/814/806 122/815/807
f 122/815/807 47/814/806 46/816/808
f 122/815/807 46/816/808 123/817/809
f 122/815/807 324/818/810 323/813/805
f 299/819/811 131/820/812 300/821/813
f 300/821/813 131/820/812 519/822/814
f 519/822/814 131/820/812 518/823/815
f 518/823/815 131/820/812 130/824/816
f 44/825/817 43/826/818 518/827/819
f 518/827/819 43/826/818 519/828/820
f 90/829/803 89/830/821 325/831/801
f 325/831/801 89/830/821 351/832/822
f 9/833/823 375/834/824 10/835/825
f 10/835/825 375/834/824 374/836/826
f 357/837/827 356/838/828 129/839/829
f 129/839/829 356/838/828 130/840/830
f 130/841/831 356/842/832 44/843/833
f 44/843/833 356/842/832 359/844/834
f 44/843/833 359/844/834 45/845/835
f 44/843/833 518/846/836 130/841/831
f 417/847/837 416/848/838 297/849/839
f 297/849/839 416/848/838 298/850/840
f 355/851/841 354/852/842 125/853/843
f 125/853/843 354/852/842 126/854/844
f 358/855/845 128/856/846 359/857/847
f 359/857/847 128/856/846 45/858/848
f 45/858/848 128/856/846 127/859/849
f 45/858/848 127/859/849 46/860/850
f 46/860/850 127/859/849 124/861/851
f 46/860/850 124/861/851 123/862/852
f 353/863/853 352/864/854 127/859/849
f 127/859/849 352/864/854 124/861/851
f 358/865/855 357/866/856 128/867/857
f 128/867/857 357/866/856 129/868/858
f 352/869/859 355/870/860 124/871/861
f 124/871/861 355/870/860 125/872/862
f 353/873/863 127/874/864 354/875/865
f 354/875/865 127/874/864 126/876/866
f 8/877/867 7/878/868 480/879/869
f 480/879/869 7/878/868 415/880/870
f 480/879/869 415/880/870 414/881/871
f 480/879/869 419/882/872 8/877/867
f 451/883/873 450/884/874 416/885/875
f 416/885/875 450/884/874 479/886/876
f 416/885/875 479/886/876 478/887/877
f 478/887/877 477/888/878 416/885/875
f 416/885/875 477/888/878 476/889/879
f 416/885/875 476/889/879 299/890/880
f 299/890/880 476/889/879 475/891/881
f 299/890/880 475/891/881 131/892/882
f 131/892/882 475/891/881 474/893/883
f 131/892/882 474/893/883 473/894/884
f 473/894/884 472/895/885 131/892/882
f 131/892/882 472/895/885 471/896/886
f 131/892/882 471/896/886 6/897/887
f 6/897/887 471/896/886 470/898/888
f 6/897/887 470/898/888 469/899/889
f 469/899/889 468/900/890 6/897/887
f 6/897/887 468/900/890 467/901/891
f 6/897/887 467/901/891 466/902/892
f 466/902/892 465/903/893 6/897/887
f 6/897/887 465/903/893 7/904/894
f 7/904/894 465/903/893 464/905/895
f 7/904/894 464/905/895 463/906/896
f 463/906/896 462/907/897 7/904/894
f 7/904/894 462/907/897 461/908/898
f 7/904/894 461/908/898 460/909/899
f 460/909/899 459/910/900 7/904/894
f 7/904/894 459/910/900 458/911/901
f 7/904/894 458/911/901 457/912/902
f 7/904/894 457/912/902 415/913/903
f 415/913/903 457/912/902 456/914/904
f 415/913/903 456/914/904 455/915/905
f 455/915/905 454/916/906 415/913/903
f 415/913/903 454/916/906 453/917/907
f 415/913/903 453/917/907 452/918/908
f 452/918/908 451/883/873 415/913/903
f 415/913/903 451/883/873 416/885/875
f 299/890/880 298/919/909 416/885/875
f 12/920/910 11/921/911 295/922/912
f 295/922/912 11/921/911 296/923/913
f 520/924/914 300/925/915 174/926/916
f 174/926/916 300/925/915 421/927/917
f 174/926/916 421/927/917 420/928/918
f 520/924/914 301/929/919 300/925/915
f 519/930/920 424/931/921 300/925/915
f 300/925/915 424/931/921 423/932/922
f 300/925/915 423/932/922 422/933/923
f 43/934/924 42/935/925 519/930/920
f 519/930/920 42/935/925 431/936/926
f 519/930/920 431/936/926 430/937/927
f 175/938/928 435/939/929 42/935/925
f 42/935/925 435/939/929 434/940/930
f 42/935/925 434/940/930 433/941/931
f 174/926/916 443/942/932 175/938/928
f 175/938/928 443/942/932 442/943/933
f 175/938/928 442/943/933 441/944/934
f 420/928/918 449/945/935 174/926/916
f 174/926/916 449/945/935 448/946/936
f 174/926/916 448/946/936 447/947/937
f 447/947/937 446/948/938 174/926/916
f 174/926/916 446/948/938 445/949/939
f 174/926/916 445/949/939 444/950/940
f 444/950/940 443/942/932 174/926/916
f 441/944/934 440/951/941 175/938/928
f 175/938/928 440/951/941 439/952/942
f 175/938/928 439/952/942 438/953/943
f 438/953/943 437/954/944 175/938/928
f 175/938/928 437/954/944 436/955/945
f 175/938/928 436/955/945 435/939/929
f 433/941/931 432/956/946 42/935/925
f 42/935/925 432/956/946 431/936/926
f 430/937/927 429/957/947 519/930/920
f 519/930/920 429/957/947 428/958/948
f 519/930/920 428/958/948 427/959/949
f 427/959/949 426/960/950 519/930/920
f 519/930/920 426/960/950 425/961/951
f 519/930/920 425/961/951 424/931/921
f 422/933/923 421/927/917 300/925/915
f 526/962/952 307/963/953 525/964/954
f 525/964/954 307/963/953 306/965/955
f 525/964/954 306/965/955 524/966/956
f 524/966/956 306/965/955 305/967/957
f 524/966/956 305/967/957 523/968/958
f 523/968/958 305/967/957 304/969/959
f 523/968/958 304/969/959 522/970/960
f 522/970/960 304/969/959 303/971/961
f 522/970/960 303/971/961 521/972/962
f 521/972/962 303/971/961 302/973/963
f 521/972/962 302/973/963 520/974/914
f 520/974/914 302/973/963 301/975/919
f 526/976/952 527/977/964 307/978/953
f 307/978/953 527/977/964 308/979/965
f 173/980/966 676/981/967 174/982/968
f 174/982/968 676/981/967 677/983/969
f 174/982/968 677/983/969 591/984/970
f 591/984/970 677/983/969 590/985/971
f 590/985/971 677/983/969 678/986/972
f 590/985/971 678/986/972 679/987/973
f 373/988/974 570/989/975 173/980/966
f 173/980/966 570/989/975 571/990/976
f 173/980/966 571/990/976 572/991/977
f 528/992/978 711/993/979 373/988/974
f 373/988/974 711/993/979 712/994/980
f 373/988/974 712/994/980 713/995/981
f 529/996/982 647/997/983 528/992/978
f 528/992/978 647/997/983 648/998/984
f 528/992/978 648/998/984 649/999/985
f 530/1000/986 668/1001/987 529/996/982
f 529/996/982 668/1001/987 669/1002/988
f 529/996/982 669/1002/988 646/1003/989
f 531/1004/990 666/1005/991 530/1000/986
f 530/1000/986 666/1005/991 667/1006/992
f 530/1000/986 667/1006/992 668/1001/987
f 666/1005/991 531/1004/990 665/1007/993
f 665/1007/993 531/1004/990 532/1008/994
f 665/1007/993 532/1008/994 664/1009/995
f 664/1009/995 532/1008/994 533/1010/996
f 664/1009/995 533/1010/996 534/1011/997
f 664/1009/995 534/1011/997 640/1012/998
f 640/1012/998 534/1011/997 535/1013/999
f 640/1012/998 535/1013/999 616/1014/1000
f 616/1014/1000 535/1013/999 615/1015/1001
f 615/1015/1001 535/1013/999 536/1016/1002
f 615/1015/1001 536/1016/1002 614/1017/1003
f 614/1017/1003 536/1016/1002 537/1018/1004
f 614/1017/1003 537/1018/1004 613/1019/1005
f 613/1019/1005 537/1018/1004 612/1020/1006
f 612/1020/1006 537/1018/1004 611/1021/1007
f 611/1021/1007 537/1018/1004 610/1022/1008
f 610/1022/1008 537/1018/1004 538/1023/1009
f 610/1022/1008 538/1023/1009 609/1024/1010
f 609/1024/1010 538/1023/1009 608/1025/1011
f 608/1025/1011 538/1023/1009 607/1026/1012
f 607/1026/1012 538/1023/1009 539/1027/1013
f 607/1026/1012 539/1027/1013 540/1028/1014
f 541/1029/1015 527/1030/1016 540/1028/1014
f 540/1028/1014 527/1030/1016 607/1026/1012
f 526/1031/1017 605/1032/1018 527/1030/1016
f 527/1030/1016 605/1032/1018 606/1033/1019
f 527/1030/1016 606/1033/1019 607/1026/1012
f 525/1034/1020 524/1035/1021 526/1031/1017
f 526/1031/1017 524/1035/1021 604/1036/1022
f 526/1031/1017 604/1036/1022 605/1032/1018
f 524/1035/1021 523/1037/1023 604/1036/1022
f 604/1036/1022 523/1037/1023 603/1038/1024
f 603/1038/1024 523/1037/1023 522/1039/1025
f 603/1038/1024 522/1039/1025 602/1040/1026
f 602/1040/1026 522/1039/1025 601/1041/1027
f 601/1041/1027 522/1039/1025 521/1042/1028
f 601/1041/1027 521/1042/1028 600/1043/1029
f 600/1043/1029 521/1042/1028 599/1044/1030
f 599/1044/1030 521/1042/1028 520/1045/1031
f 599/1044/1030 520/1045/1031 598/1046/1032
f 598/1046/1032 520/1045/1031 621/1047/1033
f 621/1047/1033 520/1045/1031 620/1048/1034
f 620/1048/1034 520/1045/1031 619/1049/1035
f 619/1049/1035 520/1045/1031 618/1050/1036
f 618/1050/1036 520/1045/1031 617/1051/1037
f 617/1051/1037 520/1045/1031 639/1052/1038
f 617/1051/1037 639/1052/1038 616/1014/1000
f 616/1014/1000 639/1052/1038 640/1012/998
f 174/982/968 634/1053/1039 520/1045/1031
f 520/1045/1031 634/1053/1039 635/1054/1040
f 520/1045/1031 635/1054/1040 636/1055/1041
f 543/1056/1042 573/1057/1043 542/1058/1044
f 542/1058/1044 573/1057/1043 700/1059/1045
f 542/1058/1044 700/1059/1045 701/1060/1046
f 544/1061/1047 173/980/966 543/1056/1042
f 543/1056/1042 173/980/966 572/991/977
f 543/1056/1042 572/991/977 573/1057/1043
f 173/980/966 544/1061/1047 568/1062/1048
f 568/1062/1048 544/1061/1047 545/1063/1049
f 568/1062/1048 545/1063/1049 567/1064/1050
f 567/1064/1050 545/1063/1049 702/1065/1051
f 567/1064/1050 702/1065/1051 703/1066/1052
f 702/1065/1051 545/1063/1049 701/1060/1046
f 701/1060/1046 545/1063/1049 542/1058/1044
f 547/1067/1053 566/1068/1054 546/1069/1055
f 546/1069/1055 566/1068/1054 706/1070/1056
f 546/1069/1055 706/1070/1056 707/1071/1057
f 548/1072/1058 674/1073/1059 547/1067/1053
f 547/1067/1053 674/1073/1059 173/980/966
f 547/1067/1053 173/980/966 569/1074/1060
f 569/1074/1060 173/980/966 568/1062/1048
f 549/1075/1061 562/1076/1062 548/1072/1058
f 548/1072/1058 562/1076/1062 673/1077/1063
f 548/1072/1058 673/1077/1063 674/1073/1059
f 546/1069/1055 528/992/978 549/1075/1061
f 549/1075/1061 528/992/978 565/1078/1064
f 549/1075/1061 565/1078/1064 562/1076/1062
f 551/1079/1065 690/1080/1066 550/1081/1067
f 550/1081/1067 690/1080/1066 691/1082/1068
f 550/1081/1067 691/1082/1068 692/1083/1069
f 552/1084/1070 559/1085/1071 551/1079/1065
f 551/1079/1065 559/1085/1071 689/1086/1072
f 551/1079/1065 689/1086/1072 690/1080/1066
f 553/1087/1073 528/992/978 552/1084/1070
f 552/1084/1070 528/992/978 558/1088/1074
f 552/1084/1070 558/1088/1074 559/1085/1071
f 528/992/978 553/1087/1073 564/1089/1075
f 564/1089/1075 553/1087/1073 550/1081/1067
f 564/1089/1075 550/1081/1067 563/1090/1076
f 563/1090/1076 550/1081/1067 692/1083/1069
f 563/1090/1076 692/1083/1069 693/1091/1077
f 555/1092/1078 652/1093/1079 554/1094/1080
f 554/1094/1080 652/1093/1079 628/1095/1081
f 554/1094/1080 628/1095/1081 629/1096/1082
f 556/1097/1083 561/1098/1084 555/1092/1078
f 555/1092/1078 561/1098/1084 651/1099/1085
f 555/1092/1078 651/1099/1085 652/1093/1079
f 557/1100/1086 581/1101/1087 556/1097/1083
f 556/1097/1083 581/1101/1087 582/1102/1088
f 556/1097/1083 582/1102/1088 687/1103/1089
f 687/1103/1089 582/1102/1088 686/1104/1090
f 686/1104/1090 582/1102/1088 583/1105/1091
f 686/1104/1090 583/1105/1091 685/1106/1092
f 685/1106/1092 583/1105/1091 584/1107/1093
f 685/1106/1092 584/1107/1093 684/1108/1094
f 684/1108/1094 584/1107/1093 585/1109/1095
f 684/1108/1094 585/1109/1095 683/1110/1096
f 683/1110/1096 585/1109/1095 586/1111/1097
f 683/1110/1096 586/1111/1097 682/1112/1098
f 682/1112/1098 586/1111/1097 587/1113/1099
f 682/1112/1098 587/1113/1099 681/1114/1100
f 681/1114/1100 587/1113/1099 588/1115/1101
f 681/1114/1100 588/1115/1101 680/1116/1102
f 680/1116/1102 588/1115/1101 589/1117/1103
f 680/1116/1102 589/1117/1103 679/987/973
f 679/987/973 589/1117/1103 590/985/971
f 554/1094/1080 578/1118/1104 557/1100/1086
f 557/1100/1086 578/1118/1104 579/1119/1105
f 557/1100/1086 579/1119/1105 580/1120/1106
f 689/1086/1072 559/1085/1071 688/1121/1107
f 688/1121/1107 559/1085/1071 560/1122/1108
f 688/1121/1107 560/1122/1108 687/1103/1089
f 687/1103/1089 560/1122/1108 556/1097/1083
f 560/1122/1108 561/1098/1084 556/1097/1083
f 651/1099/1085 561/1098/1084 650/1123/1109
f 650/1123/1109 561/1098/1084 558/1088/1074
f 650/1123/1109 558/1088/1074 649/999/985
f 649/999/985 558/1088/1074 528/992/978
f 563/1090/1076 671/1124/1110 562/1076/1062
f 562/1076/1062 671/1124/1110 672/1125/1111
f 562/1076/1062 672/1125/1111 673/1077/1063
f 564/1089/1075 565/1078/1064 528/992/978
f 567/1064/1050 704/1126/1112 566/1068/1054
f 566/1068/1054 704/1126/1112 705/1127/1113
f 566/1068/1054 705/1127/1113 706/1070/1056
f 569/1074/1060 566/1068/1054 547/1067/1053
f 573/1057/1043 570/989/975 700/1059/1045
f 700/1059/1045 570/989/975 699/1128/1114
f 699/1128/1114 570/989/975 698/1129/1115
f 698/1129/1115 570/989/975 697/1130/1116
f 697/1130/1116 570/989/975 373/988/974
f 697/1130/1116 373/988/974 696/1131/1117
f 696/1131/1117 373/988/974 695/1132/1118
f 695/1132/1118 373/988/974 694/1133/1119
f 694/1133/1119 373/988/974 717/1134/1120
f 717/1134/1120 373/988/974 716/1135/1121
f 716/1135/1121 373/988/974 715/1136/1122
f 715/1136/1122 373/988/974 714/1137/1123
f 714/1137/1123 373/988/974 713/995/981
f 597/1138/1124 574/1139/1125 174/982/968
f 174/982/968 574/1139/1125 575/1140/1126
f 174/982/968 575/1140/1126 576/1141/1127
f 174/982/968 576/1141/1127 632/1142/1128
f 632/1142/1128 576/1141/1127 577/1143/1129
f 632/1142/1128 577/1143/1129 631/1144/1130
f 631/1144/1130 577/1143/1129 578/1118/1104
f 631/1144/1130 578/1118/1104 630/1145/1131
f 630/1145/1131 578/1118/1104 554/1094/1080
f 630/1145/1131 554/1094/1080 629/1096/1082
f 580/1120/1106 581/1101/1087 557/1100/1086
f 591/984/970 592/1146/1132 174/982/968
f 174/982/968 592/1146/1132 593/1147/1133
f 174/982/968 593/1147/1133 594/1148/1134
f 594/1148/1134 595/1149/1135 174/982/968
f 174/982/968 595/1149/1135 596/1150/1136
f 174/982/968 596/1150/1136 597/1138/1124
f 623/1151/1137 657/1152/1138 622/1153/1139
f 622/1153/1139 657/1152/1138 658/1154/1140
f 622/1153/1139 658/1154/1140 645/1155/1141
f 645/1155/1141 658/1154/1140 659/1156/1142
f 645/1155/1141 659/1156/1142 644/1157/1143
f 644/1157/1143 659/1156/1142 660/1158/1144
f 644/1157/1143 660/1158/1144 643/1159/1145
f 643/1159/1145 660/1158/1144 661/1160/1146
f 643/1159/1145 661/1160/1146 642/1161/1147
f 642/1161/1147 661/1160/1146 662/1162/1148
f 642/1161/1147 662/1162/1148 641/1163/1149
f 641/1163/1149 662/1162/1148 663/1164/1150
f 641/1163/1149 663/1164/1150 664/1009/995
f 657/1152/1138 623/1151/1137 656/1165/1151
f 656/1165/1151 623/1151/1137 624/1166/1152
f 656/1165/1151 624/1166/1152 655/1167/1153
f 655/1167/1153 624/1166/1152 625/1168/1154
f 655/1167/1153 625/1168/1154 654/1169/1155
f 654/1169/1155 625/1168/1154 626/1170/1156
f 654/1169/1155 626/1170/1156 653/1171/1157
f 653/1171/1157 626/1170/1156 627/1172/1158
f 653/1171/1157 627/1172/1158 652/1093/1079
f 652/1093/1079 627/1172/1158 628/1095/1081
f 632/1142/1128 633/1173/1159 174/982/968
f 174/982/968 633/1173/1159 634/1053/1039
f 636/1055/1041 637/1174/1160 520/1045/1031
f 520/1045/1031 637/1174/1160 638/1175/1161
f 520/1045/1031 638/1175/1161 639/1052/1038
f 640/1012/998 641/1163/1149 664/1009/995
f 646/1003/989 647/997/983 529/996/982
f 693/1091/1077 670/1176/1162 563/1090/1076
f 563/1090/1076 670/1176/1162 671/1124/1110
f 674/1073/1059 675/1177/1163 173/980/966
f 173/980/966 675/1177/1163 676/981/967
f 703/1066/1052 704/1126/1112 567/1064/1050
f 546/1069/1055 707/1071/1057 528/992/978
f 528/992/978 707/1071/1057 708/1178/1164
f 528/992/978 708/1178/1164 709/1179/1165
f 709/1179/1165 710/1180/1166 528/992/978
f 528/992/978 710/1180/1166 711/993/979
f 538/1181/1167 312/1182/1168 539/1183/1169
f 539/1183/1169 312/1182/1168 311/1184/1170
f 539/1183/1169 311/1184/1170 540/1185/1171
f 540/1185/1171 311/1184/1170 310/1186/1172
f 540/1185/1171 310/1186/1172 541/1187/1173
f 541/1187/1173 310/1186/1172 309/1188/1174
f 541/1187/1173 309/1188/1174 527/1189/964
f 527/1189/964 309/1188/1174 308/1190/965
f 312/1191/1168 538/1192/1167 313/1193/1175
f 313/1193/1175 538/1192/1167 537/1194/1176
f 313/1193/1175 537/1194/1176 314/1195/1177
f 314/1195/1177 537/1194/1176 536/1196/1178
f 314/1195/1177 536/1196/1178 315/1197/1179
f 315/1197/1179 536/1196/1178 535/1198/1180
f 315/1197/1179 535/1198/1180 316/1199/1181
f 316/1199/1181 535/1198/1180 534/1200/1182
f 316/1199/1181 534/1200/1182 317/1201/1183
f 317/1201/1183 534/1200/1182 533/1202/1184
f 317/1201/1183 533/1202/1184 318/1203/1185
f 318/1203/1185 533/1202/1184 532/1204/1186
f 318/1203/1185 532/1204/1186 319/1205/1187
f 319/1205/1187 532/1204/1186 531/1206/1188
f 319/1205/1187 531/1206/1188 320/1207/1189
f 320/1207/1189 531/1206/1188 530/1208/1190
f 320/1207/1189 530/1208/1190 321/1209/1191
f 321/1209/1191 530/1208/1190 529/1210/1192
f 321/1209/1191 529/1210/1192 322/1211/1193
f 322/1211/1193 529/1210/1192 528/1212/1194
f 399/1213/1195 719/1214/1196 376/1215/1197
f 376/1215/1197 719/1214/1196 718/1216/1198
f 376/1217/1197 718/1218/1198 377/1219/1199
f 377/1219/1199 718/1218/1198 741/1220/1200
f 377/1219/1199 741/1220/1200 378/1221/1201
f 378/1221/1201 741/1220/1200 740/1222/1202
f 378/1221/1201 740/1222/1202 379/1223/1203
f 379/1223/1203 740/1222/1202 739/1224/1204
f 379/1223/1203 739/1224/1204 380/1225/1205
f 380/1225/1205 739/1224/1204 738/1226/1206
f 380/1225/1205 738/1226/1206 381/1227/1207
f 381/1227/1207 738/1226/1206 737/1228/1208
f 381/1227/1207 737/1228/1208 382/1229/1209
f 382/1229/1209 737/1228/1208 736/1230/1210
f 382/1229/1209 736/1230/1210 383/1231/1211
f 383/1231/1211 736/1230/1210 735/1232/1212
f 383/1231/1211 735/1232/1212 384/1233/1213
f 384/1233/1213 735/1232/1212 734/1234/1214
f 384/1233/1213 734/1234/1214 385/1235/1215
f 385/1235/1215 734/1234/1214 733/1236/1216
f 385/1235/1215 733/1236/1216 386/1237/1217
f 386/1237/1217 733/1236/1216 732/1238/1218
f 386/1237/1217 732/1238/1218 387/1239/1219
f 387/1239/1219 732/1238/1218 731/1240/1220
f 387/1239/1219 731/1240/1220 388/1241/1221
f 388/1241/1221 731/1240/1220 730/1242/1222
f 388/1241/1221 730/1242/1222 389/1243/1223
f 389/1243/1223 730/1242/1222 729/1244/1224
f 389/1243/1223 729/1244/1224 390/1245/1225
f 390/1245/1225 729/1244/1224 728/1246/1226
f 390/1245/1225 728/1246/1226 391/1247/1227
f 391/1247/1227 728/1246/1226 727/1248/1228
f 391/1247/1227 727/1248/1228 392/1249/1229
f 392/1249/1229 727/1248/1228 726/1250/1230
f 392/1249/1229 726/1250/1230 393/1251/1231
f 393/1251/1231 726/1250/1230 725/1252/1232
f 393/1251/1231 725/1252/1232 394/1253/1233
f 394/1253/1233 725/1252/1232 724/1254/1234
f 394/1253/1233 724/1254/1234 395/1255/1235
f 395/1255/1235 724/1254/1234 723/1256/1236
f 395/1255/1235 723/1256/1236 396/1257/1237
f 396/1257/1237 723/1256/1236 722/1258/1238
f 396/1257/1237 722/1258/1238 397/1259/1239
f 397/1259/1239 722/1258/1238 721/1260/1240
f 397/1259/1239 721/1260/1240 398/1261/1241
f 398/1261/1241 721/1260/1240 720/1262/1242
f 398/1261/1241 720/1262/1242 399/1213/1195
f 399/1213/1195 720/1262/1242 719/1214/1196
f 597/1263/1243 741/1220/1200 574/1264/1244
f 574/1264/1244 741/1220/1200 718/1218/1198
f 574/1265/1244 718/1216/1198 575/1266/1245
f 575/1266/1245 718/1216/1198 719/1214/1196
f 575/1266/1245 719/1214/1196 576/1267/1246
f 576/1267/1246 719/1214/1196 720/1262/1242
f 576/1267/1246 720/1262/1242 577/1268/1247
f 577/1268/1247 720/1262/1242 721/1260/1240
f 577/1268/1247 721/1260/1240 578/1269/1248
f 578/1269/1248 721/1260/1240 722/1258/1238
f 578/1269/1248 722/1258/1238 579/1270/1249
f 579/1270/1249 722/1258/1238 723/1256/1236
f 579/1270/1249 723/1256/1236 580/1271/1250
f 580/1271/1250 723/1256/1236 724/1254/1234
f 580/1271/1250 724/1254/1234 581/1272/1251
f 581/1272/1251 724/1254/1234 725/1252/1232
f 581/1272/1251 725/1252/1232 582/1273/1252
f 582/1273/1252 725/1252/1232 726/1250/1230
f 582/1273/1252 726/1250/1230 583/1274/1253
f 583/1274/1253 726/1250/1230 727/1248/1228
f 583/1274/1253 727/1248/1228 584/1275/1254
f 584/1275/1254 727/1248/1228 728/1246/1226
f 584/1275/1254 728/1246/1226 585/1276/1255
f 585/1276/1255 728/1246/1226 729/1244/1224
f 585/1276/1255 729/1244/1224 586/1277/1256
f 586/1277/1256 729/1244/1224 730/1242/1222
f 586/1277/1256 730/1242/1222 587/1278/1257
f 587/1278/1257 730/1242/1222 731/1240/1220
f 587/1278/1257 731/1240/1220 588/1279/1258
f 588/1279/1258 731/1240/1220 732/1238/1218
f 588/1279/1258 732/1238/1218 589/1280/1259
f 589/1280/1259 732/1238/1218 733/1236/1216
f 589/1280/1259 733/1236/1216 590/1281/1260
f 590/1281/1260 733/1236/1216 734/1234/1214
f 590/1281/1260 734/1234/1214 591/1282/1261
f 591/1282/1261 734/1234/1214 735/1232/1212
f 591/1282/1261 735/1232/1212 592/1283/1262
f 592/1283/1262 735/1232/1212 736/1230/1210
f 592/1283/1262 736/1230/1210 593/1284/1263
f 593/1284/1263 736/1230/1210 737/1228/1208
f 593/1284/1263 737/1228/1208 594/1285/1264
f 594/1285/1264 737/1228/1208 738/1226/1206
f 594/1285/1264 738/1226/1206 595/1286/1265
f 595/1286/1265 738/1226/1206 739/1224/1204
f 595/1286/1265 739/1224/1204 596/1287/1266
f 596/1287/1266 739/1224/1204 740/1222/1202
f 596/1287/1266 740/1222/1202 597/1263/1243
f 597/1263/1243 740/1222/1202 741/1220/1200
f 262/1288/1267 599/1289/1268 239/1290/1269
f 239/1290/1269 599/1289/1268 598/1291/1270
f 239/1292/1269 598/1293/1270 240/1294/1271
f 240/1294/1271 598/1293/1270 621/1295/1272
f 240/1294/1271 621/1295/1272 241/1296/1273
f 241/1296/1273 621/1295/1272 620/1297/1274
f 241/1296/1273 620/1297/1274 242/1298/1275
f 242/1298/1275 620/1297/1274 619/1299/1276
f 242/1298/1275 619/1299/1276 243/1300/1277
f 243/1300/1277 619/1299/1276 618/1301/1278
f 243/1300/1277 618/1301/1278 244/1302/1279
f 244/1302/1279 618/1301/1278 617/1303/1280
f 244/1302/1279 617/1303/1280 245/1304/1281
f 245/1304/1281 617/1303/1280 616/1305/1282
f 245/1304/1281 616/1305/1282 246/1306/1283
f 246/1306/1283 616/1305/1282 615/1307/1284
f 246/1306/1283 615/1307/1284 247/1308/1285
f 247/1308/1285 615/1307/1284 614/1309/1286
f 247/1308/1285 614/1309/1286 248/1310/1287
f 248/1310/1287 614/1309/1286 613/1311/1288
f 248/1310/1287 613/1311/1288 249/1312/1289
f 249/1312/1289 613/1311/1288 612/1313/1290
f 249/1312/1289 612/1313/1290 250/1314/1291
f 250/1314/1291 612/1313/1290 611/1315/1292
f 250/1314/1291 611/1315/1292 251/1316/1293
f 251/1316/1293 611/1315/1292 610/1317/1294
f 251/1316/1293 610/1317/1294 252/1318/1295
f 252/1318/1295 610/1317/1294 609/1319/1296
f 252/1318/1295 609/1319/1296 253/1320/1297
f 253/1320/1297 609/1319/1296 608/1321/1298
f 253/1320/1297 608/1321/1298 254/1322/1299
f 254/1322/1299 608/1321/1298 607/1323/1300
f 254/1322/1299 607/1323/1300 255/1324/1301
f 255/1324/1301 607/1323/1300 606/1325/1302
f 255/1324/1301 606/1325/1302 256/1326/1303
f 256/1326/1303 606/1325/1302 605/1327/1304
f 256/1326/1303 605/1327/1304 257/1328/1305
f 257/1328/1305 605/1327/1304 604/1329/1306
f 257/1328/1305 604/1329/1306 258/1330/1307
f 258/1330/1307 604/1329/1306 603/1331/1308
f 258/1330/1307 603/1331/1308 259/1332/1309
f 259/1332/1309 603/1331/1308 602/1333/1310
f 259/1332/1309 602/1333/1310 260/1334/1311
f 260/1334/1311 602/1333/1310 601/1335/1312
f 260/1334/1311 601/1335/1312 261/1336/1313
f 261/1336/1313 601/1335/1312 600/1337/1314
f 261/1336/1313 600/1337/1314 262/1288/1267
f 262/1288/1267 600/1337/1314 599/1289/1268
f 645/1338/1315 192/1339/1316 622/1340/1317
f 622/1340/1317 192/1339/1316 191/1341/1318
f 622/1342/1317 191/1343/1318 623/1344/1319
f 623/1344/1319 191/1343/1318 214/1345/1320
f 623/1344/1319 214/1345/1320 624/1346/1321
f 624/1346/1321 214/1345/1320 213/1347/1322
f 624/1346/1321 213/1347/1322 625/1348/1323
f 625/1348/1323 213/1347/1322 212/1349/1324
f 625/1348/1323 212/1349/1324 626/1350/1325
f 626/1350/1325 212/1349/1324 211/1351/1326
f 626/1350/1325 211/1351/1326 627/1352/1327
f 627/1352/1327 211/1351/1326 210/1353/1328
f 627/1352/1327 210/1353/1328 628/1354/1329
f 628/1354/1329 210/1353/1328 209/1355/1330
f 628/1354/1329 209/1355/1330 629/1356/1331
f 629/1356/1331 209/1355/1330 208/1357/1332
f 629/1356/1331 208/1357/1332 630/1358/1333
f 630/1358/1333 208/1357/1332 207/1359/1334
f 630/1358/1333 207/1359/1334 631/1360/1335
f 631/1360/1335 207/1359/1334 206/1361/1336
f 631/1360/1335 206/1361/1336 632/1362/1337
f 632/1362/1337 206/1361/1336 205/1363/1338
f 632/1362/1337 205/1363/1338 633/1364/1339
f 633/1364/1339 205/1363/1338 204/1365/1340
f 633/1364/1339 204/1365/1340 634/1366/1341
f 634/1366/1341 204/1365/1340 203/1367/1342
f 634/1366/1341 203/1367/1342 635/1368/1343
f 635/1368/1343 203/1367/1342 202/1369/1344
f 635/1368/1343 202/1369/1344 636/1370/1345
f 636/1370/1345 202/1369/1344 201/1371/1346
f 636/1370/1345 201/1371/1346 637/1372/1347
f 637/1372/1347 201/1371/1346 200/1373/1348
f 637/1372/1347 200/1373/1348 638/1374/1349
f 638/1374/1349 200/1373/1348 199/1375/1350
f 638/1374/1349 199/1375/1350 639/1376/1351
f 639/1376/1351 199/1375/1350 198/1377/1352
f 639/1376/1351 198/1377/1352 640/1378/1353
f 640/1378/1353 198/1377/1352 197/1379/1354
f 640/1378/1353 197/1379/1354 641/1380/1355
f 641/1380/1355 197/1379/1354 196/1381/1356
f 641/1380/1355 196/1381/1356 642/1382/1357
f 642/1382/1357 196/1381/1356 195/1383/1358
f 642/1382/1357 195/1383/1358 643/1384/1359
f 643/1384/1359 195/1383/1358 194/1385/1360
f 643/1384/1359 194/1385/1360 644/1386/1361
f 644/1386/1361 194/1385/1360 193/1387/1362
f 644/1386/1361 193/1387/1362 645/1338/1315
f 645/1338/1315 193/1387/1362 192/1339/1316
f 669/1388/1363 216/1389/1364 646/1390/1365
f 646/1390/1365 216/1389/1364 215/1391/1366
f 646/1392/1365 215/1393/1366 647/1394/1367
f 647/1394/1367 215/1393/1366 238/1395/1368
f 647/1394/1367 238/1395/1368 648/1396/1369
f 648/1396/1369 238/1395/1368 237/1397/1370
f 648/1396/1369 237/1397/1370 649/1398/1371
f 649/1398/1371 237/1397/1370 236/1399/1372
f 649/1398/1371 236/1399/1372 650/1400/1373
f 650/1400/1373 236/1399/1372 235/1401/1374
f 650/1400/1373 235/1401/1374 651/1402/1375
f 651/1402/1375 235/1401/1374 234/1403/1376
f 651/1402/1375 234/1403/1376 652/1404/1377
f 652/1404/1377 234/1403/1376 233/1405/1378
f 652/1404/1377 233/1405/1378 653/1406/1379
f 653/1406/1379 233/1405/1378 232/1407/1380
f 653/1406/1379 232/1407/1380 654/1408/1381
f 654/1408/1381 232/1407/1380 231/1409/1382
f 654/1408/1381 231/1409/1382 655/1410/1383
f 655/1410/1383 231/1409/1382 230/1411/1384
f 655/1410/1383 230/1411/1384 656/1412/1385
f 656/1412/1385 230/1411/1384 229/1413/1386
f 656/1412/1385 229/1413/1386 657/1414/1387
f 657/1414/1387 229/1413/1386 228/1415/1388
f 657/1414/1387 228/1415/1388 658/1416/1389
f 658/1416/1389 228/1415/1388 227/1417/1390
f 658/1416/1389 227/1417/1390 659/1418/1391
f 659/1418/1391 227/1417/1390 226/1419/1392
f 659/1418/1391 226/1419/1392 660/1420/1393
f 660/1420/1393 226/1419/1392 225/1421/1394
f 660/1420/1393 225/1421/1394 661/1422/1395
f 661/1422/1395 225/1421/1394 224/1423/1396
f 661/1422/1395 224/1423/1396 662/1424/1397
f 662/1424/1397 224/1423/1396 223/1425/1398
f 662/1424/1397 223/1425/1398 663/1426/1399
f 663/1426/1399 223/1425/1398 222/1427/1400
f 663/1426/1399 222/1427/1400 664/1428/1401
f 664/1428/1401 222/1427/1400 221/1429/1402
f 664/1428/1401 221/1429/1402 665/1430/1403
f 665/1430/1403 221/1429/1402 220/1431/1404
f 665/1430/1403 220/1431/1404 666/1432/1405
f 666/1432/1405 220/1431/1404 219/1433/1406
f 666/1432/1405 219/1433/1406 667/1434/1407
f 667/1434/1407 219/1433/1406 218/1435/1408
f 667/1434/1407 218/1435/1408 668/1436/1409
f 668/1436/1409 218/1435/1408 217/1437/1410
f 668/1436/1409 217/1437/1410 669/1388/1363
f 669/1388/1363 217/1437/1410 216/1389/1364
f 517/1438/1411 744/1439/1412 494/1440/1413
f 494/1440/1413 744/1439/1412 742/1441/1414
f 494/1442/1413 742/1443/1414 495/1444/1415
f 495/1444/1415 742/1443/1414 788/1445/1416
f 495/1444/1415 788/1445/1416 496/1446/1417
f 496/1446/1417 788/1445/1416 786/1447/1418
f 496/1446/1417 786/1447/1418 497/1448/1419
f 497/1448/1419 786/1447/1418 784/1449/1420
f 497/1448/1419 784/1449/1420 498/1450/1421
f 498/1450/1421 784/1449/1420 782/1451/1422
f 498/1450/1421 782/1451/1422 499/1452/1423
f 499/1452/1423 782/1451/1422 780/1453/1424
f 499/1452/1423 780/1453/1424 500/1454/1425
f 500/1454/1425 780/1453/1424 778/1455/1426
f 500/1454/1425 778/1455/1426 501/1456/1427
f 501/1456/1427 778/1455/1426 776/1457/1428
f 501/1456/1427 776/1457/1428 502/1458/1429
f 502/1458/1429 776/1457/1428 774/1459/1430
f 502/1458/1429 774/1459/1430 503/1460/1431
f 503/1460/1431 774/1459/1430 772/1461/1432
f 503/1460/1431 772/1461/1432 504/1462/1433
f 504/1462/1433 772/1461/1432 770/1463/1434
f 504/1462/1433 770/1463/1434 505/1464/1435
f 505/1464/1435 770/1463/1434 768/1465/1436
f 505/1464/1435 768/1465/1436 506/1466/1437
f 506/1466/1437 768/1465/1436 766/1467/1438
f 506/1466/1437 766/1467/1438 507/1468/1439
f 507/1468/1439 766/1467/1438 764/1469/1440
f 507/1468/1439 764/1469/1440 508/1470/1441
f 508/1470/1441 764/1469/1440 762/1471/1442
f 508/1470/1441 762/1471/1442 509/1472/1443
f 509/1472/1443 762/1471/1442 760/1473/1444
f 509/1472/1443 760/1473/1444 510/1474/1445
f 510/1474/1445 760/1473/1444 758/1475/1446
f 510/1474/1445 758/1475/1446 511/1476/1447
f 511/1476/1447 758/1475/1446 756/1477/1448
f 511/1476/1447 756/1477/1448 512/1478/1449
f 512/1478/1449 756/1477/1448 754/1479/1450
f 512/1478/1449 754/1479/1450 513/1480/1451
f 513/1480/1451 754/1479/1450 752/1481/1452
f 513/1480/1451 752/1481/1452 514/1482/1453
f 514/1482/1453 752/1481/1452 750/1483/1454
f 514/1482/1453 750/1483/1454 515/1484/1455
f 515/1484/1455 750/1483/1454 748/1485/1456
f 515/1484/1455 748/1485/1456 516/1486/1457
f 516/1486/1457 748/1485/1456 746/1487/1458
f 516/1486/1457 746/1487/1458 517/1438/1411
f 517/1438/1411 746/1487/1458 744/1439/1412
f 693/1488/1459 789/1489/1460 670/1490/1461
f 670/1490/1461 789/1489/1460 743/1491/1462
f 670/1492/1461 743/1493/1462 671/1494/1463
f 671/1494/1463 743/1493/1462 745/1495/1464
f 671/1494/1463 745/1495/1464 672/1496/1465
f 672/1496/1465 745/1495/1464 747/1497/1466
f 672/1496/1465 747/1497/1466 673/1498/1467
f 673/1498/1467 747/1497/1466 749/1499/1468
f 673/1498/1467 749/1499/1468 674/1500/1469
f 674/1500/1469 749/1499/1468 751/1501/1470
f 674/1500/1469 751/1501/1470 675/1502/1471
f 675/1502/1471 751/1501/1470 753/1503/1472
f 675/1502/1471 753/1503/1472 676/1504/1473
f 676/1504/1473 753/1503/1472 755/1505/1474
f 676/1504/1473 755/1505/1474 677/1506/1475
f 677/1506/1475 755/1505/1474 757/1507/1476
f 677/1506/1475 757/1507/1476 678/1508/1477
f 678/1508/1477 757/1507/1476 759/1509/1478
f 678/1508/1477 759/1509/1478 679/1510/1479
f 679/1510/1479 759/1509/1478 761/1511/1480
f 679/1510/1479 761/1511/1480 680/1512/1481
f 680/1512/1481 761/1511/1480 763/1513/1482
f 680/1512/1481 763/1513/1482 681/1514/1483
f 681/1514/1483 763/1513/1482 765/1515/1484
f 681/1514/1483 765/1515/1484 682/1516/1485
f 682/1516/1485 765/1515/1484 767/1517/1486
f 682/1516/1485 767/1517/1486 683/1518/1487
f 683/1518/1487 767/1517/1486 769/1519/1488
f 683/1518/1487 769/1519/1488 684/1520/1489
f 684/1520/1489 769/1519/1488 771/1521/1490
f 684/1520/1489 771/1521/1490 685/1522/1491
f 685/1522/1491 771/1521/1490 773/1523/1492
f 685/1522/1491 773/1523/1492 686/1524/1493
f 686/1524/1493 773/1523/1492 775/1525/1494
f 686/1524/1493 775/1525/1494 687/1526/1495
f 687/1526/1495 775/1525/1494 777/1527/1496
f 687/1526/1495 777/1527/1496 688/1528/1497
f 688/1528/1497 777/1527/1496 779/1529/1498
f 688/1528/1497 779/1529/1498 689/1530/1499
f 689/1530/1499 779/1529/1498 781/1531/1500
f 689/1530/1499 781/1531/1500 690/1532/1501
f 690/1532/1501 781/1531/1500 783/1533/1502
f 690/1532/1501 783/1533/1502 691/1534/1503
f 691/1534/1503 783/1533/1502 785/1535/1504
f 691/1534/1503 785/1535/1504 692/1536/1505
f 692/1536/1505 785/1535/1504 787/1537/1506
f 692/1536/1505 787/1537/1506 693/1488/1459
f 693/1488/1459 787/1537/1506 789/1489/1460
f 742/1443/1414 743/1491/1462 788/1445/1416
f 788/1445/1416 743/1491/1462 789/1489/1460
f 788/1445/1416 789/1489/1460 786/1447/1418
f 786/1447/1418 789/1489/1460 787/1537/1506
f 786/1447/1418 787/1537/1506 784/1449/1420
f 784/1449/1420 787/1537/1506 785/1535/1504
f 784/1449/1420 785/1535/1504 782/1451/1422
f 782/1451/1422 785/1535/1504 783/1533/1502
f 782/1451/1422 783/1533/1502 780/1453/1424
f 780/1453/1424 783/1533/1502 781/1531/1500
f 780/1453/1424 781/1531/1500 778/1455/1426
f 778/1455/1426 781/1531/1500 779/1529/1498
f 778/1455/1426 779/1529/1498 776/1457/1428
f 776/1457/1428 779/1529/1498 777/1527/1496
f 776/1457/1428 777/1527/1496 774/1459/1430
f 774/1459/1430 777/1527/1496 775/1525/1494
f 774/1459/1430 775/1525/1494 772/1461/1432
f 772/1461/1432 775/1525/1494 773/1523/1492
f 772/1461/1432 773/1523/1492 770/1463/1434
f 770/1463/1434 773/1523/1492 771/1521/1490
f 770/1463/1434 771/1521/1490 768/1465/1436
f 768/1465/1436 771/1521/1490 769/1519/1488
f 768/1465/1436 769/1519/1488 766/1467/1438
f 766/1467/1438 769/1519/1488 767/1517/1486
f 766/1467/1438 767/1517/1486 764/1469/1440
f 764/1469/1440 767/1517/1486 765/1515/1484
f 764/1469/1440 765/1515/1484 762/1471/1442
f 762/1471/1442 765/1515/1484 763/1513/1482
f 762/1471/1442 763/1513/1482 760/1473/1444
f 760/1473/1444 763/1513/1482 761/1511/1480
f 760/1473/1444 761/1511/1480 758/1475/1446
f 758/1475/1446 761/1511/1480 759/1509/1478
f 758/1475/1446 759/1509/1478 756/1477/1448
f 756/1477/1448 759/1509/1478 757/1507/1476
f 756/1477/1448 757/1507/1476 754/1479/1450
f 754/1479/1450 757/1507/1476 755/1505/1474
f 754/1479/1450 755/1505/1474 752/1481/1452
f 752/1481/1452 755/1505/1474 753/1503/1472
f 752/1481/1452 753/1503/1472 750/1483/1454
f 750/1483/1454 753/1503/1472 751/1501/1470
f 750/1483/1454 751/1501/1470 748/1485/1456
f 748/1485/1456 751/1501/1470 749/1499/1468
f 748/1485/1456 749/1499/1468 746/1487/1458
f 746/1487/1458 749/1499/1468 747/1497/1466
f 746/1487/1458 747/1497/1466 744/1439/1412
f 744/1439/1412 747/1497/1466 745/1495/1464
f 744/1439/1412 745/1495/1464 742/1441/1414
f 742/1441/1414 745/1495/1464 743/1493/1462
f 54/1538/1507 53/1539/1508 793/1540/1509
f 793/1540/1509 53/1539/1508 84/1541/1510
f 793/1540/1509 84/1541/1510 794/1542/1511
f 794/1542/1511 84/1541/1510 83/1543/1512
f 794/1542/1511 83/1543/1512 796/1544/1513
f 796/1544/1513 83/1543/1512 82/1545/1514
f 796/1544/1513 82/1545/1514 798/1546/1515
f 798/1546/1515 82/1545/1514 81/1547/1516
f 798/1546/1515 81/1547/1516 80/1548/1517
f 798/1546/1515 80/1548/1517 800/1549/1518
f 800/1549/1518 80/1548/1517 79/1550/1519
f 800/1549/1518 79/1550/1519 802/1551/1520
f 802/1551/1520 79/1550/1519 78/1552/1521
f 802/1551/1520 78/1552/1521 804/1553/1522
f 804/1553/1522 78/1552/1521 77/1554/1523
f 804/1553/1522 77/1554/1523 76/1555/1524
f 804/1553/1522 76/1555/1524 806/1556/1525
f 806/1556/1525 76/1555/1524 75/1557/1526
f 806/1556/1525 75/1557/1526 808/1558/1527
f 808/1558/1527 75/1557/1526 74/1559/1528
f 808/1558/1527 74/1559/1528 810/1560/1529
f 810/1560/1529 74/1559/1528 73/1561/1530
f 810/1560/1529 73/1561/1530 72/1562/1531
f 810/1560/1529 72/1562/1531 812/1563/1532
f 812/1563/1532 72/1562/1531 71/1564/1533
f 812/1563/1532 71/1564/1533 814/1565/1534
f 814/1565/1534 71/1564/1533 70/1566/1535
f 814/1565/1534 70/1566/1535 816/1567/1536
f 816/1567/1536 70/1566/1535 69/1568/1537
f 816/1567/1536 69/1568/1537 68/1569/1538
f 816/1567/1536 68/1569/1538 818/1570/1539
f 818/1570/1539 68/1569/1538 67/1571/1540
f 818/1570/1539 67/1571/1540 820/1572/1541
f 820/1572/1541 67/1571/1540 66/1573/1542
f 820/1572/1541 66/1573/1542 822/1574/1543
f 822/1574/1543 66/1573/1542 65/1575/1544
f 822/1574/1543 65/1575/1544 64/1576/1545
f 822/1574/1543 64/1576/1545 824/1577/1546
f 824/1577/1546 64/1576/1545 63/1578/1547
f 824/1577/1546 63/1578/1547 826/1579/1548
f 826/1579/1548 63/1578/1547 62/1580/1549
f 826/1579/1548 62/1580/1549 790/1581/1550
f 790/1581/1550 62/1580/1549 61/1582/1551
f 790/1583/1550 61/1584/1551 60/1585/1552
f 790/1583/1550 60/1585/1552 828/1586/1553
f 828/1586/1553 60/1585/1552 59/1587/1554
f 828/1586/1553 59/1587/1554 830/1588/1555
f 830/1588/1555 59/1587/1554 58/1589/1556
f 830/1588/1555 58/1589/1556 832/1590/1557
f 832/1590/1557 58/1589/1556 57/1591/1558
f 832/1590/1557 57/1591/1558 56/1592/1559
f 832/1590/1557 56/1592/1559 834/1593/1560
f 834/1593/1560 56/1592/1559 55/1594/1561
f 834/1593/1560 55/1594/1561 836/1595/1562
f 836/1595/1562 55/1594/1561 54/1538/1507
f 836/1595/1562 54/1538/1507 793/1540/1509
f 717/1596/1563 827/1597/1564 694/1598/1565
f 694/1598/1565 827/1597/1564 791/1599/1566
f 694/1600/1565 791/1601/1566 695/1602/1567
f 695/1602/1567 791/1601/1566 829/1603/1568
f 695/1602/1567 829/1603/1568 696/1604/1569
f 696/1604/1569 829/1603/1568 831/1605/1570
f 696/1604/1569 831/1605/1570 697/1606/1571
f 697/1606/1571 831/1605/1570 833/1607/1572
f 697/1606/1571 833/1607/1572 698/1608/1573
f 698/1608/1573 833/1607/1572 835/1609/1574
f 698/1608/1573 835/1609/1574 699/1610/1575
f 699/1610/1575 835/1609/1574 837/1611/1576
f 699/1610/1575 837/1611/1576 700/1612/1577
f 700/1612/1577 837/1611/1576 792/1613/1578
f 700/1612/1577 792/1613/1578 701/1614/1579
f 701/1614/1579 792/1613/1578 795/1615/1580
f 701/1614/1579 795/1615/1580 702/1616/1581
f 702/1616/1581 795/1615/1580 797/1617/1582
f 702/1616/1581 797/1617/1582 703/1618/1583
f 703/1618/1583 797/1617/1582 799/1619/1584
f 703/1618/1583 799/1619/1584 704/1620/1585
f 704/1620/1585 799/1619/1584 801/1621/1586
f 704/1620/1585 801/1621/1586 705/1622/1587
f 705/1622/1587 801/1621/1586 803/1623/1588
f 705/1622/1587 803/1623/1588 706/1624/1589
f 706/1624/1589 803/1623/1588 805/1625/1590
f 706/1624/1589 805/1625/1590 707/1626/1591
f 707/1626/1591 805/1625/1590 807/1627/1592
f 707/1626/1591 807/1627/1592 708/1628/1593
f 708/1628/1593 807/1627/1592 809/1629/1594
f 708/1628/1593 809/1629/1594 709/1630/1595
f 709/1630/1595 809/1629/1594 811/1631/1596
f 709/1630/1595 811/1631/1596 710/1632/1597
f 710/1632/1597 811/1631/1596 813/1633/1598
f 710/1632/1597 813/1633/1598 711/1634/1599
f 711/1634/1599 813/1633/1598 815/1635/1600
f 711/1634/1599 815/1635/1600 712/1636/1601
f 712/1636/1601 815/1635/1600 817/1637/1602
f 712/1636/1601 817/1637/1602 713/1638/1603
f 713/1638/1603 817/1637/1602 819/1639/1604
f 713/1638/1603 819/1639/1604 714/1640/1605
f 714/1640/1605 819/1639/1604 821/1641/1606
f 714/1640/1605 821/1641/1606 715/1642/1607
f 715/1642/1607 821/1641/1606 823/1643/1608
f 715/1642/1607 823/1643/1608 716/1644/1609
f 716/1644/1609 823/1643/1608 825/1645/1610
f 716/1644/1609 825/1645/1610 717/1596/1563
f 717/1596/1563 825/1645/1610 827/1597/1564
f 790/1581/1550 791/1599/1566 826/1579/1548
f 826/1579/1548 791/1599/1566 827/1597/1564
f 826/1579/1548 827/1597/1564 824/1577/1546
f 824/1577/1546 827/1597/1564 825/1645/1610
f 824/1577/1546 825/1645/1610 822/1574/1543
f 822/1574/1543 825/1645/1610 823/1643/1608
f 822/1574/1543 823/1643/1608 820/1572/1541
f 820/1572/1541 823/1643/1608 821/1641/1606
f 820/1572/1541 821/1641/1606 818/1570/1539
f 818/1570/1539 821/1641/1606 819/1639/1604
f 818/1570/1539 819/1639/1604 816/1567/1536
f 816/1567/1536 819/1639/1604 817/1637/1602
f 816/1567/1536 817/1637/1602 814/1565/1534
f 814/1565/1534 817/1637/1602 815/1635/1600
f 814/1565/1534 815/1635/1600 812/1563/1532
f 812/1563/1532 815/1635/1600 813/1633/1598
f 812/1563/1532 813/1633/1598 810/1560/1529
f 810/1560/1529 813/1633/1598 811/1631/1596
f 810/1560/1529 811/1631/1596 808/1558/1527
f 808/1558/1527 811/1631/1596 809/1629/1594
f 808/1558/1527 809/1629/1594 806/1556/1525
f 806/1556/1525 809/1629/1594 807/1627/1592
f 806/1556/1525 807/1627/1592 804/1553/1522
f 804/1553/1522 807/1627/1592 805/1625/1590
f 804/1553/1522 805/1625/1590 802/1551/1520
f 802/1551/1520 805/1625/1590 803/1623/1588
f 802/1551/1520 803/1623/1588 800/1549/1518
f 800/1549/1518 803/1623/1588 801/1621/1586
f 800/1549/1518 801/1621/1586 798/1546/1515
f 798/1546/1515 801/1621/1586 799/1619/1584
f 798/1546/1515 799/1619/1584 796/1544/1513
f 796/1544/1513 799/1619/1584 797/1617/1582
f 796/1544/1513 797/1617/1582 794/1542/1511
f 794/1542/1511 797/1617/1582 795/1615/1580
f 794/1542/1511 795/1615/1580 793/1540/1509
f 793/1540/1509 795/1615/1580 792/1613/1578
f 793/1540/1509 792/1613/1578 836/1595/1562
f 836/1595/1562 792/1613/1578 837/1611/1576
f 836/1595/1562 837/1611/1576 834/1593/1560
f 834/1593/1560 837/1611/1576 835/1609/1574
f 834/1593/1560 835/1609/1574 832/1590/1557
f 832/1590/1557 835/1609/1574 833/1607/1572
f 832/1590/1557 833/1607/1572 830/1588/1555
f 830/1588/1555 833/1607/1572 831/1605/1570
f 830/1588/1555 831/1605/1570 828/1586/1553
f 828/1586/1553 831/1605/1570 829/1603/1568
f 828/1586/1553 829/1603/1568 790/1583/1550
f 790/1583/1550 829/1603/1568 791/1601/1566
f 573/1646/1611 572/1647/1612 292/1648/1613
f 292/1648/1613 572/1647/1612 293/1649/1614
f 570/1650/1615 573/1651/1616 291/1652/1617
f 291/1652/1617 573/1651/1616 292/1653/1618
f 545/1654/1619 544/1655/1620 288/1656/1621
f 288/1656/1621 544/1655/1620 289/1657/1622
f 542/1658/1623 545/1659/1624 287/1660/1625
f 287/1660/1625 545/1659/1624 288/1661/1626
f 549/1662/1627 548/1663/1628 284/1664/1629
f 284/1664/1629 548/1663/1628 285/1665/1630
f 546/1666/1631 549/1667/1632 283/1668/1633
f 283/1668/1633 549/1667/1632 284/1669/1634
f 569/1670/1635 568/1671/1636 280/1672/1637
f 280/1672/1637 568/1671/1636 281/1673/1638
f 566/1674/1639 569/1675/1640 279/1676/1641
f 279/1676/1641 569/1675/1640 280/1677/1642
f 555/1678/1643 554/1679/1644 276/1680/1645
f 276/1680/1645 554/1679/1644 277/1681/1646
f 556/1682/1647 555/1683/1648 275/1684/1649
f 275/1684/1649 555/1683/1648 276/1685/1650
f 553/1686/1651 552/1687/1652 272/1688/1653
f 272/1688/1653 552/1687/1652 273/1689/1654
f 550/1690/1655 553/1691/1656 271/1692/1657
f 271/1692/1657 553/1691/1656 272/1693/1658
f 561/1694/1659 560/1695/1660 268/1696/1661
f 268/1696/1661 560/1695/1660 269/1697/1662
f 558/1698/1663 561/1699/1664 267/1700/1665
f 267/1700/1665 561/1699/1664 268/1701/1666
f 565/1702/1667 564/1703/1668 264/1704/1669
f 264/1704/1669 564/1703/1668 265/1705/1670
f 562/1706/1671 565/1707/1672 263/1708/1673
f 263/1708/1673 565/1707/1672 264/1709/1674
f 568/1710/1675 567/1711/1676 281/1712/1677
f 281/1712/1677 567/1711/1676 282/1713/1678
f 567/1714/1679 566/1715/1680 282/1716/1681
f 282/1716/1681 566/1715/1680 279/1717/1682
f 560/1718/1683 559/1719/1684 269/1720/1685
f 269/1720/1685 559/1719/1684 270/1721/1686
f 559/1722/1687 558/1723/1688 270/1724/1689
f 270/1724/1689 558/1723/1688 267/1725/1690
f 548/1726/1691 547/1727/1692 285/1728/1693
f 285/1728/1693 547/1727/1692 286/1729/1694
f 547/1730/1695 546/1731/1696 286/1732/1697
f 286/1732/1697 546/1731/1696 283/1733/1698
f 544/1734/1699 543/1735/1700 289/1736/1701
f 289/1736/1701 543/1735/1700 290/1737/1702
f 543/1738/1703 542/1739/1704 290/1740/1705
f 290/1740/1705 542/1739/1704 287/1741/1706
f 552/1742/1707 551/1743/1708 273/1744/1709
f 273/1744/1709 551/1743/1708 274/1745/1710
f 551/1746/1711 550/1747/1712 274/1748/1713
f 274/1748/1713 550/1747/1712 271/1749/1714
f 564/1750/1715 563/1751/1716 265/1752/1717
f 265/1752/1717 563/1751/1716 266/1753/1718
f 563/1754/1719 562/1755/1720 266/1756/1721
f 266/1756/1721 562/1755/1720 263/1757/1722
f 572/1758/1723 571/1759/1724 293/1760/1725
f 293/1760/1725 571/1759/1724 294/1761/1726
f 571/1762/1727 570/1763/1728 294/1764/1729
f 294/1764/1729 570/1763/1728 291/1765/1730
f 557/1766/1731 556/1767/1732 278/1768/1733
f 278/1768/1733 556/1767/1732 275/1769/1734
f 554/1770/1735 557/1771/1736 277/1772/1737
f 277/1772/1737 557/1771/1736 278/1773/1738
f 528/1774/1194 373/1775/1739 322/1776/1193
f 322/1776/1193 373/1775/1739 48/1777/1740
f 322/1776/1193 48/1777/1740 47/1778/1741
f 47/1778/1741 323/1779/1742 322/1776/1193
# 837 vertices
# 1779 texture params
# 1742 normals
# 1758 facets

# 1 groups
